Copyright 1986-2020 Xilinx, Inc. All Rights Reserved.
------------------------------------------------------------------------------------------------
| Tool Version : Vivado v.2020.2 (win64) Build 3064766 Wed Nov 18 09:12:45 MST 2020
| Date         : Tue Aug 11 22:32:38 2026
| Host         : DESKTOP-7CFQ9ND running 64-bit major release  (build 9200)
| Command      : report_timing -delay_type max -max_paths 10 -sort_by group -file wns_paths.rpt
| Design       : system_wrapper
| Device       : 7z020-clg400
| Speed File   : -1  PRODUCTION 1.12 2019-11-22
------------------------------------------------------------------------------------------------

Timing Report

Slack (VIOLATED) :        -2.450ns  (required time - arrival time)
  Source:                 dphy_data_hs_n[1]
                            (input port clocked by dphy_hs_clock_p  {rise@0.000ns fall@2.380ns period=4.761ns})
  Destination:            system_i/MIPI_D_PHY_RX_0/U0/DataLaneGen[1].DPHY_LaneSFEN_X/HSDeserializerX/Deserializer/DDLY
                            (falling edge-triggered cell ISERDESE2 clocked by dphy_hs_clock_p  {rise@0.000ns fall@2.380ns period=4.761ns})
  Path Group:             dphy_hs_clock_p
  Path Type:              Setup (Max at Fast Process Corner)
  Requirement:            2.380ns  (dphy_hs_clock_p fall@2.380ns - dphy_hs_clock_p rise@0.000ns)
  Data Path Delay:        1.853ns  (logic 1.853ns (100.000%)  route 0.000ns (0.000%))
  Logic Levels:           2  (IBUFDS=1 IDELAYE2=1)
  Input Delay:            4.250ns
  Clock Path Skew:        1.364ns (DCD - SCD + CPR)
    Destination Clock Delay (DCD):    1.364ns = ( 3.744 - 2.380 ) 
    Source Clock Delay      (SCD):    0.000ns
    Clock Pessimism Removal (CPR):    0.000ns
  Clock Uncertainty:      0.035ns  ((TSJ^2 + TIJ^2)^1/2 + DJ) / 2 + PE
    Total System Jitter     (TSJ):    0.071ns
    Total Input Jitter      (TIJ):    0.000ns
    Discrete Jitter          (DJ):    0.000ns
    Phase Error              (PE):    0.000ns

    Location             Delay type                Incr(ns)  Path(ns)    Netlist Resource(s)
  -------------------------------------------------------------------    -------------------
                         (clock dphy_hs_clock_p rise edge)
                                                      0.000     0.000 r  
                         input delay                  4.250     4.250    
    L17                                               0.000     4.250 f  dphy_data_hs_n[1] (IN)
                         net (fo=0)                   0.000     4.250    system_i/MIPI_D_PHY_RX_0/U0/DataLaneGen[1].InputBufferDataX/dphy_data_hs_n[0]
    L16                  IBUFDS (Prop_ibufds_IB_O)    0.497     4.747 r  system_i/MIPI_D_PHY_RX_0/U0/DataLaneGen[1].InputBufferDataX/LaneHighSpeed/O
                         net (fo=1, routed)           0.000     4.747    system_i/MIPI_D_PHY_RX_0/U0/DataLaneGen[1].DPHY_LaneSFEN_X/HSDeserializerX/aHS
    IDELAY_X1Y128        IDELAYE2 (Prop_idelaye2_IDATAIN_DATAOUT)
                                                      1.356     6.103 r  system_i/MIPI_D_PHY_RX_0/U0/DataLaneGen[1].DPHY_LaneSFEN_X/HSDeserializerX/InputDelay/DATAOUT
                         net (fo=1, routed)           0.000     6.103    system_i/MIPI_D_PHY_RX_0/U0/DataLaneGen[1].DPHY_LaneSFEN_X/HSDeserializerX/DataInDly
    ILOGIC_X1Y128        ISERDESE2                                    r  system_i/MIPI_D_PHY_RX_0/U0/DataLaneGen[1].DPHY_LaneSFEN_X/HSDeserializerX/Deserializer/DDLY
  -------------------------------------------------------------------    -------------------

                         (clock dphy_hs_clock_p fall edge)
                                                      2.380     2.380 f  
    J18                                               0.000     2.380 f  dphy_hs_clock_clk_p (IN)
                         net (fo=0)                   0.000     2.380    system_i/MIPI_D_PHY_RX_0/U0/ClockInputBuffer/dphy_clk_hs_p
    J18                  IBUFDS (Prop_ibufds_I_O)     0.372     2.752 f  system_i/MIPI_D_PHY_RX_0/U0/ClockInputBuffer/LaneHighSpeed/O
                         net (fo=1, routed)           0.000     2.752    system_i/MIPI_D_PHY_RX_0/U0/ClockLane/HSClockingX/aHS
    IDELAY_X1Y122        IDELAYE2 (Prop_idelaye2_IDATAIN_DATAOUT)
                                                      0.244     2.996 f  system_i/MIPI_D_PHY_RX_0/U0/ClockLane/HSClockingX/InputDelay/DATAOUT
                         net (fo=2, routed)           0.179     3.175    system_i/MIPI_D_PHY_RX_0/U0/ClockLane/HSClockingX/HS_ClockDly
    BUFIO_X1Y8           BUFIO (Prop_bufio_I_O)       0.483     3.658 f  system_i/MIPI_D_PHY_RX_0/U0/ClockLane/HSClockingX/SerialClkBuffer/O
                         net (fo=12, routed)          0.086     3.744    system_i/MIPI_D_PHY_RX_0/U0/DataLaneGen[1].DPHY_LaneSFEN_X/HSDeserializerX/CLKB
    ILOGIC_X1Y128        ISERDESE2                                    r  system_i/MIPI_D_PHY_RX_0/U0/DataLaneGen[1].DPHY_LaneSFEN_X/HSDeserializerX/Deserializer/CLKB  (IS_INVERTED)
                         clock pessimism              0.000     3.744    
                         clock uncertainty           -0.035     3.709    
    ILOGIC_X1Y128        ISERDESE2 (Setup_iserdese2_CLKB_DDLY)
                                                     -0.056     3.653    system_i/MIPI_D_PHY_RX_0/U0/DataLaneGen[1].DPHY_LaneSFEN_X/HSDeserializerX/Deserializer
  -------------------------------------------------------------------
                         required time                          3.653    
                         arrival time                          -6.103    
  -------------------------------------------------------------------
                         slack                                 -2.450    

Slack (VIOLATED) :        -2.411ns  (required time - arrival time)
  Source:                 dphy_data_hs_n[0]
                            (input port clocked by dphy_hs_clock_p  {rise@0.000ns fall@2.380ns period=4.761ns})
  Destination:            system_i/MIPI_D_PHY_RX_0/U0/DataLaneGen[0].DPHY_LaneSFEN_X/HSDeserializerX/Deserializer/DDLY
                            (falling edge-triggered cell ISERDESE2 clocked by dphy_hs_clock_p  {rise@0.000ns fall@2.380ns period=4.761ns})
  Path Group:             dphy_hs_clock_p
  Path Type:              Setup (Max at Fast Process Corner)
  Requirement:            2.380ns  (dphy_hs_clock_p fall@2.380ns - dphy_hs_clock_p rise@0.000ns)
  Data Path Delay:        1.822ns  (logic 1.822ns (100.000%)  route 0.000ns (0.000%))
  Logic Levels:           2  (IBUFDS=1 IDELAYE2=1)
  Input Delay:            4.250ns
  Clock Path Skew:        1.372ns (DCD - SCD + CPR)
    Destination Clock Delay (DCD):    1.372ns = ( 3.752 - 2.380 ) 
    Source Clock Delay      (SCD):    0.000ns
    Clock Pessimism Removal (CPR):    0.000ns
  Clock Uncertainty:      0.035ns  ((TSJ^2 + TIJ^2)^1/2 + DJ) / 2 + PE
    Total System Jitter     (TSJ):    0.071ns
    Total Input Jitter      (TIJ):    0.000ns
    Discrete Jitter          (DJ):    0.000ns
    Phase Error              (PE):    0.000ns

    Location             Delay type                Incr(ns)  Path(ns)    Netlist Resource(s)
  -------------------------------------------------------------------    -------------------
                         (clock dphy_hs_clock_p rise edge)
                                                      0.000     0.000 r  
                         input delay                  4.250     4.250    
    M20                                               0.000     4.250 f  dphy_data_hs_n[0] (IN)
                         net (fo=0)                   0.000     4.250    system_i/MIPI_D_PHY_RX_0/U0/DataLaneGen[0].InputBufferDataX/dphy_data_hs_n[0]
    M19                  IBUFDS (Prop_ibufds_IB_O)    0.466     4.716 r  system_i/MIPI_D_PHY_RX_0/U0/DataLaneGen[0].InputBufferDataX/LaneHighSpeed/O
                         net (fo=1, routed)           0.000     4.716    system_i/MIPI_D_PHY_RX_0/U0/DataLaneGen[0].DPHY_LaneSFEN_X/HSDeserializerX/aHS
    IDELAY_X1Y136        IDELAYE2 (Prop_idelaye2_IDATAIN_DATAOUT)
                                                      1.356     6.072 r  system_i/MIPI_D_PHY_RX_0/U0/DataLaneGen[0].DPHY_LaneSFEN_X/HSDeserializerX/InputDelay/DATAOUT
                         net (fo=1, routed)           0.000     6.072    system_i/MIPI_D_PHY_RX_0/U0/DataLaneGen[0].DPHY_LaneSFEN_X/HSDeserializerX/DataInDly
    ILOGIC_X1Y136        ISERDESE2                                    r  system_i/MIPI_D_PHY_RX_0/U0/DataLaneGen[0].DPHY_LaneSFEN_X/HSDeserializerX/Deserializer/DDLY
  -------------------------------------------------------------------    -------------------

                         (clock dphy_hs_clock_p fall edge)
                                                      2.380     2.380 f  
    J18                                               0.000     2.380 f  dphy_hs_clock_clk_p (IN)
                         net (fo=0)                   0.000     2.380    system_i/MIPI_D_PHY_RX_0/U0/ClockInputBuffer/dphy_clk_hs_p
    J18                  IBUFDS (Prop_ibufds_I_O)     0.372     2.752 f  system_i/MIPI_D_PHY_RX_0/U0/ClockInputBuffer/LaneHighSpeed/O
                         net (fo=1, routed)           0.000     2.752    system_i/MIPI_D_PHY_RX_0/U0/ClockLane/HSClockingX/aHS
    IDELAY_X1Y122        IDELAYE2 (Prop_idelaye2_IDATAIN_DATAOUT)
                                                      0.244     2.996 f  system_i/MIPI_D_PHY_RX_0/U0/ClockLane/HSClockingX/InputDelay/DATAOUT
                         net (fo=2, routed)           0.179     3.175    system_i/MIPI_D_PHY_RX_0/U0/ClockLane/HSClockingX/HS_ClockDly
    BUFIO_X1Y8           BUFIO (Prop_bufio_I_O)       0.483     3.658 f  system_i/MIPI_D_PHY_RX_0/U0/ClockLane/HSClockingX/SerialClkBuffer/O
                         net (fo=12, routed)          0.094     3.752    system_i/MIPI_D_PHY_RX_0/U0/DataLaneGen[0].DPHY_LaneSFEN_X/HSDeserializerX/CLKB
    ILOGIC_X1Y136        ISERDESE2                                    r  system_i/MIPI_D_PHY_RX_0/U0/DataLaneGen[0].DPHY_LaneSFEN_X/HSDeserializerX/Deserializer/CLKB  (IS_INVERTED)
                         clock pessimism              0.000     3.752    
                         clock uncertainty           -0.035     3.717    
    ILOGIC_X1Y136        ISERDESE2 (Setup_iserdese2_CLKB_DDLY)
                                                     -0.056     3.661    system_i/MIPI_D_PHY_RX_0/U0/DataLaneGen[0].DPHY_LaneSFEN_X/HSDeserializerX/Deserializer
  -------------------------------------------------------------------
                         required time                          3.661    
                         arrival time                          -6.072    
  -------------------------------------------------------------------
                         slack                                 -2.411    

Slack (MET) :             0.083ns  (required time - arrival time)
  Source:                 system_i/CNN_accelerator_1/U0/U_conv/U_CONV_CONTROLLER/input_channels_reg_reg[4]/C
                            (rising edge-triggered cell FDRE clocked by clk_out2_system_clk_wiz_0_0  {rise@0.000ns fall@5.000ns period=10.000ns})
  Destination:            system_i/CNN_accelerator_1/U0/U_padding/padded_data_raddr_reg_reg[0]/R
                            (rising edge-triggered cell FDRE clocked by clk_out2_system_clk_wiz_0_0  {rise@0.000ns fall@5.000ns period=10.000ns})
  Path Group:             clk_out2_system_clk_wiz_0_0
  Path Type:              Setup (Max at Slow Process Corner)
  Requirement:            10.000ns  (clk_out2_system_clk_wiz_0_0 rise@10.000ns - clk_out2_system_clk_wiz_0_0 rise@0.000ns)
  Data Path Delay:        9.307ns  (logic 1.572ns (16.890%)  route 7.735ns (83.110%))
  Logic Levels:           9  (LUT3=2 LUT4=2 LUT5=1 LUT6=4)
  Clock Path Skew:        -0.099ns (DCD - SCD + CPR)
    Destination Clock Delay (DCD):    6.232ns = ( 16.232 - 10.000 ) 
    Source Clock Delay      (SCD):    6.833ns
    Clock Pessimism Removal (CPR):    0.501ns
  Clock Uncertainty:      0.081ns  ((TSJ^2 + DJ^2)^1/2) / 2 + PE
    Total System Jitter     (TSJ):    0.071ns
    Discrete Jitter          (DJ):    0.146ns
    Phase Error              (PE):    0.000ns

    Location             Delay type                Incr(ns)  Path(ns)    Netlist Resource(s)
  -------------------------------------------------------------------    -------------------
                         (clock clk_out2_system_clk_wiz_0_0 rise edge)
                                                      0.000     0.000 r  
    PS7_X0Y0             PS7                          0.000     0.000 r  system_i/processing_system7_0/inst/PS7_i/FCLKCLK[0]
                         net (fo=1, routed)           1.193     1.193    system_i/clk_wiz_0/inst/lopt
    BUFGCTRL_X0Y16       BUFG (Prop_bufg_I_O)         0.101     1.294 r  system_i/clk_wiz_0/inst/clkin1_bufg/O
                         net (fo=1, routed)           1.806     3.100    system_i/clk_wiz_0/inst/clk_in1_system_clk_wiz_0_0
    MMCME2_ADV_X1Y0      MMCME2_ADV (Prop_mmcme2_adv_CLKIN1_CLKOUT1)
                                                      0.088     3.188 r  system_i/clk_wiz_0/inst/mmcm_adv_inst/CLKOUT1
                         net (fo=1, routed)           1.889     5.077    system_i/clk_wiz_0/inst/clk_out2_system_clk_wiz_0_0
    BUFGCTRL_X0Y0        BUFG (Prop_bufg_I_O)         0.101     5.178 r  system_i/clk_wiz_0/inst/clkout2_buf/O
                         net (fo=28627, routed)       1.655     6.833    system_i/CNN_accelerator_1/U0/U_conv/U_CONV_CONTROLLER/sysclk
    SLICE_X33Y55         FDRE                                         r  system_i/CNN_accelerator_1/U0/U_conv/U_CONV_CONTROLLER/input_channels_reg_reg[4]/C
  -------------------------------------------------------------------    -------------------
    SLICE_X33Y55         FDRE (Prop_fdre_C_Q)         0.456     7.289 r  system_i/CNN_accelerator_1/U0/U_conv/U_CONV_CONTROLLER/input_channels_reg_reg[4]/Q
                         net (fo=19, routed)          0.639     7.928    system_i/CNN_accelerator_1/U0/U_conv/U_CONV_CONTROLLER/input_channels_reg[4]
    SLICE_X34Y54         LUT3 (Prop_lut3_I2_O)        0.124     8.052 r  system_i/CNN_accelerator_1/U0/U_conv/U_CONV_CONTROLLER/tile_mem[13][7]_i_7/O
                         net (fo=8, routed)           0.656     8.707    system_i/CNN_accelerator_1/U0/U_conv/U_CONV_CONTROLLER/tile_mem[13][7]_i_7_n_0
    SLICE_X38Y56         LUT6 (Prop_lut6_I5_O)        0.124     8.831 f  system_i/CNN_accelerator_1/U0/U_conv/U_CONV_CONTROLLER/tile_mem[13][7]_i_4/O
                         net (fo=149, routed)         0.870     9.701    system_i/CNN_accelerator_1/U0/U_conv/U_CONV_CONTROLLER/shift_reuse_horizontal
    SLICE_X53Y53         LUT6 (Prop_lut6_I3_O)        0.124     9.825 r  system_i/CNN_accelerator_1/U0/U_conv/U_CONV_CONTROLLER/padded_data_raddr_reg0_carry__0_i_13/O
                         net (fo=3, routed)           0.646    10.471    system_i/CNN_accelerator_1/U0/U_conv/U_CONV_CONTROLLER/padded_data_raddr_reg0_carry__0_i_13_n_0
    SLICE_X55Y52         LUT4 (Prop_lut4_I2_O)        0.124    10.595 f  system_i/CNN_accelerator_1/U0/U_conv/U_CONV_CONTROLLER/padded_data_raddr_reg0_carry__0_i_14/O
                         net (fo=9, routed)           1.065    11.660    system_i/CNN_accelerator_1/U0/U_conv/U_CONV_CONTROLLER/pool_x_reg_reg[6]_0
    SLICE_X53Y53         LUT3 (Prop_lut3_I1_O)        0.124    11.784 f  system_i/CNN_accelerator_1/U0/U_conv/U_CONV_CONTROLLER/padded_img_raddr_reg[13]_i_12/O
                         net (fo=1, routed)           0.402    12.186    system_i/CNN_accelerator_1/U0/U_conv/U_CONV_CONTROLLER/padded_img_raddr_reg[13]_i_12_n_0
    SLICE_X53Y53         LUT6 (Prop_lut6_I4_O)        0.124    12.310 r  system_i/CNN_accelerator_1/U0/U_conv/U_CONV_CONTROLLER/padded_img_raddr_reg[13]_i_11/O
                         net (fo=1, routed)           0.487    12.797    system_i/CNN_accelerator_1/U0/U_conv/U_CONV_CONTROLLER/padded_img_raddr_reg[13]_i_11_n_0
    SLICE_X55Y53         LUT5 (Prop_lut5_I1_O)        0.124    12.921 r  system_i/CNN_accelerator_1/U0/U_conv/U_CONV_CONTROLLER/padded_img_raddr_reg[13]_i_6/O
                         net (fo=1, routed)           0.305    13.226    system_i/CNN_accelerator_1/U0/U_CNN_acc_controller/padded_data_raddr_reg_reg[15]_0
    SLICE_X56Y53         LUT6 (Prop_lut6_I4_O)        0.124    13.350 r  system_i/CNN_accelerator_1/U0/U_CNN_acc_controller/padded_img_raddr_reg[13]_i_2/O
                         net (fo=3, routed)           1.289    14.639    system_i/CNN_accelerator_1/U0/U_CNN_acc_controller/padded_img_raddr_reg[13]_i_2_n_0
    SLICE_X34Y59         LUT4 (Prop_lut4_I3_O)        0.124    14.763 r  system_i/CNN_accelerator_1/U0/U_CNN_acc_controller/padded_data_raddr_reg[15]_i_1/O
                         net (fo=16, routed)          1.377    16.140    system_i/CNN_accelerator_1/U0/U_padding/padded_data_raddr_reg_reg[15]_2[0]
    SLICE_X60Y58         FDRE                                         r  system_i/CNN_accelerator_1/U0/U_padding/padded_data_raddr_reg_reg[0]/R
  -------------------------------------------------------------------    -------------------

                         (clock clk_out2_system_clk_wiz_0_0 rise edge)
                                                     10.000    10.000 r  
    PS7_X0Y0             PS7                          0.000    10.000 r  system_i/processing_system7_0/inst/PS7_i/FCLKCLK[0]
                         net (fo=1, routed)           1.088    11.088    system_i/clk_wiz_0/inst/lopt
    BUFGCTRL_X0Y16       BUFG (Prop_bufg_I_O)         0.091    11.179 r  system_i/clk_wiz_0/inst/clkin1_bufg/O
                         net (fo=1, routed)           1.612    12.792    system_i/clk_wiz_0/inst/clk_in1_system_clk_wiz_0_0
    MMCME2_ADV_X1Y0      MMCME2_ADV (Prop_mmcme2_adv_CLKIN1_CLKOUT1)
                                                      0.083    12.875 r  system_i/clk_wiz_0/inst/mmcm_adv_inst/CLKOUT1
                         net (fo=1, routed)           1.725    14.600    system_i/clk_wiz_0/inst/clk_out2_system_clk_wiz_0_0
    BUFGCTRL_X0Y0        BUFG (Prop_bufg_I_O)         0.091    14.691 r  system_i/clk_wiz_0/inst/clkout2_buf/O
                         net (fo=28627, routed)       1.542    16.232    system_i/CNN_accelerator_1/U0/U_padding/sysclk
    SLICE_X60Y58         FDRE                                         r  system_i/CNN_accelerator_1/U0/U_padding/padded_data_raddr_reg_reg[0]/C
                         clock pessimism              0.501    16.734    
                         clock uncertainty           -0.081    16.653    
    SLICE_X60Y58         FDRE (Setup_fdre_C_R)       -0.429    16.224    system_i/CNN_accelerator_1/U0/U_padding/padded_data_raddr_reg_reg[0]
  -------------------------------------------------------------------
                         required time                         16.224    
                         arrival time                         -16.140    
  -------------------------------------------------------------------
                         slack                                  0.083    

Slack (MET) :             0.083ns  (required time - arrival time)
  Source:                 system_i/CNN_accelerator_1/U0/U_conv/U_CONV_CONTROLLER/input_channels_reg_reg[4]/C
                            (rising edge-triggered cell FDRE clocked by clk_out2_system_clk_wiz_0_0  {rise@0.000ns fall@5.000ns period=10.000ns})
  Destination:            system_i/CNN_accelerator_1/U0/U_padding/padded_data_raddr_reg_reg[1]/R
                            (rising edge-triggered cell FDRE clocked by clk_out2_system_clk_wiz_0_0  {rise@0.000ns fall@5.000ns period=10.000ns})
  Path Group:             clk_out2_system_clk_wiz_0_0
  Path Type:              Setup (Max at Slow Process Corner)
  Requirement:            10.000ns  (clk_out2_system_clk_wiz_0_0 rise@10.000ns - clk_out2_system_clk_wiz_0_0 rise@0.000ns)
  Data Path Delay:        9.307ns  (logic 1.572ns (16.890%)  route 7.735ns (83.110%))
  Logic Levels:           9  (LUT3=2 LUT4=2 LUT5=1 LUT6=4)
  Clock Path Skew:        -0.099ns (DCD - SCD + CPR)
    Destination Clock Delay (DCD):    6.232ns = ( 16.232 - 10.000 ) 
    Source Clock Delay      (SCD):    6.833ns
    Clock Pessimism Removal (CPR):    0.501ns
  Clock Uncertainty:      0.081ns  ((TSJ^2 + DJ^2)^1/2) / 2 + PE
    Total System Jitter     (TSJ):    0.071ns
    Discrete Jitter          (DJ):    0.146ns
    Phase Error              (PE):    0.000ns

    Location             Delay type                Incr(ns)  Path(ns)    Netlist Resource(s)
  -------------------------------------------------------------------    -------------------
                         (clock clk_out2_system_clk_wiz_0_0 rise edge)
                                                      0.000     0.000 r  
    PS7_X0Y0             PS7                          0.000     0.000 r  system_i/processing_system7_0/inst/PS7_i/FCLKCLK[0]
                         net (fo=1, routed)           1.193     1.193    system_i/clk_wiz_0/inst/lopt
    BUFGCTRL_X0Y16       BUFG (Prop_bufg_I_O)         0.101     1.294 r  system_i/clk_wiz_0/inst/clkin1_bufg/O
                         net (fo=1, routed)           1.806     3.100    system_i/clk_wiz_0/inst/clk_in1_system_clk_wiz_0_0
    MMCME2_ADV_X1Y0      MMCME2_ADV (Prop_mmcme2_adv_CLKIN1_CLKOUT1)
                                                      0.088     3.188 r  system_i/clk_wiz_0/inst/mmcm_adv_inst/CLKOUT1
                         net (fo=1, routed)           1.889     5.077    system_i/clk_wiz_0/inst/clk_out2_system_clk_wiz_0_0
    BUFGCTRL_X0Y0        BUFG (Prop_bufg_I_O)         0.101     5.178 r  system_i/clk_wiz_0/inst/clkout2_buf/O
                         net (fo=28627, routed)       1.655     6.833    system_i/CNN_accelerator_1/U0/U_conv/U_CONV_CONTROLLER/sysclk
    SLICE_X33Y55         FDRE                                         r  system_i/CNN_accelerator_1/U0/U_conv/U_CONV_CONTROLLER/input_channels_reg_reg[4]/C
  -------------------------------------------------------------------    -------------------
    SLICE_X33Y55         FDRE (Prop_fdre_C_Q)         0.456     7.289 r  system_i/CNN_accelerator_1/U0/U_conv/U_CONV_CONTROLLER/input_channels_reg_reg[4]/Q
                         net (fo=19, routed)          0.639     7.928    system_i/CNN_accelerator_1/U0/U_conv/U_CONV_CONTROLLER/input_channels_reg[4]
    SLICE_X34Y54         LUT3 (Prop_lut3_I2_O)        0.124     8.052 r  system_i/CNN_accelerator_1/U0/U_conv/U_CONV_CONTROLLER/tile_mem[13][7]_i_7/O
                         net (fo=8, routed)           0.656     8.707    system_i/CNN_accelerator_1/U0/U_conv/U_CONV_CONTROLLER/tile_mem[13][7]_i_7_n_0
    SLICE_X38Y56         LUT6 (Prop_lut6_I5_O)        0.124     8.831 f  system_i/CNN_accelerator_1/U0/U_conv/U_CONV_CONTROLLER/tile_mem[13][7]_i_4/O
                         net (fo=149, routed)         0.870     9.701    system_i/CNN_accelerator_1/U0/U_conv/U_CONV_CONTROLLER/shift_reuse_horizontal
    SLICE_X53Y53         LUT6 (Prop_lut6_I3_O)        0.124     9.825 r  system_i/CNN_accelerator_1/U0/U_conv/U_CONV_CONTROLLER/padded_data_raddr_reg0_carry__0_i_13/O
                         net (fo=3, routed)           0.646    10.471    system_i/CNN_accelerator_1/U0/U_conv/U_CONV_CONTROLLER/padded_data_raddr_reg0_carry__0_i_13_n_0
    SLICE_X55Y52         LUT4 (Prop_lut4_I2_O)        0.124    10.595 f  system_i/CNN_accelerator_1/U0/U_conv/U_CONV_CONTROLLER/padded_data_raddr_reg0_carry__0_i_14/O
                         net (fo=9, routed)           1.065    11.660    system_i/CNN_accelerator_1/U0/U_conv/U_CONV_CONTROLLER/pool_x_reg_reg[6]_0
    SLICE_X53Y53         LUT3 (Prop_lut3_I1_O)        0.124    11.784 f  system_i/CNN_accelerator_1/U0/U_conv/U_CONV_CONTROLLER/padded_img_raddr_reg[13]_i_12/O
                         net (fo=1, routed)           0.402    12.186    system_i/CNN_accelerator_1/U0/U_conv/U_CONV_CONTROLLER/padded_img_raddr_reg[13]_i_12_n_0
    SLICE_X53Y53         LUT6 (Prop_lut6_I4_O)        0.124    12.310 r  system_i/CNN_accelerator_1/U0/U_conv/U_CONV_CONTROLLER/padded_img_raddr_reg[13]_i_11/O
                         net (fo=1, routed)           0.487    12.797    system_i/CNN_accelerator_1/U0/U_conv/U_CONV_CONTROLLER/padded_img_raddr_reg[13]_i_11_n_0
    SLICE_X55Y53         LUT5 (Prop_lut5_I1_O)        0.124    12.921 r  system_i/CNN_accelerator_1/U0/U_conv/U_CONV_CONTROLLER/padded_img_raddr_reg[13]_i_6/O
                         net (fo=1, routed)           0.305    13.226    system_i/CNN_accelerator_1/U0/U_CNN_acc_controller/padded_data_raddr_reg_reg[15]_0
    SLICE_X56Y53         LUT6 (Prop_lut6_I4_O)        0.124    13.350 r  system_i/CNN_accelerator_1/U0/U_CNN_acc_controller/padded_img_raddr_reg[13]_i_2/O
                         net (fo=3, routed)           1.289    14.639    system_i/CNN_accelerator_1/U0/U_CNN_acc_controller/padded_img_raddr_reg[13]_i_2_n_0
    SLICE_X34Y59         LUT4 (Prop_lut4_I3_O)        0.124    14.763 r  system_i/CNN_accelerator_1/U0/U_CNN_acc_controller/padded_data_raddr_reg[15]_i_1/O
                         net (fo=16, routed)          1.377    16.140    system_i/CNN_accelerator_1/U0/U_padding/padded_data_raddr_reg_reg[15]_2[0]
    SLICE_X60Y58         FDRE                                         r  system_i/CNN_accelerator_1/U0/U_padding/padded_data_raddr_reg_reg[1]/R
  -------------------------------------------------------------------    -------------------

                         (clock clk_out2_system_clk_wiz_0_0 rise edge)
                                                     10.000    10.000 r  
    PS7_X0Y0             PS7                          0.000    10.000 r  system_i/processing_system7_0/inst/PS7_i/FCLKCLK[0]
                         net (fo=1, routed)           1.088    11.088    system_i/clk_wiz_0/inst/lopt
    BUFGCTRL_X0Y16       BUFG (Prop_bufg_I_O)         0.091    11.179 r  system_i/clk_wiz_0/inst/clkin1_bufg/O
                         net (fo=1, routed)           1.612    12.792    system_i/clk_wiz_0/inst/clk_in1_system_clk_wiz_0_0
    MMCME2_ADV_X1Y0      MMCME2_ADV (Prop_mmcme2_adv_CLKIN1_CLKOUT1)
                                                      0.083    12.875 r  system_i/clk_wiz_0/inst/mmcm_adv_inst/CLKOUT1
                         net (fo=1, routed)           1.725    14.600    system_i/clk_wiz_0/inst/clk_out2_system_clk_wiz_0_0
    BUFGCTRL_X0Y0        BUFG (Prop_bufg_I_O)         0.091    14.691 r  system_i/clk_wiz_0/inst/clkout2_buf/O
                         net (fo=28627, routed)       1.542    16.232    system_i/CNN_accelerator_1/U0/U_padding/sysclk
    SLICE_X60Y58         FDRE                                         r  system_i/CNN_accelerator_1/U0/U_padding/padded_data_raddr_reg_reg[1]/C
                         clock pessimism              0.501    16.734    
                         clock uncertainty           -0.081    16.653    
    SLICE_X60Y58         FDRE (Setup_fdre_C_R)       -0.429    16.224    system_i/CNN_accelerator_1/U0/U_padding/padded_data_raddr_reg_reg[1]
  -------------------------------------------------------------------
                         required time                         16.224    
                         arrival time                         -16.140    
  -------------------------------------------------------------------
                         slack                                  0.083    

Slack (MET) :             0.083ns  (required time - arrival time)
  Source:                 system_i/CNN_accelerator_1/U0/U_conv/U_CONV_CONTROLLER/input_channels_reg_reg[4]/C
                            (rising edge-triggered cell FDRE clocked by clk_out2_system_clk_wiz_0_0  {rise@0.000ns fall@5.000ns period=10.000ns})
  Destination:            system_i/CNN_accelerator_1/U0/U_padding/padded_data_raddr_reg_reg[2]/R
                            (rising edge-triggered cell FDRE clocked by clk_out2_system_clk_wiz_0_0  {rise@0.000ns fall@5.000ns period=10.000ns})
  Path Group:             clk_out2_system_clk_wiz_0_0
  Path Type:              Setup (Max at Slow Process Corner)
  Requirement:            10.000ns  (clk_out2_system_clk_wiz_0_0 rise@10.000ns - clk_out2_system_clk_wiz_0_0 rise@0.000ns)
  Data Path Delay:        9.307ns  (logic 1.572ns (16.890%)  route 7.735ns (83.110%))
  Logic Levels:           9  (LUT3=2 LUT4=2 LUT5=1 LUT6=4)
  Clock Path Skew:        -0.099ns (DCD - SCD + CPR)
    Destination Clock Delay (DCD):    6.232ns = ( 16.232 - 10.000 ) 
    Source Clock Delay      (SCD):    6.833ns
    Clock Pessimism Removal (CPR):    0.501ns
  Clock Uncertainty:      0.081ns  ((TSJ^2 + DJ^2)^1/2) / 2 + PE
    Total System Jitter     (TSJ):    0.071ns
    Discrete Jitter          (DJ):    0.146ns
    Phase Error              (PE):    0.000ns

    Location             Delay type                Incr(ns)  Path(ns)    Netlist Resource(s)
  -------------------------------------------------------------------    -------------------
                         (clock clk_out2_system_clk_wiz_0_0 rise edge)
                                                      0.000     0.000 r  
    PS7_X0Y0             PS7                          0.000     0.000 r  system_i/processing_system7_0/inst/PS7_i/FCLKCLK[0]
                         net (fo=1, routed)           1.193     1.193    system_i/clk_wiz_0/inst/lopt
    BUFGCTRL_X0Y16       BUFG (Prop_bufg_I_O)         0.101     1.294 r  system_i/clk_wiz_0/inst/clkin1_bufg/O
                         net (fo=1, routed)           1.806     3.100    system_i/clk_wiz_0/inst/clk_in1_system_clk_wiz_0_0
    MMCME2_ADV_X1Y0      MMCME2_ADV (Prop_mmcme2_adv_CLKIN1_CLKOUT1)
                                                      0.088     3.188 r  system_i/clk_wiz_0/inst/mmcm_adv_inst/CLKOUT1
                         net (fo=1, routed)           1.889     5.077    system_i/clk_wiz_0/inst/clk_out2_system_clk_wiz_0_0
    BUFGCTRL_X0Y0        BUFG (Prop_bufg_I_O)         0.101     5.178 r  system_i/clk_wiz_0/inst/clkout2_buf/O
                         net (fo=28627, routed)       1.655     6.833    system_i/CNN_accelerator_1/U0/U_conv/U_CONV_CONTROLLER/sysclk
    SLICE_X33Y55         FDRE                                         r  system_i/CNN_accelerator_1/U0/U_conv/U_CONV_CONTROLLER/input_channels_reg_reg[4]/C
  -------------------------------------------------------------------    -------------------
    SLICE_X33Y55         FDRE (Prop_fdre_C_Q)         0.456     7.289 r  system_i/CNN_accelerator_1/U0/U_conv/U_CONV_CONTROLLER/input_channels_reg_reg[4]/Q
                         net (fo=19, routed)          0.639     7.928    system_i/CNN_accelerator_1/U0/U_conv/U_CONV_CONTROLLER/input_channels_reg[4]
    SLICE_X34Y54         LUT3 (Prop_lut3_I2_O)        0.124     8.052 r  system_i/CNN_accelerator_1/U0/U_conv/U_CONV_CONTROLLER/tile_mem[13][7]_i_7/O
                         net (fo=8, routed)           0.656     8.707    system_i/CNN_accelerator_1/U0/U_conv/U_CONV_CONTROLLER/tile_mem[13][7]_i_7_n_0
    SLICE_X38Y56         LUT6 (Prop_lut6_I5_O)        0.124     8.831 f  system_i/CNN_accelerator_1/U0/U_conv/U_CONV_CONTROLLER/tile_mem[13][7]_i_4/O
                         net (fo=149, routed)         0.870     9.701    system_i/CNN_accelerator_1/U0/U_conv/U_CONV_CONTROLLER/shift_reuse_horizontal
    SLICE_X53Y53         LUT6 (Prop_lut6_I3_O)        0.124     9.825 r  system_i/CNN_accelerator_1/U0/U_conv/U_CONV_CONTROLLER/padded_data_raddr_reg0_carry__0_i_13/O
                         net (fo=3, routed)           0.646    10.471    system_i/CNN_accelerator_1/U0/U_conv/U_CONV_CONTROLLER/padded_data_raddr_reg0_carry__0_i_13_n_0
    SLICE_X55Y52         LUT4 (Prop_lut4_I2_O)        0.124    10.595 f  system_i/CNN_accelerator_1/U0/U_conv/U_CONV_CONTROLLER/padded_data_raddr_reg0_carry__0_i_14/O
                         net (fo=9, routed)           1.065    11.660    system_i/CNN_accelerator_1/U0/U_conv/U_CONV_CONTROLLER/pool_x_reg_reg[6]_0
    SLICE_X53Y53         LUT3 (Prop_lut3_I1_O)        0.124    11.784 f  system_i/CNN_accelerator_1/U0/U_conv/U_CONV_CONTROLLER/padded_img_raddr_reg[13]_i_12/O
                         net (fo=1, routed)           0.402    12.186    system_i/CNN_accelerator_1/U0/U_conv/U_CONV_CONTROLLER/padded_img_raddr_reg[13]_i_12_n_0
    SLICE_X53Y53         LUT6 (Prop_lut6_I4_O)        0.124    12.310 r  system_i/CNN_accelerator_1/U0/U_conv/U_CONV_CONTROLLER/padded_img_raddr_reg[13]_i_11/O
                         net (fo=1, routed)           0.487    12.797    system_i/CNN_accelerator_1/U0/U_conv/U_CONV_CONTROLLER/padded_img_raddr_reg[13]_i_11_n_0
    SLICE_X55Y53         LUT5 (Prop_lut5_I1_O)        0.124    12.921 r  system_i/CNN_accelerator_1/U0/U_conv/U_CONV_CONTROLLER/padded_img_raddr_reg[13]_i_6/O
                         net (fo=1, routed)           0.305    13.226    system_i/CNN_accelerator_1/U0/U_CNN_acc_controller/padded_data_raddr_reg_reg[15]_0
    SLICE_X56Y53         LUT6 (Prop_lut6_I4_O)        0.124    13.350 r  system_i/CNN_accelerator_1/U0/U_CNN_acc_controller/padded_img_raddr_reg[13]_i_2/O
                         net (fo=3, routed)           1.289    14.639    system_i/CNN_accelerator_1/U0/U_CNN_acc_controller/padded_img_raddr_reg[13]_i_2_n_0
    SLICE_X34Y59         LUT4 (Prop_lut4_I3_O)        0.124    14.763 r  system_i/CNN_accelerator_1/U0/U_CNN_acc_controller/padded_data_raddr_reg[15]_i_1/O
                         net (fo=16, routed)          1.377    16.140    system_i/CNN_accelerator_1/U0/U_padding/padded_data_raddr_reg_reg[15]_2[0]
    SLICE_X60Y58         FDRE                                         r  system_i/CNN_accelerator_1/U0/U_padding/padded_data_raddr_reg_reg[2]/R
  -------------------------------------------------------------------    -------------------

                         (clock clk_out2_system_clk_wiz_0_0 rise edge)
                                                     10.000    10.000 r  
    PS7_X0Y0             PS7                          0.000    10.000 r  system_i/processing_system7_0/inst/PS7_i/FCLKCLK[0]
                         net (fo=1, routed)           1.088    11.088    system_i/clk_wiz_0/inst/lopt
    BUFGCTRL_X0Y16       BUFG (Prop_bufg_I_O)         0.091    11.179 r  system_i/clk_wiz_0/inst/clkin1_bufg/O
                         net (fo=1, routed)           1.612    12.792    system_i/clk_wiz_0/inst/clk_in1_system_clk_wiz_0_0
    MMCME2_ADV_X1Y0      MMCME2_ADV (Prop_mmcme2_adv_CLKIN1_CLKOUT1)
                                                      0.083    12.875 r  system_i/clk_wiz_0/inst/mmcm_adv_inst/CLKOUT1
                         net (fo=1, routed)           1.725    14.600    system_i/clk_wiz_0/inst/clk_out2_system_clk_wiz_0_0
    BUFGCTRL_X0Y0        BUFG (Prop_bufg_I_O)         0.091    14.691 r  system_i/clk_wiz_0/inst/clkout2_buf/O
                         net (fo=28627, routed)       1.542    16.232    system_i/CNN_accelerator_1/U0/U_padding/sysclk
    SLICE_X60Y58         FDRE                                         r  system_i/CNN_accelerator_1/U0/U_padding/padded_data_raddr_reg_reg[2]/C
                         clock pessimism              0.501    16.734    
                         clock uncertainty           -0.081    16.653    
    SLICE_X60Y58         FDRE (Setup_fdre_C_R)       -0.429    16.224    system_i/CNN_accelerator_1/U0/U_padding/padded_data_raddr_reg_reg[2]
  -------------------------------------------------------------------
                         required time                         16.224    
                         arrival time                         -16.140    
  -------------------------------------------------------------------
                         slack                                  0.083    

Slack (MET) :             0.083ns  (required time - arrival time)
  Source:                 system_i/CNN_accelerator_1/U0/U_conv/U_CONV_CONTROLLER/input_channels_reg_reg[4]/C
                            (rising edge-triggered cell FDRE clocked by clk_out2_system_clk_wiz_0_0  {rise@0.000ns fall@5.000ns period=10.000ns})
  Destination:            system_i/CNN_accelerator_1/U0/U_padding/padded_data_raddr_reg_reg[3]/R
                            (rising edge-triggered cell FDRE clocked by clk_out2_system_clk_wiz_0_0  {rise@0.000ns fall@5.000ns period=10.000ns})
  Path Group:             clk_out2_system_clk_wiz_0_0
  Path Type:              Setup (Max at Slow Process Corner)
  Requirement:            10.000ns  (clk_out2_system_clk_wiz_0_0 rise@10.000ns - clk_out2_system_clk_wiz_0_0 rise@0.000ns)
  Data Path Delay:        9.307ns  (logic 1.572ns (16.890%)  route 7.735ns (83.110%))
  Logic Levels:           9  (LUT3=2 LUT4=2 LUT5=1 LUT6=4)
  Clock Path Skew:        -0.099ns (DCD - SCD + CPR)
    Destination Clock Delay (DCD):    6.232ns = ( 16.232 - 10.000 ) 
    Source Clock Delay      (SCD):    6.833ns
    Clock Pessimism Removal (CPR):    0.501ns
  Clock Uncertainty:      0.081ns  ((TSJ^2 + DJ^2)^1/2) / 2 + PE
    Total System Jitter     (TSJ):    0.071ns
    Discrete Jitter          (DJ):    0.146ns
    Phase Error              (PE):    0.000ns

    Location             Delay type                Incr(ns)  Path(ns)    Netlist Resource(s)
  -------------------------------------------------------------------    -------------------
                         (clock clk_out2_system_clk_wiz_0_0 rise edge)
                                                      0.000     0.000 r  
    PS7_X0Y0             PS7                          0.000     0.000 r  system_i/processing_system7_0/inst/PS7_i/FCLKCLK[0]
                         net (fo=1, routed)           1.193     1.193    system_i/clk_wiz_0/inst/lopt
    BUFGCTRL_X0Y16       BUFG (Prop_bufg_I_O)         0.101     1.294 r  system_i/clk_wiz_0/inst/clkin1_bufg/O
                         net (fo=1, routed)           1.806     3.100    system_i/clk_wiz_0/inst/clk_in1_system_clk_wiz_0_0
    MMCME2_ADV_X1Y0      MMCME2_ADV (Prop_mmcme2_adv_CLKIN1_CLKOUT1)
                                                      0.088     3.188 r  system_i/clk_wiz_0/inst/mmcm_adv_inst/CLKOUT1
                         net (fo=1, routed)           1.889     5.077    system_i/clk_wiz_0/inst/clk_out2_system_clk_wiz_0_0
    BUFGCTRL_X0Y0        BUFG (Prop_bufg_I_O)         0.101     5.178 r  system_i/clk_wiz_0/inst/clkout2_buf/O
                         net (fo=28627, routed)       1.655     6.833    system_i/CNN_accelerator_1/U0/U_conv/U_CONV_CONTROLLER/sysclk
    SLICE_X33Y55         FDRE                                         r  system_i/CNN_accelerator_1/U0/U_conv/U_CONV_CONTROLLER/input_channels_reg_reg[4]/C
  -------------------------------------------------------------------    -------------------
    SLICE_X33Y55         FDRE (Prop_fdre_C_Q)         0.456     7.289 r  system_i/CNN_accelerator_1/U0/U_conv/U_CONV_CONTROLLER/input_channels_reg_reg[4]/Q
                         net (fo=19, routed)          0.639     7.928    system_i/CNN_accelerator_1/U0/U_conv/U_CONV_CONTROLLER/input_channels_reg[4]
    SLICE_X34Y54         LUT3 (Prop_lut3_I2_O)        0.124     8.052 r  system_i/CNN_accelerator_1/U0/U_conv/U_CONV_CONTROLLER/tile_mem[13][7]_i_7/O
                         net (fo=8, routed)           0.656     8.707    system_i/CNN_accelerator_1/U0/U_conv/U_CONV_CONTROLLER/tile_mem[13][7]_i_7_n_0
    SLICE_X38Y56         LUT6 (Prop_lut6_I5_O)        0.124     8.831 f  system_i/CNN_accelerator_1/U0/U_conv/U_CONV_CONTROLLER/tile_mem[13][7]_i_4/O
                         net (fo=149, routed)         0.870     9.701    system_i/CNN_accelerator_1/U0/U_conv/U_CONV_CONTROLLER/shift_reuse_horizontal
    SLICE_X53Y53         LUT6 (Prop_lut6_I3_O)        0.124     9.825 r  system_i/CNN_accelerator_1/U0/U_conv/U_CONV_CONTROLLER/padded_data_raddr_reg0_carry__0_i_13/O
                         net (fo=3, routed)           0.646    10.471    system_i/CNN_accelerator_1/U0/U_conv/U_CONV_CONTROLLER/padded_data_raddr_reg0_carry__0_i_13_n_0
    SLICE_X55Y52         LUT4 (Prop_lut4_I2_O)        0.124    10.595 f  system_i/CNN_accelerator_1/U0/U_conv/U_CONV_CONTROLLER/padded_data_raddr_reg0_carry__0_i_14/O
                         net (fo=9, routed)           1.065    11.660    system_i/CNN_accelerator_1/U0/U_conv/U_CONV_CONTROLLER/pool_x_reg_reg[6]_0
    SLICE_X53Y53         LUT3 (Prop_lut3_I1_O)        0.124    11.784 f  system_i/CNN_accelerator_1/U0/U_conv/U_CONV_CONTROLLER/padded_img_raddr_reg[13]_i_12/O
                         net (fo=1, routed)           0.402    12.186    system_i/CNN_accelerator_1/U0/U_conv/U_CONV_CONTROLLER/padded_img_raddr_reg[13]_i_12_n_0
    SLICE_X53Y53         LUT6 (Prop_lut6_I4_O)        0.124    12.310 r  system_i/CNN_accelerator_1/U0/U_conv/U_CONV_CONTROLLER/padded_img_raddr_reg[13]_i_11/O
                         net (fo=1, routed)           0.487    12.797    system_i/CNN_accelerator_1/U0/U_conv/U_CONV_CONTROLLER/padded_img_raddr_reg[13]_i_11_n_0
    SLICE_X55Y53         LUT5 (Prop_lut5_I1_O)        0.124    12.921 r  system_i/CNN_accelerator_1/U0/U_conv/U_CONV_CONTROLLER/padded_img_raddr_reg[13]_i_6/O
                         net (fo=1, routed)           0.305    13.226    system_i/CNN_accelerator_1/U0/U_CNN_acc_controller/padded_data_raddr_reg_reg[15]_0
    SLICE_X56Y53         LUT6 (Prop_lut6_I4_O)        0.124    13.350 r  system_i/CNN_accelerator_1/U0/U_CNN_acc_controller/padded_img_raddr_reg[13]_i_2/O
                         net (fo=3, routed)           1.289    14.639    system_i/CNN_accelerator_1/U0/U_CNN_acc_controller/padded_img_raddr_reg[13]_i_2_n_0
    SLICE_X34Y59         LUT4 (Prop_lut4_I3_O)        0.124    14.763 r  system_i/CNN_accelerator_1/U0/U_CNN_acc_controller/padded_data_raddr_reg[15]_i_1/O
                         net (fo=16, routed)          1.377    16.140    system_i/CNN_accelerator_1/U0/U_padding/padded_data_raddr_reg_reg[15]_2[0]
    SLICE_X60Y58         FDRE                                         r  system_i/CNN_accelerator_1/U0/U_padding/padded_data_raddr_reg_reg[3]/R
  -------------------------------------------------------------------    -------------------

                         (clock clk_out2_system_clk_wiz_0_0 rise edge)
                                                     10.000    10.000 r  
    PS7_X0Y0             PS7                          0.000    10.000 r  system_i/processing_system7_0/inst/PS7_i/FCLKCLK[0]
                         net (fo=1, routed)           1.088    11.088    system_i/clk_wiz_0/inst/lopt
    BUFGCTRL_X0Y16       BUFG (Prop_bufg_I_O)         0.091    11.179 r  system_i/clk_wiz_0/inst/clkin1_bufg/O
                         net (fo=1, routed)           1.612    12.792    system_i/clk_wiz_0/inst/clk_in1_system_clk_wiz_0_0
    MMCME2_ADV_X1Y0      MMCME2_ADV (Prop_mmcme2_adv_CLKIN1_CLKOUT1)
                                                      0.083    12.875 r  system_i/clk_wiz_0/inst/mmcm_adv_inst/CLKOUT1
                         net (fo=1, routed)           1.725    14.600    system_i/clk_wiz_0/inst/clk_out2_system_clk_wiz_0_0
    BUFGCTRL_X0Y0        BUFG (Prop_bufg_I_O)         0.091    14.691 r  system_i/clk_wiz_0/inst/clkout2_buf/O
                         net (fo=28627, routed)       1.542    16.232    system_i/CNN_accelerator_1/U0/U_padding/sysclk
    SLICE_X60Y58         FDRE                                         r  system_i/CNN_accelerator_1/U0/U_padding/padded_data_raddr_reg_reg[3]/C
                         clock pessimism              0.501    16.734    
                         clock uncertainty           -0.081    16.653    
    SLICE_X60Y58         FDRE (Setup_fdre_C_R)       -0.429    16.224    system_i/CNN_accelerator_1/U0/U_padding/padded_data_raddr_reg_reg[3]
  -------------------------------------------------------------------
                         required time                         16.224    
                         arrival time                         -16.140    
  -------------------------------------------------------------------
                         slack                                  0.083    

Slack (MET) :             0.094ns  (required time - arrival time)
  Source:                 system_i/MIPI_D_PHY_RX_0/U0/ClockLane/GenSyncLP[1].GlitchFilterLP/Filter.sOut_reg/C
                            (rising edge-triggered cell FDRE clocked by clk_out3_system_clk_wiz_0_0  {rise@0.000ns fall@2.500ns period=5.000ns})
  Destination:            system_i/MIPI_D_PHY_RX_0/U0/ClockLane/FSM_onehot_state_reg[2]/CE
                            (rising edge-triggered cell FDRE clocked by clk_out3_system_clk_wiz_0_0  {rise@0.000ns fall@2.500ns period=5.000ns})
  Path Group:             clk_out3_system_clk_wiz_0_0
  Path Type:              Setup (Max at Slow Process Corner)
  Requirement:            5.000ns  (clk_out3_system_clk_wiz_0_0 rise@5.000ns - clk_out3_system_clk_wiz_0_0 rise@0.000ns)
  Data Path Delay:        4.325ns  (logic 0.981ns (22.684%)  route 3.344ns (77.316%))
  Logic Levels:           4  (LUT2=1 LUT5=1 LUT6=2)
  Clock Path Skew:        -0.136ns (DCD - SCD + CPR)
    Destination Clock Delay (DCD):    6.470ns = ( 11.470 - 5.000 ) 
    Source Clock Delay      (SCD):    7.225ns
    Clock Pessimism Removal (CPR):    0.619ns
  Clock Uncertainty:      0.073ns  ((TSJ^2 + DJ^2)^1/2) / 2 + PE
    Total System Jitter     (TSJ):    0.071ns
    Discrete Jitter          (DJ):    0.128ns
    Phase Error              (PE):    0.000ns

    Location             Delay type                Incr(ns)  Path(ns)    Netlist Resource(s)
  -------------------------------------------------------------------    -------------------
                         (clock clk_out3_system_clk_wiz_0_0 rise edge)
                                                      0.000     0.000 r  
    PS7_X0Y0             PS7                          0.000     0.000 r  system_i/processing_system7_0/inst/PS7_i/FCLKCLK[0]
                         net (fo=1, routed)           1.193     1.193    system_i/clk_wiz_0/inst/lopt
    BUFGCTRL_X0Y16       BUFG (Prop_bufg_I_O)         0.101     1.294 r  system_i/clk_wiz_0/inst/clkin1_bufg/O
                         net (fo=1, routed)           1.806     3.100    system_i/clk_wiz_0/inst/clk_in1_system_clk_wiz_0_0
    MMCME2_ADV_X1Y0      MMCME2_ADV (Prop_mmcme2_adv_CLKIN1_CLKOUT2)
                                                      0.088     3.188 r  system_i/clk_wiz_0/inst/mmcm_adv_inst/CLKOUT2
                         net (fo=1, routed)           1.889     5.077    system_i/clk_wiz_0/inst/clk_out3_system_clk_wiz_0_0
    BUFGCTRL_X0Y2        BUFG (Prop_bufg_I_O)         0.101     5.178 r  system_i/clk_wiz_0/inst/clkout3_buf/O
                         net (fo=138, routed)         2.047     7.225    system_i/MIPI_D_PHY_RX_0/U0/ClockLane/GenSyncLP[1].GlitchFilterLP/RefClk
    SLICE_X106Y131       FDRE                                         r  system_i/MIPI_D_PHY_RX_0/U0/ClockLane/GenSyncLP[1].GlitchFilterLP/Filter.sOut_reg/C
  -------------------------------------------------------------------    -------------------
    SLICE_X106Y131       FDRE (Prop_fdre_C_Q)         0.456     7.681 f  system_i/MIPI_D_PHY_RX_0/U0/ClockLane/GenSyncLP[1].GlitchFilterLP/Filter.sOut_reg/Q
                         net (fo=9, routed)           0.929     8.610    system_i/MIPI_D_PHY_RX_0/U0/ClockLane/cLP[1]
    SLICE_X105Y133       LUT2 (Prop_lut2_I0_O)        0.124     8.734 f  system_i/MIPI_D_PHY_RX_0/U0/ClockLane/FSM_onehot_state[1]_i_10/O
                         net (fo=2, routed)           0.669     9.403    system_i/MIPI_D_PHY_RX_0/U0/ClockLane/SyncAsyncLocked/FSM_onehot_state_reg[1]
    SLICE_X107Y133       LUT6 (Prop_lut6_I2_O)        0.124     9.527 r  system_i/MIPI_D_PHY_RX_0/U0/ClockLane/SyncAsyncLocked/FSM_onehot_state[1]_i_9/O
                         net (fo=1, routed)           0.536    10.063    system_i/MIPI_D_PHY_RX_0/U0/ClockLane/SyncAsyncLocked/FSM_onehot_state[1]_i_9_n_0
    SLICE_X105Y134       LUT6 (Prop_lut6_I5_O)        0.124    10.187 r  system_i/MIPI_D_PHY_RX_0/U0/ClockLane/SyncAsyncLocked/FSM_onehot_state[1]_i_5/O
                         net (fo=1, routed)           0.619    10.805    system_i/MIPI_D_PHY_RX_0/U0/ClockLane/SyncAsyncLocked/FSM_onehot_state[1]_i_5_n_0
    SLICE_X105Y133       LUT5 (Prop_lut5_I4_O)        0.153    10.958 r  system_i/MIPI_D_PHY_RX_0/U0/ClockLane/SyncAsyncLocked/FSM_onehot_state[1]_i_2/O
                         net (fo=9, routed)           0.591    11.550    system_i/MIPI_D_PHY_RX_0/U0/ClockLane/SyncAsyncLocked_n_3
    SLICE_X104Y133       FDRE                                         r  system_i/MIPI_D_PHY_RX_0/U0/ClockLane/FSM_onehot_state_reg[2]/CE
  -------------------------------------------------------------------    -------------------

                         (clock clk_out3_system_clk_wiz_0_0 rise edge)
                                                      5.000     5.000 r  
    PS7_X0Y0             PS7                          0.000     5.000 r  system_i/processing_system7_0/inst/PS7_i/FCLKCLK[0]
                         net (fo=1, routed)           1.088     6.088    system_i/clk_wiz_0/inst/lopt
    BUFGCTRL_X0Y16       BUFG (Prop_bufg_I_O)         0.091     6.179 r  system_i/clk_wiz_0/inst/clkin1_bufg/O
                         net (fo=1, routed)           1.612     7.792    system_i/clk_wiz_0/inst/clk_in1_system_clk_wiz_0_0
    MMCME2_ADV_X1Y0      MMCME2_ADV (Prop_mmcme2_adv_CLKIN1_CLKOUT2)
                                                      0.083     7.875 r  system_i/clk_wiz_0/inst/mmcm_adv_inst/CLKOUT2
                         net (fo=1, routed)           1.725     9.600    system_i/clk_wiz_0/inst/clk_out3_system_clk_wiz_0_0
    BUFGCTRL_X0Y2        BUFG (Prop_bufg_I_O)         0.091     9.691 r  system_i/clk_wiz_0/inst/clkout3_buf/O
                         net (fo=138, routed)         1.779    11.470    system_i/MIPI_D_PHY_RX_0/U0/ClockLane/RefClk
    SLICE_X104Y133       FDRE                                         r  system_i/MIPI_D_PHY_RX_0/U0/ClockLane/FSM_onehot_state_reg[2]/C
                         clock pessimism              0.619    12.089    
                         clock uncertainty           -0.073    12.016    
    SLICE_X104Y133       FDRE (Setup_fdre_C_CE)      -0.372    11.644    system_i/MIPI_D_PHY_RX_0/U0/ClockLane/FSM_onehot_state_reg[2]
  -------------------------------------------------------------------
                         required time                         11.644    
                         arrival time                         -11.550    
  -------------------------------------------------------------------
                         slack                                  0.094    

Slack (MET) :             0.094ns  (required time - arrival time)
  Source:                 system_i/MIPI_D_PHY_RX_0/U0/ClockLane/GenSyncLP[1].GlitchFilterLP/Filter.sOut_reg/C
                            (rising edge-triggered cell FDRE clocked by clk_out3_system_clk_wiz_0_0  {rise@0.000ns fall@2.500ns period=5.000ns})
  Destination:            system_i/MIPI_D_PHY_RX_0/U0/ClockLane/FSM_onehot_state_reg[4]/CE
                            (rising edge-triggered cell FDRE clocked by clk_out3_system_clk_wiz_0_0  {rise@0.000ns fall@2.500ns period=5.000ns})
  Path Group:             clk_out3_system_clk_wiz_0_0
  Path Type:              Setup (Max at Slow Process Corner)
  Requirement:            5.000ns  (clk_out3_system_clk_wiz_0_0 rise@5.000ns - clk_out3_system_clk_wiz_0_0 rise@0.000ns)
  Data Path Delay:        4.325ns  (logic 0.981ns (22.684%)  route 3.344ns (77.316%))
  Logic Levels:           4  (LUT2=1 LUT5=1 LUT6=2)
  Clock Path Skew:        -0.136ns (DCD - SCD + CPR)
    Destination Clock Delay (DCD):    6.470ns = ( 11.470 - 5.000 ) 
    Source Clock Delay      (SCD):    7.225ns
    Clock Pessimism Removal (CPR):    0.619ns
  Clock Uncertainty:      0.073ns  ((TSJ^2 + DJ^2)^1/2) / 2 + PE
    Total System Jitter     (TSJ):    0.071ns
    Discrete Jitter          (DJ):    0.128ns
    Phase Error              (PE):    0.000ns

    Location             Delay type                Incr(ns)  Path(ns)    Netlist Resource(s)
  -------------------------------------------------------------------    -------------------
                         (clock clk_out3_system_clk_wiz_0_0 rise edge)
                                                      0.000     0.000 r  
    PS7_X0Y0             PS7                          0.000     0.000 r  system_i/processing_system7_0/inst/PS7_i/FCLKCLK[0]
                         net (fo=1, routed)           1.193     1.193    system_i/clk_wiz_0/inst/lopt
    BUFGCTRL_X0Y16       BUFG (Prop_bufg_I_O)         0.101     1.294 r  system_i/clk_wiz_0/inst/clkin1_bufg/O
                         net (fo=1, routed)           1.806     3.100    system_i/clk_wiz_0/inst/clk_in1_system_clk_wiz_0_0
    MMCME2_ADV_X1Y0      MMCME2_ADV (Prop_mmcme2_adv_CLKIN1_CLKOUT2)
                                                      0.088     3.188 r  system_i/clk_wiz_0/inst/mmcm_adv_inst/CLKOUT2
                         net (fo=1, routed)           1.889     5.077    system_i/clk_wiz_0/inst/clk_out3_system_clk_wiz_0_0
    BUFGCTRL_X0Y2        BUFG (Prop_bufg_I_O)         0.101     5.178 r  system_i/clk_wiz_0/inst/clkout3_buf/O
                         net (fo=138, routed)         2.047     7.225    system_i/MIPI_D_PHY_RX_0/U0/ClockLane/GenSyncLP[1].GlitchFilterLP/RefClk
    SLICE_X106Y131       FDRE                                         r  system_i/MIPI_D_PHY_RX_0/U0/ClockLane/GenSyncLP[1].GlitchFilterLP/Filter.sOut_reg/C
  -------------------------------------------------------------------    -------------------
    SLICE_X106Y131       FDRE (Prop_fdre_C_Q)         0.456     7.681 f  system_i/MIPI_D_PHY_RX_0/U0/ClockLane/GenSyncLP[1].GlitchFilterLP/Filter.sOut_reg/Q
                         net (fo=9, routed)           0.929     8.610    system_i/MIPI_D_PHY_RX_0/U0/ClockLane/cLP[1]
    SLICE_X105Y133       LUT2 (Prop_lut2_I0_O)        0.124     8.734 f  system_i/MIPI_D_PHY_RX_0/U0/ClockLane/FSM_onehot_state[1]_i_10/O
                         net (fo=2, routed)           0.669     9.403    system_i/MIPI_D_PHY_RX_0/U0/ClockLane/SyncAsyncLocked/FSM_onehot_state_reg[1]
    SLICE_X107Y133       LUT6 (Prop_lut6_I2_O)        0.124     9.527 r  system_i/MIPI_D_PHY_RX_0/U0/ClockLane/SyncAsyncLocked/FSM_onehot_state[1]_i_9/O
                         net (fo=1, routed)           0.536    10.063    system_i/MIPI_D_PHY_RX_0/U0/ClockLane/SyncAsyncLocked/FSM_onehot_state[1]_i_9_n_0
    SLICE_X105Y134       LUT6 (Prop_lut6_I5_O)        0.124    10.187 r  system_i/MIPI_D_PHY_RX_0/U0/ClockLane/SyncAsyncLocked/FSM_onehot_state[1]_i_5/O
                         net (fo=1, routed)           0.619    10.805    system_i/MIPI_D_PHY_RX_0/U0/ClockLane/SyncAsyncLocked/FSM_onehot_state[1]_i_5_n_0
    SLICE_X105Y133       LUT5 (Prop_lut5_I4_O)        0.153    10.958 r  system_i/MIPI_D_PHY_RX_0/U0/ClockLane/SyncAsyncLocked/FSM_onehot_state[1]_i_2/O
                         net (fo=9, routed)           0.591    11.550    system_i/MIPI_D_PHY_RX_0/U0/ClockLane/SyncAsyncLocked_n_3
    SLICE_X104Y133       FDRE                                         r  system_i/MIPI_D_PHY_RX_0/U0/ClockLane/FSM_onehot_state_reg[4]/CE
  -------------------------------------------------------------------    -------------------

                         (clock clk_out3_system_clk_wiz_0_0 rise edge)
                                                      5.000     5.000 r  
    PS7_X0Y0             PS7                          0.000     5.000 r  system_i/processing_system7_0/inst/PS7_i/FCLKCLK[0]
                         net (fo=1, routed)           1.088     6.088    system_i/clk_wiz_0/inst/lopt
    BUFGCTRL_X0Y16       BUFG (Prop_bufg_I_O)         0.091     6.179 r  system_i/clk_wiz_0/inst/clkin1_bufg/O
                         net (fo=1, routed)           1.612     7.792    system_i/clk_wiz_0/inst/clk_in1_system_clk_wiz_0_0
    MMCME2_ADV_X1Y0      MMCME2_ADV (Prop_mmcme2_adv_CLKIN1_CLKOUT2)
                                                      0.083     7.875 r  system_i/clk_wiz_0/inst/mmcm_adv_inst/CLKOUT2
                         net (fo=1, routed)           1.725     9.600    system_i/clk_wiz_0/inst/clk_out3_system_clk_wiz_0_0
    BUFGCTRL_X0Y2        BUFG (Prop_bufg_I_O)         0.091     9.691 r  system_i/clk_wiz_0/inst/clkout3_buf/O
                         net (fo=138, routed)         1.779    11.470    system_i/MIPI_D_PHY_RX_0/U0/ClockLane/RefClk
    SLICE_X104Y133       FDRE                                         r  system_i/MIPI_D_PHY_RX_0/U0/ClockLane/FSM_onehot_state_reg[4]/C
                         clock pessimism              0.619    12.089    
                         clock uncertainty           -0.073    12.016    
    SLICE_X104Y133       FDRE (Setup_fdre_C_CE)      -0.372    11.644    system_i/MIPI_D_PHY_RX_0/U0/ClockLane/FSM_onehot_state_reg[4]
  -------------------------------------------------------------------
                         required time                         11.644    
                         arrival time                         -11.550    
  -------------------------------------------------------------------
                         slack                                  0.094    

Slack (MET) :             0.094ns  (required time - arrival time)
  Source:                 system_i/MIPI_D_PHY_RX_0/U0/ClockLane/GenSyncLP[1].GlitchFilterLP/Filter.sOut_reg/C
                            (rising edge-triggered cell FDRE clocked by clk_out3_system_clk_wiz_0_0  {rise@0.000ns fall@2.500ns period=5.000ns})
  Destination:            system_i/MIPI_D_PHY_RX_0/U0/ClockLane/FSM_onehot_state_reg[7]/CE
                            (rising edge-triggered cell FDRE clocked by clk_out3_system_clk_wiz_0_0  {rise@0.000ns fall@2.500ns period=5.000ns})
  Path Group:             clk_out3_system_clk_wiz_0_0
  Path Type:              Setup (Max at Slow Process Corner)
  Requirement:            5.000ns  (clk_out3_system_clk_wiz_0_0 rise@5.000ns - clk_out3_system_clk_wiz_0_0 rise@0.000ns)
  Data Path Delay:        4.325ns  (logic 0.981ns (22.684%)  route 3.344ns (77.316%))
  Logic Levels:           4  (LUT2=1 LUT5=1 LUT6=2)
  Clock Path Skew:        -0.136ns (DCD - SCD + CPR)
    Destination Clock Delay (DCD):    6.470ns = ( 11.470 - 5.000 ) 
    Source Clock Delay      (SCD):    7.225ns
    Clock Pessimism Removal (CPR):    0.619ns
  Clock Uncertainty:      0.073ns  ((TSJ^2 + DJ^2)^1/2) / 2 + PE
    Total System Jitter     (TSJ):    0.071ns
    Discrete Jitter          (DJ):    0.128ns
    Phase Error              (PE):    0.000ns

    Location             Delay type                Incr(ns)  Path(ns)    Netlist Resource(s)
  -------------------------------------------------------------------    -------------------
                         (clock clk_out3_system_clk_wiz_0_0 rise edge)
                                                      0.000     0.000 r  
    PS7_X0Y0             PS7                          0.000     0.000 r  system_i/processing_system7_0/inst/PS7_i/FCLKCLK[0]
                         net (fo=1, routed)           1.193     1.193    system_i/clk_wiz_0/inst/lopt
    BUFGCTRL_X0Y16       BUFG (Prop_bufg_I_O)         0.101     1.294 r  system_i/clk_wiz_0/inst/clkin1_bufg/O
                         net (fo=1, routed)           1.806     3.100    system_i/clk_wiz_0/inst/clk_in1_system_clk_wiz_0_0
    MMCME2_ADV_X1Y0      MMCME2_ADV (Prop_mmcme2_adv_CLKIN1_CLKOUT2)
                                                      0.088     3.188 r  system_i/clk_wiz_0/inst/mmcm_adv_inst/CLKOUT2
                         net (fo=1, routed)           1.889     5.077    system_i/clk_wiz_0/inst/clk_out3_system_clk_wiz_0_0
    BUFGCTRL_X0Y2        BUFG (Prop_bufg_I_O)         0.101     5.178 r  system_i/clk_wiz_0/inst/clkout3_buf/O
                         net (fo=138, routed)         2.047     7.225    system_i/MIPI_D_PHY_RX_0/U0/ClockLane/GenSyncLP[1].GlitchFilterLP/RefClk
    SLICE_X106Y131       FDRE                                         r  system_i/MIPI_D_PHY_RX_0/U0/ClockLane/GenSyncLP[1].GlitchFilterLP/Filter.sOut_reg/C
  -------------------------------------------------------------------    -------------------
    SLICE_X106Y131       FDRE (Prop_fdre_C_Q)         0.456     7.681 f  system_i/MIPI_D_PHY_RX_0/U0/ClockLane/GenSyncLP[1].GlitchFilterLP/Filter.sOut_reg/Q
                         net (fo=9, routed)           0.929     8.610    system_i/MIPI_D_PHY_RX_0/U0/ClockLane/cLP[1]
    SLICE_X105Y133       LUT2 (Prop_lut2_I0_O)        0.124     8.734 f  system_i/MIPI_D_PHY_RX_0/U0/ClockLane/FSM_onehot_state[1]_i_10/O
                         net (fo=2, routed)           0.669     9.403    system_i/MIPI_D_PHY_RX_0/U0/ClockLane/SyncAsyncLocked/FSM_onehot_state_reg[1]
    SLICE_X107Y133       LUT6 (Prop_lut6_I2_O)        0.124     9.527 r  system_i/MIPI_D_PHY_RX_0/U0/ClockLane/SyncAsyncLocked/FSM_onehot_state[1]_i_9/O
                         net (fo=1, routed)           0.536    10.063    system_i/MIPI_D_PHY_RX_0/U0/ClockLane/SyncAsyncLocked/FSM_onehot_state[1]_i_9_n_0
    SLICE_X105Y134       LUT6 (Prop_lut6_I5_O)        0.124    10.187 r  system_i/MIPI_D_PHY_RX_0/U0/ClockLane/SyncAsyncLocked/FSM_onehot_state[1]_i_5/O
                         net (fo=1, routed)           0.619    10.805    system_i/MIPI_D_PHY_RX_0/U0/ClockLane/SyncAsyncLocked/FSM_onehot_state[1]_i_5_n_0
    SLICE_X105Y133       LUT5 (Prop_lut5_I4_O)        0.153    10.958 r  system_i/MIPI_D_PHY_RX_0/U0/ClockLane/SyncAsyncLocked/FSM_onehot_state[1]_i_2/O
                         net (fo=9, routed)           0.591    11.550    system_i/MIPI_D_PHY_RX_0/U0/ClockLane/SyncAsyncLocked_n_3
    SLICE_X104Y133       FDRE                                         r  system_i/MIPI_D_PHY_RX_0/U0/ClockLane/FSM_onehot_state_reg[7]/CE
  -------------------------------------------------------------------    -------------------

                         (clock clk_out3_system_clk_wiz_0_0 rise edge)
                                                      5.000     5.000 r  
    PS7_X0Y0             PS7                          0.000     5.000 r  system_i/processing_system7_0/inst/PS7_i/FCLKCLK[0]
                         net (fo=1, routed)           1.088     6.088    system_i/clk_wiz_0/inst/lopt
    BUFGCTRL_X0Y16       BUFG (Prop_bufg_I_O)         0.091     6.179 r  system_i/clk_wiz_0/inst/clkin1_bufg/O
                         net (fo=1, routed)           1.612     7.792    system_i/clk_wiz_0/inst/clk_in1_system_clk_wiz_0_0
    MMCME2_ADV_X1Y0      MMCME2_ADV (Prop_mmcme2_adv_CLKIN1_CLKOUT2)
                                                      0.083     7.875 r  system_i/clk_wiz_0/inst/mmcm_adv_inst/CLKOUT2
                         net (fo=1, routed)           1.725     9.600    system_i/clk_wiz_0/inst/clk_out3_system_clk_wiz_0_0
    BUFGCTRL_X0Y2        BUFG (Prop_bufg_I_O)         0.091     9.691 r  system_i/clk_wiz_0/inst/clkout3_buf/O
                         net (fo=138, routed)         1.779    11.470    system_i/MIPI_D_PHY_RX_0/U0/ClockLane/RefClk
    SLICE_X104Y133       FDRE                                         r  system_i/MIPI_D_PHY_RX_0/U0/ClockLane/FSM_onehot_state_reg[7]/C
                         clock pessimism              0.619    12.089    
                         clock uncertainty           -0.073    12.016    
    SLICE_X104Y133       FDRE (Setup_fdre_C_CE)      -0.372    11.644    system_i/MIPI_D_PHY_RX_0/U0/ClockLane/FSM_onehot_state_reg[7]
  -------------------------------------------------------------------
                         required time                         11.644    
                         arrival time                         -11.550    
  -------------------------------------------------------------------
                         slack                                  0.094    

Slack (MET) :             0.142ns  (required time - arrival time)
  Source:                 system_i/CNN_accelerator_1/U0/U_conv/U_SHIFT_BUFFER/tile_mem_reg[14][0]/C
                            (rising edge-triggered cell FDRE clocked by clk_out2_system_clk_wiz_0_0  {rise@0.000ns fall@5.000ns period=10.000ns})
  Destination:            system_i/CNN_accelerator_1/U0/U_conv/U_SHIFT_BUFFER/vertical_cache_reg[101][6][0]/D
                            (rising edge-triggered cell FDRE clocked by clk_out2_system_clk_wiz_0_0  {rise@0.000ns fall@5.000ns period=10.000ns})
  Path Group:             clk_out2_system_clk_wiz_0_0
  Path Type:              Setup (Max at Slow Process Corner)
  Requirement:            10.000ns  (clk_out2_system_clk_wiz_0_0 rise@10.000ns - clk_out2_system_clk_wiz_0_0 rise@0.000ns)
  Data Path Delay:        9.726ns  (logic 0.456ns (4.688%)  route 9.270ns (95.312%))
  Logic Levels:           0  
  Clock Path Skew:        0.007ns (DCD - SCD + CPR)
    Destination Clock Delay (DCD):    6.343ns = ( 16.343 - 10.000 ) 
    Source Clock Delay      (SCD):    6.823ns
    Clock Pessimism Removal (CPR):    0.487ns
  Clock Uncertainty:      0.081ns  ((TSJ^2 + DJ^2)^1/2) / 2 + PE
    Total System Jitter     (TSJ):    0.071ns
    Discrete Jitter          (DJ):    0.146ns
    Phase Error              (PE):    0.000ns

    Location             Delay type                Incr(ns)  Path(ns)    Netlist Resource(s)
  -------------------------------------------------------------------    -------------------
                         (clock clk_out2_system_clk_wiz_0_0 rise edge)
                                                      0.000     0.000 r  
    PS7_X0Y0             PS7                          0.000     0.000 r  system_i/processing_system7_0/inst/PS7_i/FCLKCLK[0]
                         net (fo=1, routed)           1.193     1.193    system_i/clk_wiz_0/inst/lopt
    BUFGCTRL_X0Y16       BUFG (Prop_bufg_I_O)         0.101     1.294 r  system_i/clk_wiz_0/inst/clkin1_bufg/O
                         net (fo=1, routed)           1.806     3.100    system_i/clk_wiz_0/inst/clk_in1_system_clk_wiz_0_0
    MMCME2_ADV_X1Y0      MMCME2_ADV (Prop_mmcme2_adv_CLKIN1_CLKOUT1)
                                                      0.088     3.188 r  system_i/clk_wiz_0/inst/mmcm_adv_inst/CLKOUT1
                         net (fo=1, routed)           1.889     5.077    system_i/clk_wiz_0/inst/clk_out2_system_clk_wiz_0_0
    BUFGCTRL_X0Y0        BUFG (Prop_bufg_I_O)         0.101     5.178 r  system_i/clk_wiz_0/inst/clkout2_buf/O
                         net (fo=28627, routed)       1.645     6.823    system_i/CNN_accelerator_1/U0/U_conv/U_SHIFT_BUFFER/sysclk
    SLICE_X40Y82         FDRE                                         r  system_i/CNN_accelerator_1/U0/U_conv/U_SHIFT_BUFFER/tile_mem_reg[14][0]/C
  -------------------------------------------------------------------    -------------------
    SLICE_X40Y82         FDRE (Prop_fdre_C_Q)         0.456     7.279 r  system_i/CNN_accelerator_1/U0/U_conv/U_SHIFT_BUFFER/tile_mem_reg[14][0]/Q
                         net (fo=131, routed)         9.270    16.549    system_i/CNN_accelerator_1/U0/U_conv/U_SHIFT_BUFFER/tile_mem_reg_n_0_[14][0]
    SLICE_X5Y38          FDRE                                         r  system_i/CNN_accelerator_1/U0/U_conv/U_SHIFT_BUFFER/vertical_cache_reg[101][6][0]/D
  -------------------------------------------------------------------    -------------------

                         (clock clk_out2_system_clk_wiz_0_0 rise edge)
                                                     10.000    10.000 r  
    PS7_X0Y0             PS7                          0.000    10.000 r  system_i/processing_system7_0/inst/PS7_i/FCLKCLK[0]
                         net (fo=1, routed)           1.088    11.088    system_i/clk_wiz_0/inst/lopt
    BUFGCTRL_X0Y16       BUFG (Prop_bufg_I_O)         0.091    11.179 r  system_i/clk_wiz_0/inst/clkin1_bufg/O
                         net (fo=1, routed)           1.612    12.792    system_i/clk_wiz_0/inst/clk_in1_system_clk_wiz_0_0
    MMCME2_ADV_X1Y0      MMCME2_ADV (Prop_mmcme2_adv_CLKIN1_CLKOUT1)
                                                      0.083    12.875 r  system_i/clk_wiz_0/inst/mmcm_adv_inst/CLKOUT1
                         net (fo=1, routed)           1.725    14.600    system_i/clk_wiz_0/inst/clk_out2_system_clk_wiz_0_0
    BUFGCTRL_X0Y0        BUFG (Prop_bufg_I_O)         0.091    14.691 r  system_i/clk_wiz_0/inst/clkout2_buf/O
                         net (fo=28627, routed)       1.652    16.343    system_i/CNN_accelerator_1/U0/U_conv/U_SHIFT_BUFFER/sysclk
    SLICE_X5Y38          FDRE                                         r  system_i/CNN_accelerator_1/U0/U_conv/U_SHIFT_BUFFER/vertical_cache_reg[101][6][0]/C
                         clock pessimism              0.487    16.830    
                         clock uncertainty           -0.081    16.749    
    SLICE_X5Y38          FDRE (Setup_fdre_C_D)       -0.058    16.691    system_i/CNN_accelerator_1/U0/U_conv/U_SHIFT_BUFFER/vertical_cache_reg[101][6][0]
  -------------------------------------------------------------------
                         required time                         16.691    
                         arrival time                         -16.549    
  -------------------------------------------------------------------
                         slack                                  0.142    

Slack (MET) :             0.155ns  (required time - arrival time)
  Source:                 system_i/CNN_accelerator_1/U0/U_conv/U_SHIFT_BUFFER/tile_mem_reg[14][0]/C
                            (rising edge-triggered cell FDRE clocked by clk_out2_system_clk_wiz_0_0  {rise@0.000ns fall@5.000ns period=10.000ns})
  Destination:            system_i/CNN_accelerator_1/U0/U_conv/U_SHIFT_BUFFER/vertical_cache_reg[93][6][0]/D
                            (rising edge-triggered cell FDRE clocked by clk_out2_system_clk_wiz_0_0  {rise@0.000ns fall@5.000ns period=10.000ns})
  Path Group:             clk_out2_system_clk_wiz_0_0
  Path Type:              Setup (Max at Slow Process Corner)
  Requirement:            10.000ns  (clk_out2_system_clk_wiz_0_0 rise@10.000ns - clk_out2_system_clk_wiz_0_0 rise@0.000ns)
  Data Path Delay:        9.726ns  (logic 0.456ns (4.688%)  route 9.270ns (95.312%))
  Logic Levels:           0  
  Clock Path Skew:        0.007ns (DCD - SCD + CPR)
    Destination Clock Delay (DCD):    6.343ns = ( 16.343 - 10.000 ) 
    Source Clock Delay      (SCD):    6.823ns
    Clock Pessimism Removal (CPR):    0.487ns
  Clock Uncertainty:      0.081ns  ((TSJ^2 + DJ^2)^1/2) / 2 + PE
    Total System Jitter     (TSJ):    0.071ns
    Discrete Jitter          (DJ):    0.146ns
    Phase Error              (PE):    0.000ns

    Location             Delay type                Incr(ns)  Path(ns)    Netlist Resource(s)
  -------------------------------------------------------------------    -------------------
                         (clock clk_out2_system_clk_wiz_0_0 rise edge)
                                                      0.000     0.000 r  
    PS7_X0Y0             PS7                          0.000     0.000 r  system_i/processing_system7_0/inst/PS7_i/FCLKCLK[0]
                         net (fo=1, routed)           1.193     1.193    system_i/clk_wiz_0/inst/lopt
    BUFGCTRL_X0Y16       BUFG (Prop_bufg_I_O)         0.101     1.294 r  system_i/clk_wiz_0/inst/clkin1_bufg/O
                         net (fo=1, routed)           1.806     3.100    system_i/clk_wiz_0/inst/clk_in1_system_clk_wiz_0_0
    MMCME2_ADV_X1Y0      MMCME2_ADV (Prop_mmcme2_adv_CLKIN1_CLKOUT1)
                                                      0.088     3.188 r  system_i/clk_wiz_0/inst/mmcm_adv_inst/CLKOUT1
                         net (fo=1, routed)           1.889     5.077    system_i/clk_wiz_0/inst/clk_out2_system_clk_wiz_0_0
    BUFGCTRL_X0Y0        BUFG (Prop_bufg_I_O)         0.101     5.178 r  system_i/clk_wiz_0/inst/clkout2_buf/O
                         net (fo=28627, routed)       1.645     6.823    system_i/CNN_accelerator_1/U0/U_conv/U_SHIFT_BUFFER/sysclk
    SLICE_X40Y82         FDRE                                         r  system_i/CNN_accelerator_1/U0/U_conv/U_SHIFT_BUFFER/tile_mem_reg[14][0]/C
  -------------------------------------------------------------------    -------------------
    SLICE_X40Y82         FDRE (Prop_fdre_C_Q)         0.456     7.279 r  system_i/CNN_accelerator_1/U0/U_conv/U_SHIFT_BUFFER/tile_mem_reg[14][0]/Q
                         net (fo=131, routed)         9.270    16.549    system_i/CNN_accelerator_1/U0/U_conv/U_SHIFT_BUFFER/tile_mem_reg_n_0_[14][0]
    SLICE_X4Y38          FDRE                                         r  system_i/CNN_accelerator_1/U0/U_conv/U_SHIFT_BUFFER/vertical_cache_reg[93][6][0]/D
  -------------------------------------------------------------------    -------------------

                         (clock clk_out2_system_clk_wiz_0_0 rise edge)
                                                     10.000    10.000 r  
    PS7_X0Y0             PS7                          0.000    10.000 r  system_i/processing_system7_0/inst/PS7_i/FCLKCLK[0]
                         net (fo=1, routed)           1.088    11.088    system_i/clk_wiz_0/inst/lopt
    BUFGCTRL_X0Y16       BUFG (Prop_bufg_I_O)         0.091    11.179 r  system_i/clk_wiz_0/inst/clkin1_bufg/O
                         net (fo=1, routed)           1.612    12.792    system_i/clk_wiz_0/inst/clk_in1_system_clk_wiz_0_0
    MMCME2_ADV_X1Y0      MMCME2_ADV (Prop_mmcme2_adv_CLKIN1_CLKOUT1)
                                                      0.083    12.875 r  system_i/clk_wiz_0/inst/mmcm_adv_inst/CLKOUT1
                         net (fo=1, routed)           1.725    14.600    system_i/clk_wiz_0/inst/clk_out2_system_clk_wiz_0_0
    BUFGCTRL_X0Y0        BUFG (Prop_bufg_I_O)         0.091    14.691 r  system_i/clk_wiz_0/inst/clkout2_buf/O
                         net (fo=28627, routed)       1.652    16.343    system_i/CNN_accelerator_1/U0/U_conv/U_SHIFT_BUFFER/sysclk
    SLICE_X4Y38          FDRE                                         r  system_i/CNN_accelerator_1/U0/U_conv/U_SHIFT_BUFFER/vertical_cache_reg[93][6][0]/C
                         clock pessimism              0.487    16.830    
                         clock uncertainty           -0.081    16.749    
    SLICE_X4Y38          FDRE (Setup_fdre_C_D)       -0.045    16.704    system_i/CNN_accelerator_1/U0/U_conv/U_SHIFT_BUFFER/vertical_cache_reg[93][6][0]
  -------------------------------------------------------------------
                         required time                         16.704    
                         arrival time                         -16.549    
  -------------------------------------------------------------------
                         slack                                  0.155    

Slack (MET) :             0.159ns  (required time - arrival time)
  Source:                 system_i/CNN_accelerator_1/U0/U_conv/U_SHIFT_BUFFER/tile_mem_reg[14][0]/C
                            (rising edge-triggered cell FDRE clocked by clk_out2_system_clk_wiz_0_0  {rise@0.000ns fall@5.000ns period=10.000ns})
  Destination:            system_i/CNN_accelerator_1/U0/U_conv/U_SHIFT_BUFFER/vertical_cache_reg[77][6][0]/D
                            (rising edge-triggered cell FDRE clocked by clk_out2_system_clk_wiz_0_0  {rise@0.000ns fall@5.000ns period=10.000ns})
  Path Group:             clk_out2_system_clk_wiz_0_0
  Path Type:              Setup (Max at Slow Process Corner)
  Requirement:            10.000ns  (clk_out2_system_clk_wiz_0_0 rise@10.000ns - clk_out2_system_clk_wiz_0_0 rise@0.000ns)
  Data Path Delay:        9.686ns  (logic 0.456ns (4.708%)  route 9.230ns (95.292%))
  Logic Levels:           0  
  Clock Path Skew:        0.007ns (DCD - SCD + CPR)
    Destination Clock Delay (DCD):    6.343ns = ( 16.343 - 10.000 ) 
    Source Clock Delay      (SCD):    6.823ns
    Clock Pessimism Removal (CPR):    0.487ns
  Clock Uncertainty:      0.081ns  ((TSJ^2 + DJ^2)^1/2) / 2 + PE
    Total System Jitter     (TSJ):    0.071ns
    Discrete Jitter          (DJ):    0.146ns
    Phase Error              (PE):    0.000ns

    Location             Delay type                Incr(ns)  Path(ns)    Netlist Resource(s)
  -------------------------------------------------------------------    -------------------
                         (clock clk_out2_system_clk_wiz_0_0 rise edge)
                                                      0.000     0.000 r  
    PS7_X0Y0             PS7                          0.000     0.000 r  system_i/processing_system7_0/inst/PS7_i/FCLKCLK[0]
                         net (fo=1, routed)           1.193     1.193    system_i/clk_wiz_0/inst/lopt
    BUFGCTRL_X0Y16       BUFG (Prop_bufg_I_O)         0.101     1.294 r  system_i/clk_wiz_0/inst/clkin1_bufg/O
                         net (fo=1, routed)           1.806     3.100    system_i/clk_wiz_0/inst/clk_in1_system_clk_wiz_0_0
    MMCME2_ADV_X1Y0      MMCME2_ADV (Prop_mmcme2_adv_CLKIN1_CLKOUT1)
                                                      0.088     3.188 r  system_i/clk_wiz_0/inst/mmcm_adv_inst/CLKOUT1
                         net (fo=1, routed)           1.889     5.077    system_i/clk_wiz_0/inst/clk_out2_system_clk_wiz_0_0
    BUFGCTRL_X0Y0        BUFG (Prop_bufg_I_O)         0.101     5.178 r  system_i/clk_wiz_0/inst/clkout2_buf/O
                         net (fo=28627, routed)       1.645     6.823    system_i/CNN_accelerator_1/U0/U_conv/U_SHIFT_BUFFER/sysclk
    SLICE_X40Y82         FDRE                                         r  system_i/CNN_accelerator_1/U0/U_conv/U_SHIFT_BUFFER/tile_mem_reg[14][0]/C
  -------------------------------------------------------------------    -------------------
    SLICE_X40Y82         FDRE (Prop_fdre_C_Q)         0.456     7.279 r  system_i/CNN_accelerator_1/U0/U_conv/U_SHIFT_BUFFER/tile_mem_reg[14][0]/Q
                         net (fo=131, routed)         9.230    16.509    system_i/CNN_accelerator_1/U0/U_conv/U_SHIFT_BUFFER/tile_mem_reg_n_0_[14][0]
    SLICE_X1Y37          FDRE                                         r  system_i/CNN_accelerator_1/U0/U_conv/U_SHIFT_BUFFER/vertical_cache_reg[77][6][0]/D
  -------------------------------------------------------------------    -------------------

                         (clock clk_out2_system_clk_wiz_0_0 rise edge)
                                                     10.000    10.000 r  
    PS7_X0Y0             PS7                          0.000    10.000 r  system_i/processing_system7_0/inst/PS7_i/FCLKCLK[0]
                         net (fo=1, routed)           1.088    11.088    system_i/clk_wiz_0/inst/lopt
    BUFGCTRL_X0Y16       BUFG (Prop_bufg_I_O)         0.091    11.179 r  system_i/clk_wiz_0/inst/clkin1_bufg/O
                         net (fo=1, routed)           1.612    12.792    system_i/clk_wiz_0/inst/clk_in1_system_clk_wiz_0_0
    MMCME2_ADV_X1Y0      MMCME2_ADV (Prop_mmcme2_adv_CLKIN1_CLKOUT1)
                                                      0.083    12.875 r  system_i/clk_wiz_0/inst/mmcm_adv_inst/CLKOUT1
                         net (fo=1, routed)           1.725    14.600    system_i/clk_wiz_0/inst/clk_out2_system_clk_wiz_0_0
    BUFGCTRL_X0Y0        BUFG (Prop_bufg_I_O)         0.091    14.691 r  system_i/clk_wiz_0/inst/clkout2_buf/O
                         net (fo=28627, routed)       1.652    16.343    system_i/CNN_accelerator_1/U0/U_conv/U_SHIFT_BUFFER/sysclk
    SLICE_X1Y37          FDRE                                         r  system_i/CNN_accelerator_1/U0/U_conv/U_SHIFT_BUFFER/vertical_cache_reg[77][6][0]/C
                         clock pessimism              0.487    16.830    
                         clock uncertainty           -0.081    16.749    
    SLICE_X1Y37          FDRE (Setup_fdre_C_D)       -0.081    16.668    system_i/CNN_accelerator_1/U0/U_conv/U_SHIFT_BUFFER/vertical_cache_reg[77][6][0]
  -------------------------------------------------------------------
                         required time                         16.668    
                         arrival time                         -16.509    
  -------------------------------------------------------------------
                         slack                                  0.159    

Slack (MET) :             0.167ns  (required time - arrival time)
  Source:                 system_i/CNN_accelerator_1/U0/U_conv/U_CONV_CONTROLLER/input_channels_reg_reg[4]/C
                            (rising edge-triggered cell FDRE clocked by clk_out2_system_clk_wiz_0_0  {rise@0.000ns fall@5.000ns period=10.000ns})
  Destination:            system_i/CNN_accelerator_1/U0/U_padding/padded_data_raddr_reg_reg[4]/R
                            (rising edge-triggered cell FDRE clocked by clk_out2_system_clk_wiz_0_0  {rise@0.000ns fall@5.000ns period=10.000ns})
  Path Group:             clk_out2_system_clk_wiz_0_0
  Path Type:              Setup (Max at Slow Process Corner)
  Requirement:            10.000ns  (clk_out2_system_clk_wiz_0_0 rise@10.000ns - clk_out2_system_clk_wiz_0_0 rise@0.000ns)
  Data Path Delay:        9.150ns  (logic 1.572ns (17.180%)  route 7.578ns (82.820%))
  Logic Levels:           9  (LUT3=2 LUT4=2 LUT5=1 LUT6=4)
  Clock Path Skew:        -0.172ns (DCD - SCD + CPR)
    Destination Clock Delay (DCD):    6.159ns = ( 16.159 - 10.000 ) 
    Source Clock Delay      (SCD):    6.833ns
    Clock Pessimism Removal (CPR):    0.501ns
  Clock Uncertainty:      0.081ns  ((TSJ^2 + DJ^2)^1/2) / 2 + PE
    Total System Jitter     (TSJ):    0.071ns
    Discrete Jitter          (DJ):    0.146ns
    Phase Error              (PE):    0.000ns

    Location             Delay type                Incr(ns)  Path(ns)    Netlist Resource(s)
  -------------------------------------------------------------------    -------------------
                         (clock clk_out2_system_clk_wiz_0_0 rise edge)
                                                      0.000     0.000 r  
    PS7_X0Y0             PS7                          0.000     0.000 r  system_i/processing_system7_0/inst/PS7_i/FCLKCLK[0]
                         net (fo=1, routed)           1.193     1.193    system_i/clk_wiz_0/inst/lopt
    BUFGCTRL_X0Y16       BUFG (Prop_bufg_I_O)         0.101     1.294 r  system_i/clk_wiz_0/inst/clkin1_bufg/O
                         net (fo=1, routed)           1.806     3.100    system_i/clk_wiz_0/inst/clk_in1_system_clk_wiz_0_0
    MMCME2_ADV_X1Y0      MMCME2_ADV (Prop_mmcme2_adv_CLKIN1_CLKOUT1)
                                                      0.088     3.188 r  system_i/clk_wiz_0/inst/mmcm_adv_inst/CLKOUT1
                         net (fo=1, routed)           1.889     5.077    system_i/clk_wiz_0/inst/clk_out2_system_clk_wiz_0_0
    BUFGCTRL_X0Y0        BUFG (Prop_bufg_I_O)         0.101     5.178 r  system_i/clk_wiz_0/inst/clkout2_buf/O
                         net (fo=28627, routed)       1.655     6.833    system_i/CNN_accelerator_1/U0/U_conv/U_CONV_CONTROLLER/sysclk
    SLICE_X33Y55         FDRE                                         r  system_i/CNN_accelerator_1/U0/U_conv/U_CONV_CONTROLLER/input_channels_reg_reg[4]/C
  -------------------------------------------------------------------    -------------------
    SLICE_X33Y55         FDRE (Prop_fdre_C_Q)         0.456     7.289 r  system_i/CNN_accelerator_1/U0/U_conv/U_CONV_CONTROLLER/input_channels_reg_reg[4]/Q
                         net (fo=19, routed)          0.639     7.928    system_i/CNN_accelerator_1/U0/U_conv/U_CONV_CONTROLLER/input_channels_reg[4]
    SLICE_X34Y54         LUT3 (Prop_lut3_I2_O)        0.124     8.052 r  system_i/CNN_accelerator_1/U0/U_conv/U_CONV_CONTROLLER/tile_mem[13][7]_i_7/O
                         net (fo=8, routed)           0.656     8.707    system_i/CNN_accelerator_1/U0/U_conv/U_CONV_CONTROLLER/tile_mem[13][7]_i_7_n_0
    SLICE_X38Y56         LUT6 (Prop_lut6_I5_O)        0.124     8.831 f  system_i/CNN_accelerator_1/U0/U_conv/U_CONV_CONTROLLER/tile_mem[13][7]_i_4/O
                         net (fo=149, routed)         0.870     9.701    system_i/CNN_accelerator_1/U0/U_conv/U_CONV_CONTROLLER/shift_reuse_horizontal
    SLICE_X53Y53         LUT6 (Prop_lut6_I3_O)        0.124     9.825 r  system_i/CNN_accelerator_1/U0/U_conv/U_CONV_CONTROLLER/padded_data_raddr_reg0_carry__0_i_13/O
                         net (fo=3, routed)           0.646    10.471    system_i/CNN_accelerator_1/U0/U_conv/U_CONV_CONTROLLER/padded_data_raddr_reg0_carry__0_i_13_n_0
    SLICE_X55Y52         LUT4 (Prop_lut4_I2_O)        0.124    10.595 f  system_i/CNN_accelerator_1/U0/U_conv/U_CONV_CONTROLLER/padded_data_raddr_reg0_carry__0_i_14/O
                         net (fo=9, routed)           1.065    11.660    system_i/CNN_accelerator_1/U0/U_conv/U_CONV_CONTROLLER/pool_x_reg_reg[6]_0
    SLICE_X53Y53         LUT3 (Prop_lut3_I1_O)        0.124    11.784 f  system_i/CNN_accelerator_1/U0/U_conv/U_CONV_CONTROLLER/padded_img_raddr_reg[13]_i_12/O
                         net (fo=1, routed)           0.402    12.186    system_i/CNN_accelerator_1/U0/U_conv/U_CONV_CONTROLLER/padded_img_raddr_reg[13]_i_12_n_0
    SLICE_X53Y53         LUT6 (Prop_lut6_I4_O)        0.124    12.310 r  system_i/CNN_accelerator_1/U0/U_conv/U_CONV_CONTROLLER/padded_img_raddr_reg[13]_i_11/O
                         net (fo=1, routed)           0.487    12.797    system_i/CNN_accelerator_1/U0/U_conv/U_CONV_CONTROLLER/padded_img_raddr_reg[13]_i_11_n_0
    SLICE_X55Y53         LUT5 (Prop_lut5_I1_O)        0.124    12.921 r  system_i/CNN_accelerator_1/U0/U_conv/U_CONV_CONTROLLER/padded_img_raddr_reg[13]_i_6/O
                         net (fo=1, routed)           0.305    13.226    system_i/CNN_accelerator_1/U0/U_CNN_acc_controller/padded_data_raddr_reg_reg[15]_0
    SLICE_X56Y53         LUT6 (Prop_lut6_I4_O)        0.124    13.350 r  system_i/CNN_accelerator_1/U0/U_CNN_acc_controller/padded_img_raddr_reg[13]_i_2/O
                         net (fo=3, routed)           1.289    14.639    system_i/CNN_accelerator_1/U0/U_CNN_acc_controller/padded_img_raddr_reg[13]_i_2_n_0
    SLICE_X34Y59         LUT4 (Prop_lut4_I3_O)        0.124    14.763 r  system_i/CNN_accelerator_1/U0/U_CNN_acc_controller/padded_data_raddr_reg[15]_i_1/O
                         net (fo=16, routed)          1.220    15.983    system_i/CNN_accelerator_1/U0/U_padding/padded_data_raddr_reg_reg[15]_2[0]
    SLICE_X52Y53         FDRE                                         r  system_i/CNN_accelerator_1/U0/U_padding/padded_data_raddr_reg_reg[4]/R
  -------------------------------------------------------------------    -------------------

                         (clock clk_out2_system_clk_wiz_0_0 rise edge)
                                                     10.000    10.000 r  
    PS7_X0Y0             PS7                          0.000    10.000 r  system_i/processing_system7_0/inst/PS7_i/FCLKCLK[0]
                         net (fo=1, routed)           1.088    11.088    system_i/clk_wiz_0/inst/lopt
    BUFGCTRL_X0Y16       BUFG (Prop_bufg_I_O)         0.091    11.179 r  system_i/clk_wiz_0/inst/clkin1_bufg/O
                         net (fo=1, routed)           1.612    12.792    system_i/clk_wiz_0/inst/clk_in1_system_clk_wiz_0_0
    MMCME2_ADV_X1Y0      MMCME2_ADV (Prop_mmcme2_adv_CLKIN1_CLKOUT1)
                                                      0.083    12.875 r  system_i/clk_wiz_0/inst/mmcm_adv_inst/CLKOUT1
                         net (fo=1, routed)           1.725    14.600    system_i/clk_wiz_0/inst/clk_out2_system_clk_wiz_0_0
    BUFGCTRL_X0Y0        BUFG (Prop_bufg_I_O)         0.091    14.691 r  system_i/clk_wiz_0/inst/clkout2_buf/O
                         net (fo=28627, routed)       1.469    16.159    system_i/CNN_accelerator_1/U0/U_padding/sysclk
    SLICE_X52Y53         FDRE                                         r  system_i/CNN_accelerator_1/U0/U_padding/padded_data_raddr_reg_reg[4]/C
                         clock pessimism              0.501    16.661    
                         clock uncertainty           -0.081    16.580    
    SLICE_X52Y53         FDRE (Setup_fdre_C_R)       -0.429    16.151    system_i/CNN_accelerator_1/U0/U_padding/padded_data_raddr_reg_reg[4]
  -------------------------------------------------------------------
                         required time                         16.151    
                         arrival time                         -15.983    
  -------------------------------------------------------------------
                         slack                                  0.167    

Slack (MET) :             0.167ns  (required time - arrival time)
  Source:                 system_i/CNN_accelerator_1/U0/U_conv/U_CONV_CONTROLLER/input_channels_reg_reg[4]/C
                            (rising edge-triggered cell FDRE clocked by clk_out2_system_clk_wiz_0_0  {rise@0.000ns fall@5.000ns period=10.000ns})
  Destination:            system_i/CNN_accelerator_1/U0/U_padding/padded_data_raddr_reg_reg[5]/R
                            (rising edge-triggered cell FDRE clocked by clk_out2_system_clk_wiz_0_0  {rise@0.000ns fall@5.000ns period=10.000ns})
  Path Group:             clk_out2_system_clk_wiz_0_0
  Path Type:              Setup (Max at Slow Process Corner)
  Requirement:            10.000ns  (clk_out2_system_clk_wiz_0_0 rise@10.000ns - clk_out2_system_clk_wiz_0_0 rise@0.000ns)
  Data Path Delay:        9.150ns  (logic 1.572ns (17.180%)  route 7.578ns (82.820%))
  Logic Levels:           9  (LUT3=2 LUT4=2 LUT5=1 LUT6=4)
  Clock Path Skew:        -0.172ns (DCD - SCD + CPR)
    Destination Clock Delay (DCD):    6.159ns = ( 16.159 - 10.000 ) 
    Source Clock Delay      (SCD):    6.833ns
    Clock Pessimism Removal (CPR):    0.501ns
  Clock Uncertainty:      0.081ns  ((TSJ^2 + DJ^2)^1/2) / 2 + PE
    Total System Jitter     (TSJ):    0.071ns
    Discrete Jitter          (DJ):    0.146ns
    Phase Error              (PE):    0.000ns

    Location             Delay type                Incr(ns)  Path(ns)    Netlist Resource(s)
  -------------------------------------------------------------------    -------------------
                         (clock clk_out2_system_clk_wiz_0_0 rise edge)
                                                      0.000     0.000 r  
    PS7_X0Y0             PS7                          0.000     0.000 r  system_i/processing_system7_0/inst/PS7_i/FCLKCLK[0]
                         net (fo=1, routed)           1.193     1.193    system_i/clk_wiz_0/inst/lopt
    BUFGCTRL_X0Y16       BUFG (Prop_bufg_I_O)         0.101     1.294 r  system_i/clk_wiz_0/inst/clkin1_bufg/O
                         net (fo=1, routed)           1.806     3.100    system_i/clk_wiz_0/inst/clk_in1_system_clk_wiz_0_0
    MMCME2_ADV_X1Y0      MMCME2_ADV (Prop_mmcme2_adv_CLKIN1_CLKOUT1)
                                                      0.088     3.188 r  system_i/clk_wiz_0/inst/mmcm_adv_inst/CLKOUT1
                         net (fo=1, routed)           1.889     5.077    system_i/clk_wiz_0/inst/clk_out2_system_clk_wiz_0_0
    BUFGCTRL_X0Y0        BUFG (Prop_bufg_I_O)         0.101     5.178 r  system_i/clk_wiz_0/inst/clkout2_buf/O
                         net (fo=28627, routed)       1.655     6.833    system_i/CNN_accelerator_1/U0/U_conv/U_CONV_CONTROLLER/sysclk
    SLICE_X33Y55         FDRE                                         r  system_i/CNN_accelerator_1/U0/U_conv/U_CONV_CONTROLLER/input_channels_reg_reg[4]/C
  -------------------------------------------------------------------    -------------------
    SLICE_X33Y55         FDRE (Prop_fdre_C_Q)         0.456     7.289 r  system_i/CNN_accelerator_1/U0/U_conv/U_CONV_CONTROLLER/input_channels_reg_reg[4]/Q
                         net (fo=19, routed)          0.639     7.928    system_i/CNN_accelerator_1/U0/U_conv/U_CONV_CONTROLLER/input_channels_reg[4]
    SLICE_X34Y54         LUT3 (Prop_lut3_I2_O)        0.124     8.052 r  system_i/CNN_accelerator_1/U0/U_conv/U_CONV_CONTROLLER/tile_mem[13][7]_i_7/O
                         net (fo=8, routed)           0.656     8.707    system_i/CNN_accelerator_1/U0/U_conv/U_CONV_CONTROLLER/tile_mem[13][7]_i_7_n_0
    SLICE_X38Y56         LUT6 (Prop_lut6_I5_O)        0.124     8.831 f  system_i/CNN_accelerator_1/U0/U_conv/U_CONV_CONTROLLER/tile_mem[13][7]_i_4/O
                         net (fo=149, routed)         0.870     9.701    system_i/CNN_accelerator_1/U0/U_conv/U_CONV_CONTROLLER/shift_reuse_horizontal
    SLICE_X53Y53         LUT6 (Prop_lut6_I3_O)        0.124     9.825 r  system_i/CNN_accelerator_1/U0/U_conv/U_CONV_CONTROLLER/padded_data_raddr_reg0_carry__0_i_13/O
                         net (fo=3, routed)           0.646    10.471    system_i/CNN_accelerator_1/U0/U_conv/U_CONV_CONTROLLER/padded_data_raddr_reg0_carry__0_i_13_n_0
    SLICE_X55Y52         LUT4 (Prop_lut4_I2_O)        0.124    10.595 f  system_i/CNN_accelerator_1/U0/U_conv/U_CONV_CONTROLLER/padded_data_raddr_reg0_carry__0_i_14/O
                         net (fo=9, routed)           1.065    11.660    system_i/CNN_accelerator_1/U0/U_conv/U_CONV_CONTROLLER/pool_x_reg_reg[6]_0
    SLICE_X53Y53         LUT3 (Prop_lut3_I1_O)        0.124    11.784 f  system_i/CNN_accelerator_1/U0/U_conv/U_CONV_CONTROLLER/padded_img_raddr_reg[13]_i_12/O
                         net (fo=1, routed)           0.402    12.186    system_i/CNN_accelerator_1/U0/U_conv/U_CONV_CONTROLLER/padded_img_raddr_reg[13]_i_12_n_0
    SLICE_X53Y53         LUT6 (Prop_lut6_I4_O)        0.124    12.310 r  system_i/CNN_accelerator_1/U0/U_conv/U_CONV_CONTROLLER/padded_img_raddr_reg[13]_i_11/O
                         net (fo=1, routed)           0.487    12.797    system_i/CNN_accelerator_1/U0/U_conv/U_CONV_CONTROLLER/padded_img_raddr_reg[13]_i_11_n_0
    SLICE_X55Y53         LUT5 (Prop_lut5_I1_O)        0.124    12.921 r  system_i/CNN_accelerator_1/U0/U_conv/U_CONV_CONTROLLER/padded_img_raddr_reg[13]_i_6/O
                         net (fo=1, routed)           0.305    13.226    system_i/CNN_accelerator_1/U0/U_CNN_acc_controller/padded_data_raddr_reg_reg[15]_0
    SLICE_X56Y53         LUT6 (Prop_lut6_I4_O)        0.124    13.350 r  system_i/CNN_accelerator_1/U0/U_CNN_acc_controller/padded_img_raddr_reg[13]_i_2/O
                         net (fo=3, routed)           1.289    14.639    system_i/CNN_accelerator_1/U0/U_CNN_acc_controller/padded_img_raddr_reg[13]_i_2_n_0
    SLICE_X34Y59         LUT4 (Prop_lut4_I3_O)        0.124    14.763 r  system_i/CNN_accelerator_1/U0/U_CNN_acc_controller/padded_data_raddr_reg[15]_i_1/O
                         net (fo=16, routed)          1.220    15.983    system_i/CNN_accelerator_1/U0/U_padding/padded_data_raddr_reg_reg[15]_2[0]
    SLICE_X52Y53         FDRE                                         r  system_i/CNN_accelerator_1/U0/U_padding/padded_data_raddr_reg_reg[5]/R
  -------------------------------------------------------------------    -------------------

                         (clock clk_out2_system_clk_wiz_0_0 rise edge)
                                                     10.000    10.000 r  
    PS7_X0Y0             PS7                          0.000    10.000 r  system_i/processing_system7_0/inst/PS7_i/FCLKCLK[0]
                         net (fo=1, routed)           1.088    11.088    system_i/clk_wiz_0/inst/lopt
    BUFGCTRL_X0Y16       BUFG (Prop_bufg_I_O)         0.091    11.179 r  system_i/clk_wiz_0/inst/clkin1_bufg/O
                         net (fo=1, routed)           1.612    12.792    system_i/clk_wiz_0/inst/clk_in1_system_clk_wiz_0_0
    MMCME2_ADV_X1Y0      MMCME2_ADV (Prop_mmcme2_adv_CLKIN1_CLKOUT1)
                                                      0.083    12.875 r  system_i/clk_wiz_0/inst/mmcm_adv_inst/CLKOUT1
                         net (fo=1, routed)           1.725    14.600    system_i/clk_wiz_0/inst/clk_out2_system_clk_wiz_0_0
    BUFGCTRL_X0Y0        BUFG (Prop_bufg_I_O)         0.091    14.691 r  system_i/clk_wiz_0/inst/clkout2_buf/O
                         net (fo=28627, routed)       1.469    16.159    system_i/CNN_accelerator_1/U0/U_padding/sysclk
    SLICE_X52Y53         FDRE                                         r  system_i/CNN_accelerator_1/U0/U_padding/padded_data_raddr_reg_reg[5]/C
                         clock pessimism              0.501    16.661    
                         clock uncertainty           -0.081    16.580    
    SLICE_X52Y53         FDRE (Setup_fdre_C_R)       -0.429    16.151    system_i/CNN_accelerator_1/U0/U_padding/padded_data_raddr_reg_reg[5]
  -------------------------------------------------------------------
                         required time                         16.151    
                         arrival time                         -15.983    
  -------------------------------------------------------------------
                         slack                                  0.167    

Slack (MET) :             0.167ns  (required time - arrival time)
  Source:                 system_i/CNN_accelerator_1/U0/U_conv/U_CONV_CONTROLLER/input_channels_reg_reg[4]/C
                            (rising edge-triggered cell FDRE clocked by clk_out2_system_clk_wiz_0_0  {rise@0.000ns fall@5.000ns period=10.000ns})
  Destination:            system_i/CNN_accelerator_1/U0/U_padding/padded_data_raddr_reg_reg[6]/R
                            (rising edge-triggered cell FDRE clocked by clk_out2_system_clk_wiz_0_0  {rise@0.000ns fall@5.000ns period=10.000ns})
  Path Group:             clk_out2_system_clk_wiz_0_0
  Path Type:              Setup (Max at Slow Process Corner)
  Requirement:            10.000ns  (clk_out2_system_clk_wiz_0_0 rise@10.000ns - clk_out2_system_clk_wiz_0_0 rise@0.000ns)
  Data Path Delay:        9.150ns  (logic 1.572ns (17.180%)  route 7.578ns (82.820%))
  Logic Levels:           9  (LUT3=2 LUT4=2 LUT5=1 LUT6=4)
  Clock Path Skew:        -0.172ns (DCD - SCD + CPR)
    Destination Clock Delay (DCD):    6.159ns = ( 16.159 - 10.000 ) 
    Source Clock Delay      (SCD):    6.833ns
    Clock Pessimism Removal (CPR):    0.501ns
  Clock Uncertainty:      0.081ns  ((TSJ^2 + DJ^2)^1/2) / 2 + PE
    Total System Jitter     (TSJ):    0.071ns
    Discrete Jitter          (DJ):    0.146ns
    Phase Error              (PE):    0.000ns

    Location             Delay type                Incr(ns)  Path(ns)    Netlist Resource(s)
  -------------------------------------------------------------------    -------------------
                         (clock clk_out2_system_clk_wiz_0_0 rise edge)
                                                      0.000     0.000 r  
    PS7_X0Y0             PS7                          0.000     0.000 r  system_i/processing_system7_0/inst/PS7_i/FCLKCLK[0]
                         net (fo=1, routed)           1.193     1.193    system_i/clk_wiz_0/inst/lopt
    BUFGCTRL_X0Y16       BUFG (Prop_bufg_I_O)         0.101     1.294 r  system_i/clk_wiz_0/inst/clkin1_bufg/O
                         net (fo=1, routed)           1.806     3.100    system_i/clk_wiz_0/inst/clk_in1_system_clk_wiz_0_0
    MMCME2_ADV_X1Y0      MMCME2_ADV (Prop_mmcme2_adv_CLKIN1_CLKOUT1)
                                                      0.088     3.188 r  system_i/clk_wiz_0/inst/mmcm_adv_inst/CLKOUT1
                         net (fo=1, routed)           1.889     5.077    system_i/clk_wiz_0/inst/clk_out2_system_clk_wiz_0_0
    BUFGCTRL_X0Y0        BUFG (Prop_bufg_I_O)         0.101     5.178 r  system_i/clk_wiz_0/inst/clkout2_buf/O
                         net (fo=28627, routed)       1.655     6.833    system_i/CNN_accelerator_1/U0/U_conv/U_CONV_CONTROLLER/sysclk
    SLICE_X33Y55         FDRE                                         r  system_i/CNN_accelerator_1/U0/U_conv/U_CONV_CONTROLLER/input_channels_reg_reg[4]/C
  -------------------------------------------------------------------    -------------------
    SLICE_X33Y55         FDRE (Prop_fdre_C_Q)         0.456     7.289 r  system_i/CNN_accelerator_1/U0/U_conv/U_CONV_CONTROLLER/input_channels_reg_reg[4]/Q
                         net (fo=19, routed)          0.639     7.928    system_i/CNN_accelerator_1/U0/U_conv/U_CONV_CONTROLLER/input_channels_reg[4]
    SLICE_X34Y54         LUT3 (Prop_lut3_I2_O)        0.124     8.052 r  system_i/CNN_accelerator_1/U0/U_conv/U_CONV_CONTROLLER/tile_mem[13][7]_i_7/O
                         net (fo=8, routed)           0.656     8.707    system_i/CNN_accelerator_1/U0/U_conv/U_CONV_CONTROLLER/tile_mem[13][7]_i_7_n_0
    SLICE_X38Y56         LUT6 (Prop_lut6_I5_O)        0.124     8.831 f  system_i/CNN_accelerator_1/U0/U_conv/U_CONV_CONTROLLER/tile_mem[13][7]_i_4/O
                         net (fo=149, routed)         0.870     9.701    system_i/CNN_accelerator_1/U0/U_conv/U_CONV_CONTROLLER/shift_reuse_horizontal
    SLICE_X53Y53         LUT6 (Prop_lut6_I3_O)        0.124     9.825 r  system_i/CNN_accelerator_1/U0/U_conv/U_CONV_CONTROLLER/padded_data_raddr_reg0_carry__0_i_13/O
                         net (fo=3, routed)           0.646    10.471    system_i/CNN_accelerator_1/U0/U_conv/U_CONV_CONTROLLER/padded_data_raddr_reg0_carry__0_i_13_n_0
    SLICE_X55Y52         LUT4 (Prop_lut4_I2_O)        0.124    10.595 f  system_i/CNN_accelerator_1/U0/U_conv/U_CONV_CONTROLLER/padded_data_raddr_reg0_carry__0_i_14/O
                         net (fo=9, routed)           1.065    11.660    system_i/CNN_accelerator_1/U0/U_conv/U_CONV_CONTROLLER/pool_x_reg_reg[6]_0
    SLICE_X53Y53         LUT3 (Prop_lut3_I1_O)        0.124    11.784 f  system_i/CNN_accelerator_1/U0/U_conv/U_CONV_CONTROLLER/padded_img_raddr_reg[13]_i_12/O
                         net (fo=1, routed)           0.402    12.186    system_i/CNN_accelerator_1/U0/U_conv/U_CONV_CONTROLLER/padded_img_raddr_reg[13]_i_12_n_0
    SLICE_X53Y53         LUT6 (Prop_lut6_I4_O)        0.124    12.310 r  system_i/CNN_accelerator_1/U0/U_conv/U_CONV_CONTROLLER/padded_img_raddr_reg[13]_i_11/O
                         net (fo=1, routed)           0.487    12.797    system_i/CNN_accelerator_1/U0/U_conv/U_CONV_CONTROLLER/padded_img_raddr_reg[13]_i_11_n_0
    SLICE_X55Y53         LUT5 (Prop_lut5_I1_O)        0.124    12.921 r  system_i/CNN_accelerator_1/U0/U_conv/U_CONV_CONTROLLER/padded_img_raddr_reg[13]_i_6/O
                         net (fo=1, routed)           0.305    13.226    system_i/CNN_accelerator_1/U0/U_CNN_acc_controller/padded_data_raddr_reg_reg[15]_0
    SLICE_X56Y53         LUT6 (Prop_lut6_I4_O)        0.124    13.350 r  system_i/CNN_accelerator_1/U0/U_CNN_acc_controller/padded_img_raddr_reg[13]_i_2/O
                         net (fo=3, routed)           1.289    14.639    system_i/CNN_accelerator_1/U0/U_CNN_acc_controller/padded_img_raddr_reg[13]_i_2_n_0
    SLICE_X34Y59         LUT4 (Prop_lut4_I3_O)        0.124    14.763 r  system_i/CNN_accelerator_1/U0/U_CNN_acc_controller/padded_data_raddr_reg[15]_i_1/O
                         net (fo=16, routed)          1.220    15.983    system_i/CNN_accelerator_1/U0/U_padding/padded_data_raddr_reg_reg[15]_2[0]
    SLICE_X52Y53         FDRE                                         r  system_i/CNN_accelerator_1/U0/U_padding/padded_data_raddr_reg_reg[6]/R
  -------------------------------------------------------------------    -------------------

                         (clock clk_out2_system_clk_wiz_0_0 rise edge)
                                                     10.000    10.000 r  
    PS7_X0Y0             PS7                          0.000    10.000 r  system_i/processing_system7_0/inst/PS7_i/FCLKCLK[0]
                         net (fo=1, routed)           1.088    11.088    system_i/clk_wiz_0/inst/lopt
    BUFGCTRL_X0Y16       BUFG (Prop_bufg_I_O)         0.091    11.179 r  system_i/clk_wiz_0/inst/clkin1_bufg/O
                         net (fo=1, routed)           1.612    12.792    system_i/clk_wiz_0/inst/clk_in1_system_clk_wiz_0_0
    MMCME2_ADV_X1Y0      MMCME2_ADV (Prop_mmcme2_adv_CLKIN1_CLKOUT1)
                                                      0.083    12.875 r  system_i/clk_wiz_0/inst/mmcm_adv_inst/CLKOUT1
                         net (fo=1, routed)           1.725    14.600    system_i/clk_wiz_0/inst/clk_out2_system_clk_wiz_0_0
    BUFGCTRL_X0Y0        BUFG (Prop_bufg_I_O)         0.091    14.691 r  system_i/clk_wiz_0/inst/clkout2_buf/O
                         net (fo=28627, routed)       1.469    16.159    system_i/CNN_accelerator_1/U0/U_padding/sysclk
    SLICE_X52Y53         FDRE                                         r  system_i/CNN_accelerator_1/U0/U_padding/padded_data_raddr_reg_reg[6]/C
                         clock pessimism              0.501    16.661    
                         clock uncertainty           -0.081    16.580    
    SLICE_X52Y53         FDRE (Setup_fdre_C_R)       -0.429    16.151    system_i/CNN_accelerator_1/U0/U_padding/padded_data_raddr_reg_reg[6]
  -------------------------------------------------------------------
                         required time                         16.151    
                         arrival time                         -15.983    
  -------------------------------------------------------------------
                         slack                                  0.167    

Slack (MET) :             0.241ns  (required time - arrival time)
  Source:                 system_i/MIPI_D_PHY_RX_0/U0/ClockLane/GenSyncLP[1].GlitchFilterLP/Filter.sOut_reg/C
                            (rising edge-triggered cell FDRE clocked by clk_out3_system_clk_wiz_0_0  {rise@0.000ns fall@2.500ns period=5.000ns})
  Destination:            system_i/MIPI_D_PHY_RX_0/U0/ClockLane/FSM_onehot_state_reg[0]/CE
                            (rising edge-triggered cell FDSE clocked by clk_out3_system_clk_wiz_0_0  {rise@0.000ns fall@2.500ns period=5.000ns})
  Path Group:             clk_out3_system_clk_wiz_0_0
  Path Type:              Setup (Max at Slow Process Corner)
  Requirement:            5.000ns  (clk_out3_system_clk_wiz_0_0 rise@5.000ns - clk_out3_system_clk_wiz_0_0 rise@0.000ns)
  Data Path Delay:        4.142ns  (logic 0.981ns (23.684%)  route 3.161ns (76.316%))
  Logic Levels:           4  (LUT2=1 LUT5=1 LUT6=2)
  Clock Path Skew:        -0.136ns (DCD - SCD + CPR)
    Destination Clock Delay (DCD):    6.470ns = ( 11.470 - 5.000 ) 
    Source Clock Delay      (SCD):    7.225ns
    Clock Pessimism Removal (CPR):    0.619ns
  Clock Uncertainty:      0.073ns  ((TSJ^2 + DJ^2)^1/2) / 2 + PE
    Total System Jitter     (TSJ):    0.071ns
    Discrete Jitter          (DJ):    0.128ns
    Phase Error              (PE):    0.000ns

    Location             Delay type                Incr(ns)  Path(ns)    Netlist Resource(s)
  -------------------------------------------------------------------    -------------------
                         (clock clk_out3_system_clk_wiz_0_0 rise edge)
                                                      0.000     0.000 r  
    PS7_X0Y0             PS7                          0.000     0.000 r  system_i/processing_system7_0/inst/PS7_i/FCLKCLK[0]
                         net (fo=1, routed)           1.193     1.193    system_i/clk_wiz_0/inst/lopt
    BUFGCTRL_X0Y16       BUFG (Prop_bufg_I_O)         0.101     1.294 r  system_i/clk_wiz_0/inst/clkin1_bufg/O
                         net (fo=1, routed)           1.806     3.100    system_i/clk_wiz_0/inst/clk_in1_system_clk_wiz_0_0
    MMCME2_ADV_X1Y0      MMCME2_ADV (Prop_mmcme2_adv_CLKIN1_CLKOUT2)
                                                      0.088     3.188 r  system_i/clk_wiz_0/inst/mmcm_adv_inst/CLKOUT2
                         net (fo=1, routed)           1.889     5.077    system_i/clk_wiz_0/inst/clk_out3_system_clk_wiz_0_0
    BUFGCTRL_X0Y2        BUFG (Prop_bufg_I_O)         0.101     5.178 r  system_i/clk_wiz_0/inst/clkout3_buf/O
                         net (fo=138, routed)         2.047     7.225    system_i/MIPI_D_PHY_RX_0/U0/ClockLane/GenSyncLP[1].GlitchFilterLP/RefClk
    SLICE_X106Y131       FDRE                                         r  system_i/MIPI_D_PHY_RX_0/U0/ClockLane/GenSyncLP[1].GlitchFilterLP/Filter.sOut_reg/C
  -------------------------------------------------------------------    -------------------
    SLICE_X106Y131       FDRE (Prop_fdre_C_Q)         0.456     7.681 f  system_i/MIPI_D_PHY_RX_0/U0/ClockLane/GenSyncLP[1].GlitchFilterLP/Filter.sOut_reg/Q
                         net (fo=9, routed)           0.929     8.610    system_i/MIPI_D_PHY_RX_0/U0/ClockLane/cLP[1]
    SLICE_X105Y133       LUT2 (Prop_lut2_I0_O)        0.124     8.734 f  system_i/MIPI_D_PHY_RX_0/U0/ClockLane/FSM_onehot_state[1]_i_10/O
                         net (fo=2, routed)           0.669     9.403    system_i/MIPI_D_PHY_RX_0/U0/ClockLane/SyncAsyncLocked/FSM_onehot_state_reg[1]
    SLICE_X107Y133       LUT6 (Prop_lut6_I2_O)        0.124     9.527 r  system_i/MIPI_D_PHY_RX_0/U0/ClockLane/SyncAsyncLocked/FSM_onehot_state[1]_i_9/O
                         net (fo=1, routed)           0.536    10.063    system_i/MIPI_D_PHY_RX_0/U0/ClockLane/SyncAsyncLocked/FSM_onehot_state[1]_i_9_n_0
    SLICE_X105Y134       LUT6 (Prop_lut6_I5_O)        0.124    10.187 r  system_i/MIPI_D_PHY_RX_0/U0/ClockLane/SyncAsyncLocked/FSM_onehot_state[1]_i_5/O
                         net (fo=1, routed)           0.619    10.805    system_i/MIPI_D_PHY_RX_0/U0/ClockLane/SyncAsyncLocked/FSM_onehot_state[1]_i_5_n_0
    SLICE_X105Y133       LUT5 (Prop_lut5_I4_O)        0.153    10.958 r  system_i/MIPI_D_PHY_RX_0/U0/ClockLane/SyncAsyncLocked/FSM_onehot_state[1]_i_2/O
                         net (fo=9, routed)           0.409    11.367    system_i/MIPI_D_PHY_RX_0/U0/ClockLane/SyncAsyncLocked_n_3
    SLICE_X105Y133       FDSE                                         r  system_i/MIPI_D_PHY_RX_0/U0/ClockLane/FSM_onehot_state_reg[0]/CE
  -------------------------------------------------------------------    -------------------

                         (clock clk_out3_system_clk_wiz_0_0 rise edge)
                                                      5.000     5.000 r  
    PS7_X0Y0             PS7                          0.000     5.000 r  system_i/processing_system7_0/inst/PS7_i/FCLKCLK[0]
                         net (fo=1, routed)           1.088     6.088    system_i/clk_wiz_0/inst/lopt
    BUFGCTRL_X0Y16       BUFG (Prop_bufg_I_O)         0.091     6.179 r  system_i/clk_wiz_0/inst/clkin1_bufg/O
                         net (fo=1, routed)           1.612     7.792    system_i/clk_wiz_0/inst/clk_in1_system_clk_wiz_0_0
    MMCME2_ADV_X1Y0      MMCME2_ADV (Prop_mmcme2_adv_CLKIN1_CLKOUT2)
                                                      0.083     7.875 r  system_i/clk_wiz_0/inst/mmcm_adv_inst/CLKOUT2
                         net (fo=1, routed)           1.725     9.600    system_i/clk_wiz_0/inst/clk_out3_system_clk_wiz_0_0
    BUFGCTRL_X0Y2        BUFG (Prop_bufg_I_O)         0.091     9.691 r  system_i/clk_wiz_0/inst/clkout3_buf/O
                         net (fo=138, routed)         1.779    11.470    system_i/MIPI_D_PHY_RX_0/U0/ClockLane/RefClk
    SLICE_X105Y133       FDSE                                         r  system_i/MIPI_D_PHY_RX_0/U0/ClockLane/FSM_onehot_state_reg[0]/C
                         clock pessimism              0.619    12.089    
                         clock uncertainty           -0.073    12.016    
    SLICE_X105Y133       FDSE (Setup_fdse_C_CE)      -0.408    11.608    system_i/MIPI_D_PHY_RX_0/U0/ClockLane/FSM_onehot_state_reg[0]
  -------------------------------------------------------------------
                         required time                         11.608    
                         arrival time                         -11.367    
  -------------------------------------------------------------------
                         slack                                  0.241    

Slack (MET) :             0.241ns  (required time - arrival time)
  Source:                 system_i/MIPI_D_PHY_RX_0/U0/ClockLane/GenSyncLP[1].GlitchFilterLP/Filter.sOut_reg/C
                            (rising edge-triggered cell FDRE clocked by clk_out3_system_clk_wiz_0_0  {rise@0.000ns fall@2.500ns period=5.000ns})
  Destination:            system_i/MIPI_D_PHY_RX_0/U0/ClockLane/FSM_onehot_state_reg[1]/CE
                            (rising edge-triggered cell FDRE clocked by clk_out3_system_clk_wiz_0_0  {rise@0.000ns fall@2.500ns period=5.000ns})
  Path Group:             clk_out3_system_clk_wiz_0_0
  Path Type:              Setup (Max at Slow Process Corner)
  Requirement:            5.000ns  (clk_out3_system_clk_wiz_0_0 rise@5.000ns - clk_out3_system_clk_wiz_0_0 rise@0.000ns)
  Data Path Delay:        4.142ns  (logic 0.981ns (23.684%)  route 3.161ns (76.316%))
  Logic Levels:           4  (LUT2=1 LUT5=1 LUT6=2)
  Clock Path Skew:        -0.136ns (DCD - SCD + CPR)
    Destination Clock Delay (DCD):    6.470ns = ( 11.470 - 5.000 ) 
    Source Clock Delay      (SCD):    7.225ns
    Clock Pessimism Removal (CPR):    0.619ns
  Clock Uncertainty:      0.073ns  ((TSJ^2 + DJ^2)^1/2) / 2 + PE
    Total System Jitter     (TSJ):    0.071ns
    Discrete Jitter          (DJ):    0.128ns
    Phase Error              (PE):    0.000ns

    Location             Delay type                Incr(ns)  Path(ns)    Netlist Resource(s)
  -------------------------------------------------------------------    -------------------
                         (clock clk_out3_system_clk_wiz_0_0 rise edge)
                                                      0.000     0.000 r  
    PS7_X0Y0             PS7                          0.000     0.000 r  system_i/processing_system7_0/inst/PS7_i/FCLKCLK[0]
                         net (fo=1, routed)           1.193     1.193    system_i/clk_wiz_0/inst/lopt
    BUFGCTRL_X0Y16       BUFG (Prop_bufg_I_O)         0.101     1.294 r  system_i/clk_wiz_0/inst/clkin1_bufg/O
                         net (fo=1, routed)           1.806     3.100    system_i/clk_wiz_0/inst/clk_in1_system_clk_wiz_0_0
    MMCME2_ADV_X1Y0      MMCME2_ADV (Prop_mmcme2_adv_CLKIN1_CLKOUT2)
                                                      0.088     3.188 r  system_i/clk_wiz_0/inst/mmcm_adv_inst/CLKOUT2
                         net (fo=1, routed)           1.889     5.077    system_i/clk_wiz_0/inst/clk_out3_system_clk_wiz_0_0
    BUFGCTRL_X0Y2        BUFG (Prop_bufg_I_O)         0.101     5.178 r  system_i/clk_wiz_0/inst/clkout3_buf/O
                         net (fo=138, routed)         2.047     7.225    system_i/MIPI_D_PHY_RX_0/U0/ClockLane/GenSyncLP[1].GlitchFilterLP/RefClk
    SLICE_X106Y131       FDRE                                         r  system_i/MIPI_D_PHY_RX_0/U0/ClockLane/GenSyncLP[1].GlitchFilterLP/Filter.sOut_reg/C
  -------------------------------------------------------------------    -------------------
    SLICE_X106Y131       FDRE (Prop_fdre_C_Q)         0.456     7.681 f  system_i/MIPI_D_PHY_RX_0/U0/ClockLane/GenSyncLP[1].GlitchFilterLP/Filter.sOut_reg/Q
                         net (fo=9, routed)           0.929     8.610    system_i/MIPI_D_PHY_RX_0/U0/ClockLane/cLP[1]
    SLICE_X105Y133       LUT2 (Prop_lut2_I0_O)        0.124     8.734 f  system_i/MIPI_D_PHY_RX_0/U0/ClockLane/FSM_onehot_state[1]_i_10/O
                         net (fo=2, routed)           0.669     9.403    system_i/MIPI_D_PHY_RX_0/U0/ClockLane/SyncAsyncLocked/FSM_onehot_state_reg[1]
    SLICE_X107Y133       LUT6 (Prop_lut6_I2_O)        0.124     9.527 r  system_i/MIPI_D_PHY_RX_0/U0/ClockLane/SyncAsyncLocked/FSM_onehot_state[1]_i_9/O
                         net (fo=1, routed)           0.536    10.063    system_i/MIPI_D_PHY_RX_0/U0/ClockLane/SyncAsyncLocked/FSM_onehot_state[1]_i_9_n_0
    SLICE_X105Y134       LUT6 (Prop_lut6_I5_O)        0.124    10.187 r  system_i/MIPI_D_PHY_RX_0/U0/ClockLane/SyncAsyncLocked/FSM_onehot_state[1]_i_5/O
                         net (fo=1, routed)           0.619    10.805    system_i/MIPI_D_PHY_RX_0/U0/ClockLane/SyncAsyncLocked/FSM_onehot_state[1]_i_5_n_0
    SLICE_X105Y133       LUT5 (Prop_lut5_I4_O)        0.153    10.958 r  system_i/MIPI_D_PHY_RX_0/U0/ClockLane/SyncAsyncLocked/FSM_onehot_state[1]_i_2/O
                         net (fo=9, routed)           0.409    11.367    system_i/MIPI_D_PHY_RX_0/U0/ClockLane/SyncAsyncLocked_n_3
    SLICE_X105Y133       FDRE                                         r  system_i/MIPI_D_PHY_RX_0/U0/ClockLane/FSM_onehot_state_reg[1]/CE
  -------------------------------------------------------------------    -------------------

                         (clock clk_out3_system_clk_wiz_0_0 rise edge)
                                                      5.000     5.000 r  
    PS7_X0Y0             PS7                          0.000     5.000 r  system_i/processing_system7_0/inst/PS7_i/FCLKCLK[0]
                         net (fo=1, routed)           1.088     6.088    system_i/clk_wiz_0/inst/lopt
    BUFGCTRL_X0Y16       BUFG (Prop_bufg_I_O)         0.091     6.179 r  system_i/clk_wiz_0/inst/clkin1_bufg/O
                         net (fo=1, routed)           1.612     7.792    system_i/clk_wiz_0/inst/clk_in1_system_clk_wiz_0_0
    MMCME2_ADV_X1Y0      MMCME2_ADV (Prop_mmcme2_adv_CLKIN1_CLKOUT2)
                                                      0.083     7.875 r  system_i/clk_wiz_0/inst/mmcm_adv_inst/CLKOUT2
                         net (fo=1, routed)           1.725     9.600    system_i/clk_wiz_0/inst/clk_out3_system_clk_wiz_0_0
    BUFGCTRL_X0Y2        BUFG (Prop_bufg_I_O)         0.091     9.691 r  system_i/clk_wiz_0/inst/clkout3_buf/O
                         net (fo=138, routed)         1.779    11.470    system_i/MIPI_D_PHY_RX_0/U0/ClockLane/RefClk
    SLICE_X105Y133       FDRE                                         r  system_i/MIPI_D_PHY_RX_0/U0/ClockLane/FSM_onehot_state_reg[1]/C
                         clock pessimism              0.619    12.089    
                         clock uncertainty           -0.073    12.016    
    SLICE_X105Y133       FDRE (Setup_fdre_C_CE)      -0.408    11.608    system_i/MIPI_D_PHY_RX_0/U0/ClockLane/FSM_onehot_state_reg[1]
  -------------------------------------------------------------------
                         required time                         11.608    
                         arrival time                         -11.367    
  -------------------------------------------------------------------
                         slack                                  0.241    

Slack (MET) :             0.241ns  (required time - arrival time)
  Source:                 system_i/MIPI_D_PHY_RX_0/U0/ClockLane/GenSyncLP[1].GlitchFilterLP/Filter.sOut_reg/C
                            (rising edge-triggered cell FDRE clocked by clk_out3_system_clk_wiz_0_0  {rise@0.000ns fall@2.500ns period=5.000ns})
  Destination:            system_i/MIPI_D_PHY_RX_0/U0/ClockLane/FSM_onehot_state_reg[5]/CE
                            (rising edge-triggered cell FDRE clocked by clk_out3_system_clk_wiz_0_0  {rise@0.000ns fall@2.500ns period=5.000ns})
  Path Group:             clk_out3_system_clk_wiz_0_0
  Path Type:              Setup (Max at Slow Process Corner)
  Requirement:            5.000ns  (clk_out3_system_clk_wiz_0_0 rise@5.000ns - clk_out3_system_clk_wiz_0_0 rise@0.000ns)
  Data Path Delay:        4.142ns  (logic 0.981ns (23.684%)  route 3.161ns (76.316%))
  Logic Levels:           4  (LUT2=1 LUT5=1 LUT6=2)
  Clock Path Skew:        -0.136ns (DCD - SCD + CPR)
    Destination Clock Delay (DCD):    6.470ns = ( 11.470 - 5.000 ) 
    Source Clock Delay      (SCD):    7.225ns
    Clock Pessimism Removal (CPR):    0.619ns
  Clock Uncertainty:      0.073ns  ((TSJ^2 + DJ^2)^1/2) / 2 + PE
    Total System Jitter     (TSJ):    0.071ns
    Discrete Jitter          (DJ):    0.128ns
    Phase Error              (PE):    0.000ns

    Location             Delay type                Incr(ns)  Path(ns)    Netlist Resource(s)
  -------------------------------------------------------------------    -------------------
                         (clock clk_out3_system_clk_wiz_0_0 rise edge)
                                                      0.000     0.000 r  
    PS7_X0Y0             PS7                          0.000     0.000 r  system_i/processing_system7_0/inst/PS7_i/FCLKCLK[0]
                         net (fo=1, routed)           1.193     1.193    system_i/clk_wiz_0/inst/lopt
    BUFGCTRL_X0Y16       BUFG (Prop_bufg_I_O)         0.101     1.294 r  system_i/clk_wiz_0/inst/clkin1_bufg/O
                         net (fo=1, routed)           1.806     3.100    system_i/clk_wiz_0/inst/clk_in1_system_clk_wiz_0_0
    MMCME2_ADV_X1Y0      MMCME2_ADV (Prop_mmcme2_adv_CLKIN1_CLKOUT2)
                                                      0.088     3.188 r  system_i/clk_wiz_0/inst/mmcm_adv_inst/CLKOUT2
                         net (fo=1, routed)           1.889     5.077    system_i/clk_wiz_0/inst/clk_out3_system_clk_wiz_0_0
    BUFGCTRL_X0Y2        BUFG (Prop_bufg_I_O)         0.101     5.178 r  system_i/clk_wiz_0/inst/clkout3_buf/O
                         net (fo=138, routed)         2.047     7.225    system_i/MIPI_D_PHY_RX_0/U0/ClockLane/GenSyncLP[1].GlitchFilterLP/RefClk
    SLICE_X106Y131       FDRE                                         r  system_i/MIPI_D_PHY_RX_0/U0/ClockLane/GenSyncLP[1].GlitchFilterLP/Filter.sOut_reg/C
  -------------------------------------------------------------------    -------------------
    SLICE_X106Y131       FDRE (Prop_fdre_C_Q)         0.456     7.681 f  system_i/MIPI_D_PHY_RX_0/U0/ClockLane/GenSyncLP[1].GlitchFilterLP/Filter.sOut_reg/Q
                         net (fo=9, routed)           0.929     8.610    system_i/MIPI_D_PHY_RX_0/U0/ClockLane/cLP[1]
    SLICE_X105Y133       LUT2 (Prop_lut2_I0_O)        0.124     8.734 f  system_i/MIPI_D_PHY_RX_0/U0/ClockLane/FSM_onehot_state[1]_i_10/O
                         net (fo=2, routed)           0.669     9.403    system_i/MIPI_D_PHY_RX_0/U0/ClockLane/SyncAsyncLocked/FSM_onehot_state_reg[1]
    SLICE_X107Y133       LUT6 (Prop_lut6_I2_O)        0.124     9.527 r  system_i/MIPI_D_PHY_RX_0/U0/ClockLane/SyncAsyncLocked/FSM_onehot_state[1]_i_9/O
                         net (fo=1, routed)           0.536    10.063    system_i/MIPI_D_PHY_RX_0/U0/ClockLane/SyncAsyncLocked/FSM_onehot_state[1]_i_9_n_0
    SLICE_X105Y134       LUT6 (Prop_lut6_I5_O)        0.124    10.187 r  system_i/MIPI_D_PHY_RX_0/U0/ClockLane/SyncAsyncLocked/FSM_onehot_state[1]_i_5/O
                         net (fo=1, routed)           0.619    10.805    system_i/MIPI_D_PHY_RX_0/U0/ClockLane/SyncAsyncLocked/FSM_onehot_state[1]_i_5_n_0
    SLICE_X105Y133       LUT5 (Prop_lut5_I4_O)        0.153    10.958 r  system_i/MIPI_D_PHY_RX_0/U0/ClockLane/SyncAsyncLocked/FSM_onehot_state[1]_i_2/O
                         net (fo=9, routed)           0.409    11.367    system_i/MIPI_D_PHY_RX_0/U0/ClockLane/SyncAsyncLocked_n_3
    SLICE_X105Y133       FDRE                                         r  system_i/MIPI_D_PHY_RX_0/U0/ClockLane/FSM_onehot_state_reg[5]/CE
  -------------------------------------------------------------------    -------------------

                         (clock clk_out3_system_clk_wiz_0_0 rise edge)
                                                      5.000     5.000 r  
    PS7_X0Y0             PS7                          0.000     5.000 r  system_i/processing_system7_0/inst/PS7_i/FCLKCLK[0]
                         net (fo=1, routed)           1.088     6.088    system_i/clk_wiz_0/inst/lopt
    BUFGCTRL_X0Y16       BUFG (Prop_bufg_I_O)         0.091     6.179 r  system_i/clk_wiz_0/inst/clkin1_bufg/O
                         net (fo=1, routed)           1.612     7.792    system_i/clk_wiz_0/inst/clk_in1_system_clk_wiz_0_0
    MMCME2_ADV_X1Y0      MMCME2_ADV (Prop_mmcme2_adv_CLKIN1_CLKOUT2)
                                                      0.083     7.875 r  system_i/clk_wiz_0/inst/mmcm_adv_inst/CLKOUT2
                         net (fo=1, routed)           1.725     9.600    system_i/clk_wiz_0/inst/clk_out3_system_clk_wiz_0_0
    BUFGCTRL_X0Y2        BUFG (Prop_bufg_I_O)         0.091     9.691 r  system_i/clk_wiz_0/inst/clkout3_buf/O
                         net (fo=138, routed)         1.779    11.470    system_i/MIPI_D_PHY_RX_0/U0/ClockLane/RefClk
    SLICE_X105Y133       FDRE                                         r  system_i/MIPI_D_PHY_RX_0/U0/ClockLane/FSM_onehot_state_reg[5]/C
                         clock pessimism              0.619    12.089    
                         clock uncertainty           -0.073    12.016    
    SLICE_X105Y133       FDRE (Setup_fdre_C_CE)      -0.408    11.608    system_i/MIPI_D_PHY_RX_0/U0/ClockLane/FSM_onehot_state_reg[5]
  -------------------------------------------------------------------
                         required time                         11.608    
                         arrival time                         -11.367    
  -------------------------------------------------------------------
                         slack                                  0.241    

Slack (MET) :             0.241ns  (required time - arrival time)
  Source:                 system_i/MIPI_D_PHY_RX_0/U0/ClockLane/GenSyncLP[1].GlitchFilterLP/Filter.sOut_reg/C
                            (rising edge-triggered cell FDRE clocked by clk_out3_system_clk_wiz_0_0  {rise@0.000ns fall@2.500ns period=5.000ns})
  Destination:            system_i/MIPI_D_PHY_RX_0/U0/ClockLane/FSM_onehot_state_reg[8]/CE
                            (rising edge-triggered cell FDRE clocked by clk_out3_system_clk_wiz_0_0  {rise@0.000ns fall@2.500ns period=5.000ns})
  Path Group:             clk_out3_system_clk_wiz_0_0
  Path Type:              Setup (Max at Slow Process Corner)
  Requirement:            5.000ns  (clk_out3_system_clk_wiz_0_0 rise@5.000ns - clk_out3_system_clk_wiz_0_0 rise@0.000ns)
  Data Path Delay:        4.142ns  (logic 0.981ns (23.684%)  route 3.161ns (76.316%))
  Logic Levels:           4  (LUT2=1 LUT5=1 LUT6=2)
  Clock Path Skew:        -0.136ns (DCD - SCD + CPR)
    Destination Clock Delay (DCD):    6.470ns = ( 11.470 - 5.000 ) 
    Source Clock Delay      (SCD):    7.225ns
    Clock Pessimism Removal (CPR):    0.619ns
  Clock Uncertainty:      0.073ns  ((TSJ^2 + DJ^2)^1/2) / 2 + PE
    Total System Jitter     (TSJ):    0.071ns
    Discrete Jitter          (DJ):    0.128ns
    Phase Error              (PE):    0.000ns

    Location             Delay type                Incr(ns)  Path(ns)    Netlist Resource(s)
  -------------------------------------------------------------------    -------------------
                         (clock clk_out3_system_clk_wiz_0_0 rise edge)
                                                      0.000     0.000 r  
    PS7_X0Y0             PS7                          0.000     0.000 r  system_i/processing_system7_0/inst/PS7_i/FCLKCLK[0]
                         net (fo=1, routed)           1.193     1.193    system_i/clk_wiz_0/inst/lopt
    BUFGCTRL_X0Y16       BUFG (Prop_bufg_I_O)         0.101     1.294 r  system_i/clk_wiz_0/inst/clkin1_bufg/O
                         net (fo=1, routed)           1.806     3.100    system_i/clk_wiz_0/inst/clk_in1_system_clk_wiz_0_0
    MMCME2_ADV_X1Y0      MMCME2_ADV (Prop_mmcme2_adv_CLKIN1_CLKOUT2)
                                                      0.088     3.188 r  system_i/clk_wiz_0/inst/mmcm_adv_inst/CLKOUT2
                         net (fo=1, routed)           1.889     5.077    system_i/clk_wiz_0/inst/clk_out3_system_clk_wiz_0_0
    BUFGCTRL_X0Y2        BUFG (Prop_bufg_I_O)         0.101     5.178 r  system_i/clk_wiz_0/inst/clkout3_buf/O
                         net (fo=138, routed)         2.047     7.225    system_i/MIPI_D_PHY_RX_0/U0/ClockLane/GenSyncLP[1].GlitchFilterLP/RefClk
    SLICE_X106Y131       FDRE                                         r  system_i/MIPI_D_PHY_RX_0/U0/ClockLane/GenSyncLP[1].GlitchFilterLP/Filter.sOut_reg/C
  -------------------------------------------------------------------    -------------------
    SLICE_X106Y131       FDRE (Prop_fdre_C_Q)         0.456     7.681 f  system_i/MIPI_D_PHY_RX_0/U0/ClockLane/GenSyncLP[1].GlitchFilterLP/Filter.sOut_reg/Q
                         net (fo=9, routed)           0.929     8.610    system_i/MIPI_D_PHY_RX_0/U0/ClockLane/cLP[1]
    SLICE_X105Y133       LUT2 (Prop_lut2_I0_O)        0.124     8.734 f  system_i/MIPI_D_PHY_RX_0/U0/ClockLane/FSM_onehot_state[1]_i_10/O
                         net (fo=2, routed)           0.669     9.403    system_i/MIPI_D_PHY_RX_0/U0/ClockLane/SyncAsyncLocked/FSM_onehot_state_reg[1]
    SLICE_X107Y133       LUT6 (Prop_lut6_I2_O)        0.124     9.527 r  system_i/MIPI_D_PHY_RX_0/U0/ClockLane/SyncAsyncLocked/FSM_onehot_state[1]_i_9/O
                         net (fo=1, routed)           0.536    10.063    system_i/MIPI_D_PHY_RX_0/U0/ClockLane/SyncAsyncLocked/FSM_onehot_state[1]_i_9_n_0
    SLICE_X105Y134       LUT6 (Prop_lut6_I5_O)        0.124    10.187 r  system_i/MIPI_D_PHY_RX_0/U0/ClockLane/SyncAsyncLocked/FSM_onehot_state[1]_i_5/O
                         net (fo=1, routed)           0.619    10.805    system_i/MIPI_D_PHY_RX_0/U0/ClockLane/SyncAsyncLocked/FSM_onehot_state[1]_i_5_n_0
    SLICE_X105Y133       LUT5 (Prop_lut5_I4_O)        0.153    10.958 r  system_i/MIPI_D_PHY_RX_0/U0/ClockLane/SyncAsyncLocked/FSM_onehot_state[1]_i_2/O
                         net (fo=9, routed)           0.409    11.367    system_i/MIPI_D_PHY_RX_0/U0/ClockLane/SyncAsyncLocked_n_3
    SLICE_X105Y133       FDRE                                         r  system_i/MIPI_D_PHY_RX_0/U0/ClockLane/FSM_onehot_state_reg[8]/CE
  -------------------------------------------------------------------    -------------------

                         (clock clk_out3_system_clk_wiz_0_0 rise edge)
                                                      5.000     5.000 r  
    PS7_X0Y0             PS7                          0.000     5.000 r  system_i/processing_system7_0/inst/PS7_i/FCLKCLK[0]
                         net (fo=1, routed)           1.088     6.088    system_i/clk_wiz_0/inst/lopt
    BUFGCTRL_X0Y16       BUFG (Prop_bufg_I_O)         0.091     6.179 r  system_i/clk_wiz_0/inst/clkin1_bufg/O
                         net (fo=1, routed)           1.612     7.792    system_i/clk_wiz_0/inst/clk_in1_system_clk_wiz_0_0
    MMCME2_ADV_X1Y0      MMCME2_ADV (Prop_mmcme2_adv_CLKIN1_CLKOUT2)
                                                      0.083     7.875 r  system_i/clk_wiz_0/inst/mmcm_adv_inst/CLKOUT2
                         net (fo=1, routed)           1.725     9.600    system_i/clk_wiz_0/inst/clk_out3_system_clk_wiz_0_0
    BUFGCTRL_X0Y2        BUFG (Prop_bufg_I_O)         0.091     9.691 r  system_i/clk_wiz_0/inst/clkout3_buf/O
                         net (fo=138, routed)         1.779    11.470    system_i/MIPI_D_PHY_RX_0/U0/ClockLane/RefClk
    SLICE_X105Y133       FDRE                                         r  system_i/MIPI_D_PHY_RX_0/U0/ClockLane/FSM_onehot_state_reg[8]/C
                         clock pessimism              0.619    12.089    
                         clock uncertainty           -0.073    12.016    
    SLICE_X105Y133       FDRE (Setup_fdre_C_CE)      -0.408    11.608    system_i/MIPI_D_PHY_RX_0/U0/ClockLane/FSM_onehot_state_reg[8]
  -------------------------------------------------------------------
                         required time                         11.608    
                         arrival time                         -11.367    
  -------------------------------------------------------------------
                         slack                                  0.241    

Slack (MET) :             0.293ns  (required time - arrival time)
  Source:                 system_i/MIPI_D_PHY_RX_0/U0/ClockLane/GenSyncLP[1].GlitchFilterLP/Filter.sOut_reg/C
                            (rising edge-triggered cell FDRE clocked by clk_out3_system_clk_wiz_0_0  {rise@0.000ns fall@2.500ns period=5.000ns})
  Destination:            system_i/MIPI_D_PHY_RX_0/U0/ClockLane/FSM_onehot_state_reg[3]/CE
                            (rising edge-triggered cell FDRE clocked by clk_out3_system_clk_wiz_0_0  {rise@0.000ns fall@2.500ns period=5.000ns})
  Path Group:             clk_out3_system_clk_wiz_0_0
  Path Type:              Setup (Max at Slow Process Corner)
  Requirement:            5.000ns  (clk_out3_system_clk_wiz_0_0 rise@5.000ns - clk_out3_system_clk_wiz_0_0 rise@0.000ns)
  Data Path Delay:        4.090ns  (logic 0.981ns (23.985%)  route 3.109ns (76.015%))
  Logic Levels:           4  (LUT2=1 LUT5=1 LUT6=2)
  Clock Path Skew:        -0.136ns (DCD - SCD + CPR)
    Destination Clock Delay (DCD):    6.470ns = ( 11.470 - 5.000 ) 
    Source Clock Delay      (SCD):    7.225ns
    Clock Pessimism Removal (CPR):    0.619ns
  Clock Uncertainty:      0.073ns  ((TSJ^2 + DJ^2)^1/2) / 2 + PE
    Total System Jitter     (TSJ):    0.071ns
    Discrete Jitter          (DJ):    0.128ns
    Phase Error              (PE):    0.000ns

    Location             Delay type                Incr(ns)  Path(ns)    Netlist Resource(s)
  -------------------------------------------------------------------    -------------------
                         (clock clk_out3_system_clk_wiz_0_0 rise edge)
                                                      0.000     0.000 r  
    PS7_X0Y0             PS7                          0.000     0.000 r  system_i/processing_system7_0/inst/PS7_i/FCLKCLK[0]
                         net (fo=1, routed)           1.193     1.193    system_i/clk_wiz_0/inst/lopt
    BUFGCTRL_X0Y16       BUFG (Prop_bufg_I_O)         0.101     1.294 r  system_i/clk_wiz_0/inst/clkin1_bufg/O
                         net (fo=1, routed)           1.806     3.100    system_i/clk_wiz_0/inst/clk_in1_system_clk_wiz_0_0
    MMCME2_ADV_X1Y0      MMCME2_ADV (Prop_mmcme2_adv_CLKIN1_CLKOUT2)
                                                      0.088     3.188 r  system_i/clk_wiz_0/inst/mmcm_adv_inst/CLKOUT2
                         net (fo=1, routed)           1.889     5.077    system_i/clk_wiz_0/inst/clk_out3_system_clk_wiz_0_0
    BUFGCTRL_X0Y2        BUFG (Prop_bufg_I_O)         0.101     5.178 r  system_i/clk_wiz_0/inst/clkout3_buf/O
                         net (fo=138, routed)         2.047     7.225    system_i/MIPI_D_PHY_RX_0/U0/ClockLane/GenSyncLP[1].GlitchFilterLP/RefClk
    SLICE_X106Y131       FDRE                                         r  system_i/MIPI_D_PHY_RX_0/U0/ClockLane/GenSyncLP[1].GlitchFilterLP/Filter.sOut_reg/C
  -------------------------------------------------------------------    -------------------
    SLICE_X106Y131       FDRE (Prop_fdre_C_Q)         0.456     7.681 f  system_i/MIPI_D_PHY_RX_0/U0/ClockLane/GenSyncLP[1].GlitchFilterLP/Filter.sOut_reg/Q
                         net (fo=9, routed)           0.929     8.610    system_i/MIPI_D_PHY_RX_0/U0/ClockLane/cLP[1]
    SLICE_X105Y133       LUT2 (Prop_lut2_I0_O)        0.124     8.734 f  system_i/MIPI_D_PHY_RX_0/U0/ClockLane/FSM_onehot_state[1]_i_10/O
                         net (fo=2, routed)           0.669     9.403    system_i/MIPI_D_PHY_RX_0/U0/ClockLane/SyncAsyncLocked/FSM_onehot_state_reg[1]
    SLICE_X107Y133       LUT6 (Prop_lut6_I2_O)        0.124     9.527 r  system_i/MIPI_D_PHY_RX_0/U0/ClockLane/SyncAsyncLocked/FSM_onehot_state[1]_i_9/O
                         net (fo=1, routed)           0.536    10.063    system_i/MIPI_D_PHY_RX_0/U0/ClockLane/SyncAsyncLocked/FSM_onehot_state[1]_i_9_n_0
    SLICE_X105Y134       LUT6 (Prop_lut6_I5_O)        0.124    10.187 r  system_i/MIPI_D_PHY_RX_0/U0/ClockLane/SyncAsyncLocked/FSM_onehot_state[1]_i_5/O
                         net (fo=1, routed)           0.619    10.805    system_i/MIPI_D_PHY_RX_0/U0/ClockLane/SyncAsyncLocked/FSM_onehot_state[1]_i_5_n_0
    SLICE_X105Y133       LUT5 (Prop_lut5_I4_O)        0.153    10.958 r  system_i/MIPI_D_PHY_RX_0/U0/ClockLane/SyncAsyncLocked/FSM_onehot_state[1]_i_2/O
                         net (fo=9, routed)           0.357    11.315    system_i/MIPI_D_PHY_RX_0/U0/ClockLane/SyncAsyncLocked_n_3
    SLICE_X103Y133       FDRE                                         r  system_i/MIPI_D_PHY_RX_0/U0/ClockLane/FSM_onehot_state_reg[3]/CE
  -------------------------------------------------------------------    -------------------

                         (clock clk_out3_system_clk_wiz_0_0 rise edge)
                                                      5.000     5.000 r  
    PS7_X0Y0             PS7                          0.000     5.000 r  system_i/processing_system7_0/inst/PS7_i/FCLKCLK[0]
                         net (fo=1, routed)           1.088     6.088    system_i/clk_wiz_0/inst/lopt
    BUFGCTRL_X0Y16       BUFG (Prop_bufg_I_O)         0.091     6.179 r  system_i/clk_wiz_0/inst/clkin1_bufg/O
                         net (fo=1, routed)           1.612     7.792    system_i/clk_wiz_0/inst/clk_in1_system_clk_wiz_0_0
    MMCME2_ADV_X1Y0      MMCME2_ADV (Prop_mmcme2_adv_CLKIN1_CLKOUT2)
                                                      0.083     7.875 r  system_i/clk_wiz_0/inst/mmcm_adv_inst/CLKOUT2
                         net (fo=1, routed)           1.725     9.600    system_i/clk_wiz_0/inst/clk_out3_system_clk_wiz_0_0
    BUFGCTRL_X0Y2        BUFG (Prop_bufg_I_O)         0.091     9.691 r  system_i/clk_wiz_0/inst/clkout3_buf/O
                         net (fo=138, routed)         1.779    11.470    system_i/MIPI_D_PHY_RX_0/U0/ClockLane/RefClk
    SLICE_X103Y133       FDRE                                         r  system_i/MIPI_D_PHY_RX_0/U0/ClockLane/FSM_onehot_state_reg[3]/C
                         clock pessimism              0.619    12.089    
                         clock uncertainty           -0.073    12.016    
    SLICE_X103Y133       FDRE (Setup_fdre_C_CE)      -0.408    11.608    system_i/MIPI_D_PHY_RX_0/U0/ClockLane/FSM_onehot_state_reg[3]
  -------------------------------------------------------------------
                         required time                         11.608    
                         arrival time                         -11.315    
  -------------------------------------------------------------------
                         slack                                  0.293    

Slack (MET) :             0.293ns  (required time - arrival time)
  Source:                 system_i/MIPI_D_PHY_RX_0/U0/ClockLane/GenSyncLP[1].GlitchFilterLP/Filter.sOut_reg/C
                            (rising edge-triggered cell FDRE clocked by clk_out3_system_clk_wiz_0_0  {rise@0.000ns fall@2.500ns period=5.000ns})
  Destination:            system_i/MIPI_D_PHY_RX_0/U0/ClockLane/FSM_onehot_state_reg[6]/CE
                            (rising edge-triggered cell FDRE clocked by clk_out3_system_clk_wiz_0_0  {rise@0.000ns fall@2.500ns period=5.000ns})
  Path Group:             clk_out3_system_clk_wiz_0_0
  Path Type:              Setup (Max at Slow Process Corner)
  Requirement:            5.000ns  (clk_out3_system_clk_wiz_0_0 rise@5.000ns - clk_out3_system_clk_wiz_0_0 rise@0.000ns)
  Data Path Delay:        4.090ns  (logic 0.981ns (23.985%)  route 3.109ns (76.015%))
  Logic Levels:           4  (LUT2=1 LUT5=1 LUT6=2)
  Clock Path Skew:        -0.136ns (DCD - SCD + CPR)
    Destination Clock Delay (DCD):    6.470ns = ( 11.470 - 5.000 ) 
    Source Clock Delay      (SCD):    7.225ns
    Clock Pessimism Removal (CPR):    0.619ns
  Clock Uncertainty:      0.073ns  ((TSJ^2 + DJ^2)^1/2) / 2 + PE
    Total System Jitter     (TSJ):    0.071ns
    Discrete Jitter          (DJ):    0.128ns
    Phase Error              (PE):    0.000ns

    Location             Delay type                Incr(ns)  Path(ns)    Netlist Resource(s)
  -------------------------------------------------------------------    -------------------
                         (clock clk_out3_system_clk_wiz_0_0 rise edge)
                                                      0.000     0.000 r  
    PS7_X0Y0             PS7                          0.000     0.000 r  system_i/processing_system7_0/inst/PS7_i/FCLKCLK[0]
                         net (fo=1, routed)           1.193     1.193    system_i/clk_wiz_0/inst/lopt
    BUFGCTRL_X0Y16       BUFG (Prop_bufg_I_O)         0.101     1.294 r  system_i/clk_wiz_0/inst/clkin1_bufg/O
                         net (fo=1, routed)           1.806     3.100    system_i/clk_wiz_0/inst/clk_in1_system_clk_wiz_0_0
    MMCME2_ADV_X1Y0      MMCME2_ADV (Prop_mmcme2_adv_CLKIN1_CLKOUT2)
                                                      0.088     3.188 r  system_i/clk_wiz_0/inst/mmcm_adv_inst/CLKOUT2
                         net (fo=1, routed)           1.889     5.077    system_i/clk_wiz_0/inst/clk_out3_system_clk_wiz_0_0
    BUFGCTRL_X0Y2        BUFG (Prop_bufg_I_O)         0.101     5.178 r  system_i/clk_wiz_0/inst/clkout3_buf/O
                         net (fo=138, routed)         2.047     7.225    system_i/MIPI_D_PHY_RX_0/U0/ClockLane/GenSyncLP[1].GlitchFilterLP/RefClk
    SLICE_X106Y131       FDRE                                         r  system_i/MIPI_D_PHY_RX_0/U0/ClockLane/GenSyncLP[1].GlitchFilterLP/Filter.sOut_reg/C
  -------------------------------------------------------------------    -------------------
    SLICE_X106Y131       FDRE (Prop_fdre_C_Q)         0.456     7.681 f  system_i/MIPI_D_PHY_RX_0/U0/ClockLane/GenSyncLP[1].GlitchFilterLP/Filter.sOut_reg/Q
                         net (fo=9, routed)           0.929     8.610    system_i/MIPI_D_PHY_RX_0/U0/ClockLane/cLP[1]
    SLICE_X105Y133       LUT2 (Prop_lut2_I0_O)        0.124     8.734 f  system_i/MIPI_D_PHY_RX_0/U0/ClockLane/FSM_onehot_state[1]_i_10/O
                         net (fo=2, routed)           0.669     9.403    system_i/MIPI_D_PHY_RX_0/U0/ClockLane/SyncAsyncLocked/FSM_onehot_state_reg[1]
    SLICE_X107Y133       LUT6 (Prop_lut6_I2_O)        0.124     9.527 r  system_i/MIPI_D_PHY_RX_0/U0/ClockLane/SyncAsyncLocked/FSM_onehot_state[1]_i_9/O
                         net (fo=1, routed)           0.536    10.063    system_i/MIPI_D_PHY_RX_0/U0/ClockLane/SyncAsyncLocked/FSM_onehot_state[1]_i_9_n_0
    SLICE_X105Y134       LUT6 (Prop_lut6_I5_O)        0.124    10.187 r  system_i/MIPI_D_PHY_RX_0/U0/ClockLane/SyncAsyncLocked/FSM_onehot_state[1]_i_5/O
                         net (fo=1, routed)           0.619    10.805    system_i/MIPI_D_PHY_RX_0/U0/ClockLane/SyncAsyncLocked/FSM_onehot_state[1]_i_5_n_0
    SLICE_X105Y133       LUT5 (Prop_lut5_I4_O)        0.153    10.958 r  system_i/MIPI_D_PHY_RX_0/U0/ClockLane/SyncAsyncLocked/FSM_onehot_state[1]_i_2/O
                         net (fo=9, routed)           0.357    11.315    system_i/MIPI_D_PHY_RX_0/U0/ClockLane/SyncAsyncLocked_n_3
    SLICE_X103Y133       FDRE                                         r  system_i/MIPI_D_PHY_RX_0/U0/ClockLane/FSM_onehot_state_reg[6]/CE
  -------------------------------------------------------------------    -------------------

                         (clock clk_out3_system_clk_wiz_0_0 rise edge)
                                                      5.000     5.000 r  
    PS7_X0Y0             PS7                          0.000     5.000 r  system_i/processing_system7_0/inst/PS7_i/FCLKCLK[0]
                         net (fo=1, routed)           1.088     6.088    system_i/clk_wiz_0/inst/lopt
    BUFGCTRL_X0Y16       BUFG (Prop_bufg_I_O)         0.091     6.179 r  system_i/clk_wiz_0/inst/clkin1_bufg/O
                         net (fo=1, routed)           1.612     7.792    system_i/clk_wiz_0/inst/clk_in1_system_clk_wiz_0_0
    MMCME2_ADV_X1Y0      MMCME2_ADV (Prop_mmcme2_adv_CLKIN1_CLKOUT2)
                                                      0.083     7.875 r  system_i/clk_wiz_0/inst/mmcm_adv_inst/CLKOUT2
                         net (fo=1, routed)           1.725     9.600    system_i/clk_wiz_0/inst/clk_out3_system_clk_wiz_0_0
    BUFGCTRL_X0Y2        BUFG (Prop_bufg_I_O)         0.091     9.691 r  system_i/clk_wiz_0/inst/clkout3_buf/O
                         net (fo=138, routed)         1.779    11.470    system_i/MIPI_D_PHY_RX_0/U0/ClockLane/RefClk
    SLICE_X103Y133       FDRE                                         r  system_i/MIPI_D_PHY_RX_0/U0/ClockLane/FSM_onehot_state_reg[6]/C
                         clock pessimism              0.619    12.089    
                         clock uncertainty           -0.073    12.016    
    SLICE_X103Y133       FDRE (Setup_fdre_C_CE)      -0.408    11.608    system_i/MIPI_D_PHY_RX_0/U0/ClockLane/FSM_onehot_state_reg[6]
  -------------------------------------------------------------------
                         required time                         11.608    
                         arrival time                         -11.315    
  -------------------------------------------------------------------
                         slack                                  0.293    

Slack (MET) :             0.325ns  (required time - arrival time)
  Source:                 system_i/MIPI_D_PHY_RX_0/U0/DataLaneGen[0].DPHY_LaneSFEN_X/cDelayCnt_reg[12]/C
                            (rising edge-triggered cell FDRE clocked by clk_out3_system_clk_wiz_0_0  {rise@0.000ns fall@2.500ns period=5.000ns})
  Destination:            system_i/MIPI_D_PHY_RX_0/U0/DataLaneGen[0].DPHY_LaneSFEN_X/cDelayCnt_reg[10]/R
                            (rising edge-triggered cell FDRE clocked by clk_out3_system_clk_wiz_0_0  {rise@0.000ns fall@2.500ns period=5.000ns})
  Path Group:             clk_out3_system_clk_wiz_0_0
  Path Type:              Setup (Max at Slow Process Corner)
  Requirement:            5.000ns  (clk_out3_system_clk_wiz_0_0 rise@5.000ns - clk_out3_system_clk_wiz_0_0 rise@0.000ns)
  Data Path Delay:        4.148ns  (logic 0.952ns (22.954%)  route 3.196ns (77.046%))
  Logic Levels:           4  (LUT4=1 LUT5=1 LUT6=2)
  Clock Path Skew:        -0.025ns (DCD - SCD + CPR)
    Destination Clock Delay (DCD):    6.540ns = ( 11.540 - 5.000 ) 
    Source Clock Delay      (SCD):    7.225ns
    Clock Pessimism Removal (CPR):    0.660ns
  Clock Uncertainty:      0.073ns  ((TSJ^2 + DJ^2)^1/2) / 2 + PE
    Total System Jitter     (TSJ):    0.071ns
    Discrete Jitter          (DJ):    0.128ns
    Phase Error              (PE):    0.000ns

    Location             Delay type                Incr(ns)  Path(ns)    Netlist Resource(s)
  -------------------------------------------------------------------    -------------------
                         (clock clk_out3_system_clk_wiz_0_0 rise edge)
                                                      0.000     0.000 r  
    PS7_X0Y0             PS7                          0.000     0.000 r  system_i/processing_system7_0/inst/PS7_i/FCLKCLK[0]
                         net (fo=1, routed)           1.193     1.193    system_i/clk_wiz_0/inst/lopt
    BUFGCTRL_X0Y16       BUFG (Prop_bufg_I_O)         0.101     1.294 r  system_i/clk_wiz_0/inst/clkin1_bufg/O
                         net (fo=1, routed)           1.806     3.100    system_i/clk_wiz_0/inst/clk_in1_system_clk_wiz_0_0
    MMCME2_ADV_X1Y0      MMCME2_ADV (Prop_mmcme2_adv_CLKIN1_CLKOUT2)
                                                      0.088     3.188 r  system_i/clk_wiz_0/inst/mmcm_adv_inst/CLKOUT2
                         net (fo=1, routed)           1.889     5.077    system_i/clk_wiz_0/inst/clk_out3_system_clk_wiz_0_0
    BUFGCTRL_X0Y2        BUFG (Prop_bufg_I_O)         0.101     5.178 r  system_i/clk_wiz_0/inst/clkout3_buf/O
                         net (fo=138, routed)         2.047     7.225    system_i/MIPI_D_PHY_RX_0/U0/DataLaneGen[0].DPHY_LaneSFEN_X/RefClk
    SLICE_X107Y131       FDRE                                         r  system_i/MIPI_D_PHY_RX_0/U0/DataLaneGen[0].DPHY_LaneSFEN_X/cDelayCnt_reg[12]/C
  -------------------------------------------------------------------    -------------------
    SLICE_X107Y131       FDRE (Prop_fdre_C_Q)         0.456     7.681 f  system_i/MIPI_D_PHY_RX_0/U0/DataLaneGen[0].DPHY_LaneSFEN_X/cDelayCnt_reg[12]/Q
                         net (fo=3, routed)           1.065     8.746    system_i/MIPI_D_PHY_RX_0/U0/DataLaneGen[0].DPHY_LaneSFEN_X/cDelayCnt_reg[12]
    SLICE_X105Y131       LUT6 (Prop_lut6_I0_O)        0.124     8.870 f  system_i/MIPI_D_PHY_RX_0/U0/DataLaneGen[0].DPHY_LaneSFEN_X/cHSSettled_i_3__0/O
                         net (fo=1, routed)           0.713     9.584    system_i/MIPI_D_PHY_RX_0/U0/DataLaneGen[0].DPHY_LaneSFEN_X/cHSSettled_i_3__0_n_0
    SLICE_X106Y128       LUT5 (Prop_lut5_I1_O)        0.124     9.708 r  system_i/MIPI_D_PHY_RX_0/U0/DataLaneGen[0].DPHY_LaneSFEN_X/cHSSettled_i_2__0/O
                         net (fo=3, routed)           0.322    10.030    system_i/MIPI_D_PHY_RX_0/U0/DataLaneGen[0].DPHY_LaneSFEN_X/UseOwnLP.GenSyncLP[1].GlitchFilterLPC/cDelayCnt_reg[0]
    SLICE_X106Y127       LUT6 (Prop_lut6_I0_O)        0.124    10.154 f  system_i/MIPI_D_PHY_RX_0/U0/DataLaneGen[0].DPHY_LaneSFEN_X/UseOwnLP.GenSyncLP[1].GlitchFilterLPC/cDelayCnt[0]_i_3__0/O
                         net (fo=2, routed)           0.446    10.599    system_i/MIPI_D_PHY_RX_0/U0/DataLaneGen[0].DPHY_LaneSFEN_X/UseOwnLP.GenSyncLP[1].GlitchFilterLPC/Filter.sOut_reg_1
    SLICE_X106Y127       LUT4 (Prop_lut4_I3_O)        0.124    10.723 r  system_i/MIPI_D_PHY_RX_0/U0/DataLaneGen[0].DPHY_LaneSFEN_X/UseOwnLP.GenSyncLP[1].GlitchFilterLPC/cDelayCnt[0]_i_1__0/O
                         net (fo=15, routed)          0.649    11.373    system_i/MIPI_D_PHY_RX_0/U0/DataLaneGen[0].DPHY_LaneSFEN_X/UseOwnLP.GenSyncLP[1].GlitchFilterLPC_n_1
    SLICE_X107Y130       FDRE                                         r  system_i/MIPI_D_PHY_RX_0/U0/DataLaneGen[0].DPHY_LaneSFEN_X/cDelayCnt_reg[10]/R
  -------------------------------------------------------------------    -------------------

                         (clock clk_out3_system_clk_wiz_0_0 rise edge)
                                                      5.000     5.000 r  
    PS7_X0Y0             PS7                          0.000     5.000 r  system_i/processing_system7_0/inst/PS7_i/FCLKCLK[0]
                         net (fo=1, routed)           1.088     6.088    system_i/clk_wiz_0/inst/lopt
    BUFGCTRL_X0Y16       BUFG (Prop_bufg_I_O)         0.091     6.179 r  system_i/clk_wiz_0/inst/clkin1_bufg/O
                         net (fo=1, routed)           1.612     7.792    system_i/clk_wiz_0/inst/clk_in1_system_clk_wiz_0_0
    MMCME2_ADV_X1Y0      MMCME2_ADV (Prop_mmcme2_adv_CLKIN1_CLKOUT2)
                                                      0.083     7.875 r  system_i/clk_wiz_0/inst/mmcm_adv_inst/CLKOUT2
                         net (fo=1, routed)           1.725     9.600    system_i/clk_wiz_0/inst/clk_out3_system_clk_wiz_0_0
    BUFGCTRL_X0Y2        BUFG (Prop_bufg_I_O)         0.091     9.691 r  system_i/clk_wiz_0/inst/clkout3_buf/O
                         net (fo=138, routed)         1.849    11.540    system_i/MIPI_D_PHY_RX_0/U0/DataLaneGen[0].DPHY_LaneSFEN_X/RefClk
    SLICE_X107Y130       FDRE                                         r  system_i/MIPI_D_PHY_RX_0/U0/DataLaneGen[0].DPHY_LaneSFEN_X/cDelayCnt_reg[10]/C
                         clock pessimism              0.660    12.200    
                         clock uncertainty           -0.073    12.127    
    SLICE_X107Y130       FDRE (Setup_fdre_C_R)       -0.429    11.698    system_i/MIPI_D_PHY_RX_0/U0/DataLaneGen[0].DPHY_LaneSFEN_X/cDelayCnt_reg[10]
  -------------------------------------------------------------------
                         required time                         11.698    
                         arrival time                         -11.373    
  -------------------------------------------------------------------
                         slack                                  0.325    

Slack (MET) :             3.186ns  (required time - arrival time)
  Source:                 system_i/MIPI_D_PHY_RX_0/U0/DataLaneGen[1].DPHY_LaneSFEN_X/RxClkActiveHSResetBridge/SyncAsyncx/oSyncStages_reg[1]/C
                            (rising edge-triggered cell FDPE clocked by clk_out3_system_clk_wiz_0_0  {rise@0.000ns fall@2.500ns period=5.000ns})
  Destination:            system_i/MIPI_D_PHY_RX_0/U0/DataLaneGen[1].DPHY_LaneSFEN_X/cHSSettled_reg/CLR
                            (recovery check against rising-edge clock clk_out3_system_clk_wiz_0_0  {rise@0.000ns fall@2.500ns period=5.000ns})
  Path Group:             **async_default**
  Path Type:              Recovery (Max at Slow Process Corner)
  Requirement:            5.000ns  (clk_out3_system_clk_wiz_0_0 rise@5.000ns - clk_out3_system_clk_wiz_0_0 rise@0.000ns)
  Data Path Delay:        1.178ns  (logic 0.419ns (35.559%)  route 0.759ns (64.441%))
  Logic Levels:           0  
  Clock Path Skew:        0.014ns (DCD - SCD + CPR)
    Destination Clock Delay (DCD):    6.536ns = ( 11.536 - 5.000 ) 
    Source Clock Delay      (SCD):    7.141ns
    Clock Pessimism Removal (CPR):    0.619ns
  Clock Uncertainty:      0.073ns  ((TSJ^2 + DJ^2)^1/2) / 2 + PE
    Total System Jitter     (TSJ):    0.071ns
    Discrete Jitter          (DJ):    0.128ns
    Phase Error              (PE):    0.000ns

    Location             Delay type                Incr(ns)  Path(ns)    Netlist Resource(s)
  -------------------------------------------------------------------    -------------------
                         (clock clk_out3_system_clk_wiz_0_0 rise edge)
                                                      0.000     0.000 r  
    PS7_X0Y0             PS7                          0.000     0.000 r  system_i/processing_system7_0/inst/PS7_i/FCLKCLK[0]
                         net (fo=1, routed)           1.193     1.193    system_i/clk_wiz_0/inst/lopt
    BUFGCTRL_X0Y16       BUFG (Prop_bufg_I_O)         0.101     1.294 r  system_i/clk_wiz_0/inst/clkin1_bufg/O
                         net (fo=1, routed)           1.806     3.100    system_i/clk_wiz_0/inst/clk_in1_system_clk_wiz_0_0
    MMCME2_ADV_X1Y0      MMCME2_ADV (Prop_mmcme2_adv_CLKIN1_CLKOUT2)
                                                      0.088     3.188 r  system_i/clk_wiz_0/inst/mmcm_adv_inst/CLKOUT2
                         net (fo=1, routed)           1.889     5.077    system_i/clk_wiz_0/inst/clk_out3_system_clk_wiz_0_0
    BUFGCTRL_X0Y2        BUFG (Prop_bufg_I_O)         0.101     5.178 r  system_i/clk_wiz_0/inst/clkout3_buf/O
                         net (fo=138, routed)         1.963     7.141    system_i/MIPI_D_PHY_RX_0/U0/DataLaneGen[1].DPHY_LaneSFEN_X/RxClkActiveHSResetBridge/SyncAsyncx/RefClk
    SLICE_X105Y127       FDPE                                         r  system_i/MIPI_D_PHY_RX_0/U0/DataLaneGen[1].DPHY_LaneSFEN_X/RxClkActiveHSResetBridge/SyncAsyncx/oSyncStages_reg[1]/C
  -------------------------------------------------------------------    -------------------
    SLICE_X105Y127       FDPE (Prop_fdpe_C_Q)         0.419     7.560 f  system_i/MIPI_D_PHY_RX_0/U0/DataLaneGen[1].DPHY_LaneSFEN_X/RxClkActiveHSResetBridge/SyncAsyncx/oSyncStages_reg[1]/Q
                         net (fo=4, routed)           0.759     8.319    system_i/MIPI_D_PHY_RX_0/U0/DataLaneGen[1].DPHY_LaneSFEN_X/RxClkActiveHSResetBridge_n_0
    SLICE_X107Y126       FDCE                                         f  system_i/MIPI_D_PHY_RX_0/U0/DataLaneGen[1].DPHY_LaneSFEN_X/cHSSettled_reg/CLR
  -------------------------------------------------------------------    -------------------

                         (clock clk_out3_system_clk_wiz_0_0 rise edge)
                                                      5.000     5.000 r  
    PS7_X0Y0             PS7                          0.000     5.000 r  system_i/processing_system7_0/inst/PS7_i/FCLKCLK[0]
                         net (fo=1, routed)           1.088     6.088    system_i/clk_wiz_0/inst/lopt
    BUFGCTRL_X0Y16       BUFG (Prop_bufg_I_O)         0.091     6.179 r  system_i/clk_wiz_0/inst/clkin1_bufg/O
                         net (fo=1, routed)           1.612     7.792    system_i/clk_wiz_0/inst/clk_in1_system_clk_wiz_0_0
    MMCME2_ADV_X1Y0      MMCME2_ADV (Prop_mmcme2_adv_CLKIN1_CLKOUT2)
                                                      0.083     7.875 r  system_i/clk_wiz_0/inst/mmcm_adv_inst/CLKOUT2
                         net (fo=1, routed)           1.725     9.600    system_i/clk_wiz_0/inst/clk_out3_system_clk_wiz_0_0
    BUFGCTRL_X0Y2        BUFG (Prop_bufg_I_O)         0.091     9.691 r  system_i/clk_wiz_0/inst/clkout3_buf/O
                         net (fo=138, routed)         1.845    11.536    system_i/MIPI_D_PHY_RX_0/U0/DataLaneGen[1].DPHY_LaneSFEN_X/RefClk
    SLICE_X107Y126       FDCE                                         r  system_i/MIPI_D_PHY_RX_0/U0/DataLaneGen[1].DPHY_LaneSFEN_X/cHSSettled_reg/C
                         clock pessimism              0.619    12.155    
                         clock uncertainty           -0.073    12.082    
    SLICE_X107Y126       FDCE (Recov_fdce_C_CLR)     -0.577    11.505    system_i/MIPI_D_PHY_RX_0/U0/DataLaneGen[1].DPHY_LaneSFEN_X/cHSSettled_reg
  -------------------------------------------------------------------
                         required time                         11.505    
                         arrival time                          -8.319    
  -------------------------------------------------------------------
                         slack                                  3.186    

Slack (MET) :             3.193ns  (required time - arrival time)
  Source:                 system_i/MIPI_D_PHY_RX_0/U0/DataLaneGen[0].DPHY_LaneSFEN_X/RxClkActiveHSResetBridge/SyncAsyncx/oSyncStages_reg[1]/C
                            (rising edge-triggered cell FDPE clocked by clk_out3_system_clk_wiz_0_0  {rise@0.000ns fall@2.500ns period=5.000ns})
  Destination:            system_i/MIPI_D_PHY_RX_0/U0/DataLaneGen[0].DPHY_LaneSFEN_X/cHSSettled_reg/CLR
                            (recovery check against rising-edge clock clk_out3_system_clk_wiz_0_0  {rise@0.000ns fall@2.500ns period=5.000ns})
  Path Group:             **async_default**
  Path Type:              Recovery (Max at Slow Process Corner)
  Requirement:            5.000ns  (clk_out3_system_clk_wiz_0_0 rise@5.000ns - clk_out3_system_clk_wiz_0_0 rise@0.000ns)
  Data Path Delay:        1.169ns  (logic 0.419ns (35.844%)  route 0.750ns (64.156%))
  Logic Levels:           0  
  Clock Path Skew:        0.015ns (DCD - SCD + CPR)
    Destination Clock Delay (DCD):    6.537ns = ( 11.537 - 5.000 ) 
    Source Clock Delay      (SCD):    7.141ns
    Clock Pessimism Removal (CPR):    0.619ns
  Clock Uncertainty:      0.073ns  ((TSJ^2 + DJ^2)^1/2) / 2 + PE
    Total System Jitter     (TSJ):    0.071ns
    Discrete Jitter          (DJ):    0.128ns
    Phase Error              (PE):    0.000ns

    Location             Delay type                Incr(ns)  Path(ns)    Netlist Resource(s)
  -------------------------------------------------------------------    -------------------
                         (clock clk_out3_system_clk_wiz_0_0 rise edge)
                                                      0.000     0.000 r  
    PS7_X0Y0             PS7                          0.000     0.000 r  system_i/processing_system7_0/inst/PS7_i/FCLKCLK[0]
                         net (fo=1, routed)           1.193     1.193    system_i/clk_wiz_0/inst/lopt
    BUFGCTRL_X0Y16       BUFG (Prop_bufg_I_O)         0.101     1.294 r  system_i/clk_wiz_0/inst/clkin1_bufg/O
                         net (fo=1, routed)           1.806     3.100    system_i/clk_wiz_0/inst/clk_in1_system_clk_wiz_0_0
    MMCME2_ADV_X1Y0      MMCME2_ADV (Prop_mmcme2_adv_CLKIN1_CLKOUT2)
                                                      0.088     3.188 r  system_i/clk_wiz_0/inst/mmcm_adv_inst/CLKOUT2
                         net (fo=1, routed)           1.889     5.077    system_i/clk_wiz_0/inst/clk_out3_system_clk_wiz_0_0
    BUFGCTRL_X0Y2        BUFG (Prop_bufg_I_O)         0.101     5.178 r  system_i/clk_wiz_0/inst/clkout3_buf/O
                         net (fo=138, routed)         1.963     7.141    system_i/MIPI_D_PHY_RX_0/U0/DataLaneGen[0].DPHY_LaneSFEN_X/RxClkActiveHSResetBridge/SyncAsyncx/RefClk
    SLICE_X105Y127       FDPE                                         r  system_i/MIPI_D_PHY_RX_0/U0/DataLaneGen[0].DPHY_LaneSFEN_X/RxClkActiveHSResetBridge/SyncAsyncx/oSyncStages_reg[1]/C
  -------------------------------------------------------------------    -------------------
    SLICE_X105Y127       FDPE (Prop_fdpe_C_Q)         0.419     7.560 f  system_i/MIPI_D_PHY_RX_0/U0/DataLaneGen[0].DPHY_LaneSFEN_X/RxClkActiveHSResetBridge/SyncAsyncx/oSyncStages_reg[1]/Q
                         net (fo=4, routed)           0.750     8.310    system_i/MIPI_D_PHY_RX_0/U0/DataLaneGen[0].DPHY_LaneSFEN_X/RxClkActiveHSResetBridge_n_0
    SLICE_X109Y127       FDCE                                         f  system_i/MIPI_D_PHY_RX_0/U0/DataLaneGen[0].DPHY_LaneSFEN_X/cHSSettled_reg/CLR
  -------------------------------------------------------------------    -------------------

                         (clock clk_out3_system_clk_wiz_0_0 rise edge)
                                                      5.000     5.000 r  
    PS7_X0Y0             PS7                          0.000     5.000 r  system_i/processing_system7_0/inst/PS7_i/FCLKCLK[0]
                         net (fo=1, routed)           1.088     6.088    system_i/clk_wiz_0/inst/lopt
    BUFGCTRL_X0Y16       BUFG (Prop_bufg_I_O)         0.091     6.179 r  system_i/clk_wiz_0/inst/clkin1_bufg/O
                         net (fo=1, routed)           1.612     7.792    system_i/clk_wiz_0/inst/clk_in1_system_clk_wiz_0_0
    MMCME2_ADV_X1Y0      MMCME2_ADV (Prop_mmcme2_adv_CLKIN1_CLKOUT2)
                                                      0.083     7.875 r  system_i/clk_wiz_0/inst/mmcm_adv_inst/CLKOUT2
                         net (fo=1, routed)           1.725     9.600    system_i/clk_wiz_0/inst/clk_out3_system_clk_wiz_0_0
    BUFGCTRL_X0Y2        BUFG (Prop_bufg_I_O)         0.091     9.691 r  system_i/clk_wiz_0/inst/clkout3_buf/O
                         net (fo=138, routed)         1.846    11.537    system_i/MIPI_D_PHY_RX_0/U0/DataLaneGen[0].DPHY_LaneSFEN_X/RefClk
    SLICE_X109Y127       FDCE                                         r  system_i/MIPI_D_PHY_RX_0/U0/DataLaneGen[0].DPHY_LaneSFEN_X/cHSSettled_reg/C
                         clock pessimism              0.619    12.156    
                         clock uncertainty           -0.073    12.083    
    SLICE_X109Y127       FDCE (Recov_fdce_C_CLR)     -0.580    11.503    system_i/MIPI_D_PHY_RX_0/U0/DataLaneGen[0].DPHY_LaneSFEN_X/cHSSettled_reg
  -------------------------------------------------------------------
                         required time                         11.503    
                         arrival time                          -8.310    
  -------------------------------------------------------------------
                         slack                                  3.193    

Slack (MET) :             3.232ns  (required time - arrival time)
  Source:                 system_i/MIPI_D_PHY_RX_0/U0/DataLaneGen[1].DPHY_LaneSFEN_X/RxClkActiveHSResetBridge/SyncAsyncx/oSyncStages_reg[1]/C
                            (rising edge-triggered cell FDPE clocked by clk_out3_system_clk_wiz_0_0  {rise@0.000ns fall@2.500ns period=5.000ns})
  Destination:            system_i/MIPI_D_PHY_RX_0/U0/DataLaneGen[1].DPHY_LaneSFEN_X/cHSReset_reg/PRE
                            (recovery check against rising-edge clock clk_out3_system_clk_wiz_0_0  {rise@0.000ns fall@2.500ns period=5.000ns})
  Path Group:             **async_default**
  Path Type:              Recovery (Max at Slow Process Corner)
  Requirement:            5.000ns  (clk_out3_system_clk_wiz_0_0 rise@5.000ns - clk_out3_system_clk_wiz_0_0 rise@0.000ns)
  Data Path Delay:        1.178ns  (logic 0.419ns (35.559%)  route 0.759ns (64.441%))
  Logic Levels:           0  
  Clock Path Skew:        0.014ns (DCD - SCD + CPR)
    Destination Clock Delay (DCD):    6.536ns = ( 11.536 - 5.000 ) 
    Source Clock Delay      (SCD):    7.141ns
    Clock Pessimism Removal (CPR):    0.619ns
  Clock Uncertainty:      0.073ns  ((TSJ^2 + DJ^2)^1/2) / 2 + PE
    Total System Jitter     (TSJ):    0.071ns
    Discrete Jitter          (DJ):    0.128ns
    Phase Error              (PE):    0.000ns

    Location             Delay type                Incr(ns)  Path(ns)    Netlist Resource(s)
  -------------------------------------------------------------------    -------------------
                         (clock clk_out3_system_clk_wiz_0_0 rise edge)
                                                      0.000     0.000 r  
    PS7_X0Y0             PS7                          0.000     0.000 r  system_i/processing_system7_0/inst/PS7_i/FCLKCLK[0]
                         net (fo=1, routed)           1.193     1.193    system_i/clk_wiz_0/inst/lopt
    BUFGCTRL_X0Y16       BUFG (Prop_bufg_I_O)         0.101     1.294 r  system_i/clk_wiz_0/inst/clkin1_bufg/O
                         net (fo=1, routed)           1.806     3.100    system_i/clk_wiz_0/inst/clk_in1_system_clk_wiz_0_0
    MMCME2_ADV_X1Y0      MMCME2_ADV (Prop_mmcme2_adv_CLKIN1_CLKOUT2)
                                                      0.088     3.188 r  system_i/clk_wiz_0/inst/mmcm_adv_inst/CLKOUT2
                         net (fo=1, routed)           1.889     5.077    system_i/clk_wiz_0/inst/clk_out3_system_clk_wiz_0_0
    BUFGCTRL_X0Y2        BUFG (Prop_bufg_I_O)         0.101     5.178 r  system_i/clk_wiz_0/inst/clkout3_buf/O
                         net (fo=138, routed)         1.963     7.141    system_i/MIPI_D_PHY_RX_0/U0/DataLaneGen[1].DPHY_LaneSFEN_X/RxClkActiveHSResetBridge/SyncAsyncx/RefClk
    SLICE_X105Y127       FDPE                                         r  system_i/MIPI_D_PHY_RX_0/U0/DataLaneGen[1].DPHY_LaneSFEN_X/RxClkActiveHSResetBridge/SyncAsyncx/oSyncStages_reg[1]/C
  -------------------------------------------------------------------    -------------------
    SLICE_X105Y127       FDPE (Prop_fdpe_C_Q)         0.419     7.560 f  system_i/MIPI_D_PHY_RX_0/U0/DataLaneGen[1].DPHY_LaneSFEN_X/RxClkActiveHSResetBridge/SyncAsyncx/oSyncStages_reg[1]/Q
                         net (fo=4, routed)           0.759     8.319    system_i/MIPI_D_PHY_RX_0/U0/DataLaneGen[1].DPHY_LaneSFEN_X/RxClkActiveHSResetBridge_n_0
    SLICE_X107Y126       FDPE                                         f  system_i/MIPI_D_PHY_RX_0/U0/DataLaneGen[1].DPHY_LaneSFEN_X/cHSReset_reg/PRE
  -------------------------------------------------------------------    -------------------

                         (clock clk_out3_system_clk_wiz_0_0 rise edge)
                                                      5.000     5.000 r  
    PS7_X0Y0             PS7                          0.000     5.000 r  system_i/processing_system7_0/inst/PS7_i/FCLKCLK[0]
                         net (fo=1, routed)           1.088     6.088    system_i/clk_wiz_0/inst/lopt
    BUFGCTRL_X0Y16       BUFG (Prop_bufg_I_O)         0.091     6.179 r  system_i/clk_wiz_0/inst/clkin1_bufg/O
                         net (fo=1, routed)           1.612     7.792    system_i/clk_wiz_0/inst/clk_in1_system_clk_wiz_0_0
    MMCME2_ADV_X1Y0      MMCME2_ADV (Prop_mmcme2_adv_CLKIN1_CLKOUT2)
                                                      0.083     7.875 r  system_i/clk_wiz_0/inst/mmcm_adv_inst/CLKOUT2
                         net (fo=1, routed)           1.725     9.600    system_i/clk_wiz_0/inst/clk_out3_system_clk_wiz_0_0
    BUFGCTRL_X0Y2        BUFG (Prop_bufg_I_O)         0.091     9.691 r  system_i/clk_wiz_0/inst/clkout3_buf/O
                         net (fo=138, routed)         1.845    11.536    system_i/MIPI_D_PHY_RX_0/U0/DataLaneGen[1].DPHY_LaneSFEN_X/RefClk
    SLICE_X107Y126       FDPE                                         r  system_i/MIPI_D_PHY_RX_0/U0/DataLaneGen[1].DPHY_LaneSFEN_X/cHSReset_reg/C
                         clock pessimism              0.619    12.155    
                         clock uncertainty           -0.073    12.082    
    SLICE_X107Y126       FDPE (Recov_fdpe_C_PRE)     -0.531    11.551    system_i/MIPI_D_PHY_RX_0/U0/DataLaneGen[1].DPHY_LaneSFEN_X/cHSReset_reg
  -------------------------------------------------------------------
                         required time                         11.551    
                         arrival time                          -8.319    
  -------------------------------------------------------------------
                         slack                                  3.232    

Slack (MET) :             3.239ns  (required time - arrival time)
  Source:                 system_i/MIPI_D_PHY_RX_0/U0/DataLaneGen[0].DPHY_LaneSFEN_X/RxClkActiveHSResetBridge/SyncAsyncx/oSyncStages_reg[1]/C
                            (rising edge-triggered cell FDPE clocked by clk_out3_system_clk_wiz_0_0  {rise@0.000ns fall@2.500ns period=5.000ns})
  Destination:            system_i/MIPI_D_PHY_RX_0/U0/DataLaneGen[0].DPHY_LaneSFEN_X/cHSReset_reg/PRE
                            (recovery check against rising-edge clock clk_out3_system_clk_wiz_0_0  {rise@0.000ns fall@2.500ns period=5.000ns})
  Path Group:             **async_default**
  Path Type:              Recovery (Max at Slow Process Corner)
  Requirement:            5.000ns  (clk_out3_system_clk_wiz_0_0 rise@5.000ns - clk_out3_system_clk_wiz_0_0 rise@0.000ns)
  Data Path Delay:        1.169ns  (logic 0.419ns (35.844%)  route 0.750ns (64.156%))
  Logic Levels:           0  
  Clock Path Skew:        0.015ns (DCD - SCD + CPR)
    Destination Clock Delay (DCD):    6.537ns = ( 11.537 - 5.000 ) 
    Source Clock Delay      (SCD):    7.141ns
    Clock Pessimism Removal (CPR):    0.619ns
  Clock Uncertainty:      0.073ns  ((TSJ^2 + DJ^2)^1/2) / 2 + PE
    Total System Jitter     (TSJ):    0.071ns
    Discrete Jitter          (DJ):    0.128ns
    Phase Error              (PE):    0.000ns

    Location             Delay type                Incr(ns)  Path(ns)    Netlist Resource(s)
  -------------------------------------------------------------------    -------------------
                         (clock clk_out3_system_clk_wiz_0_0 rise edge)
                                                      0.000     0.000 r  
    PS7_X0Y0             PS7                          0.000     0.000 r  system_i/processing_system7_0/inst/PS7_i/FCLKCLK[0]
                         net (fo=1, routed)           1.193     1.193    system_i/clk_wiz_0/inst/lopt
    BUFGCTRL_X0Y16       BUFG (Prop_bufg_I_O)         0.101     1.294 r  system_i/clk_wiz_0/inst/clkin1_bufg/O
                         net (fo=1, routed)           1.806     3.100    system_i/clk_wiz_0/inst/clk_in1_system_clk_wiz_0_0
    MMCME2_ADV_X1Y0      MMCME2_ADV (Prop_mmcme2_adv_CLKIN1_CLKOUT2)
                                                      0.088     3.188 r  system_i/clk_wiz_0/inst/mmcm_adv_inst/CLKOUT2
                         net (fo=1, routed)           1.889     5.077    system_i/clk_wiz_0/inst/clk_out3_system_clk_wiz_0_0
    BUFGCTRL_X0Y2        BUFG (Prop_bufg_I_O)         0.101     5.178 r  system_i/clk_wiz_0/inst/clkout3_buf/O
                         net (fo=138, routed)         1.963     7.141    system_i/MIPI_D_PHY_RX_0/U0/DataLaneGen[0].DPHY_LaneSFEN_X/RxClkActiveHSResetBridge/SyncAsyncx/RefClk
    SLICE_X105Y127       FDPE                                         r  system_i/MIPI_D_PHY_RX_0/U0/DataLaneGen[0].DPHY_LaneSFEN_X/RxClkActiveHSResetBridge/SyncAsyncx/oSyncStages_reg[1]/C
  -------------------------------------------------------------------    -------------------
    SLICE_X105Y127       FDPE (Prop_fdpe_C_Q)         0.419     7.560 f  system_i/MIPI_D_PHY_RX_0/U0/DataLaneGen[0].DPHY_LaneSFEN_X/RxClkActiveHSResetBridge/SyncAsyncx/oSyncStages_reg[1]/Q
                         net (fo=4, routed)           0.750     8.310    system_i/MIPI_D_PHY_RX_0/U0/DataLaneGen[0].DPHY_LaneSFEN_X/RxClkActiveHSResetBridge_n_0
    SLICE_X109Y127       FDPE                                         f  system_i/MIPI_D_PHY_RX_0/U0/DataLaneGen[0].DPHY_LaneSFEN_X/cHSReset_reg/PRE
  -------------------------------------------------------------------    -------------------

                         (clock clk_out3_system_clk_wiz_0_0 rise edge)
                                                      5.000     5.000 r  
    PS7_X0Y0             PS7                          0.000     5.000 r  system_i/processing_system7_0/inst/PS7_i/FCLKCLK[0]
                         net (fo=1, routed)           1.088     6.088    system_i/clk_wiz_0/inst/lopt
    BUFGCTRL_X0Y16       BUFG (Prop_bufg_I_O)         0.091     6.179 r  system_i/clk_wiz_0/inst/clkin1_bufg/O
                         net (fo=1, routed)           1.612     7.792    system_i/clk_wiz_0/inst/clk_in1_system_clk_wiz_0_0
    MMCME2_ADV_X1Y0      MMCME2_ADV (Prop_mmcme2_adv_CLKIN1_CLKOUT2)
                                                      0.083     7.875 r  system_i/clk_wiz_0/inst/mmcm_adv_inst/CLKOUT2
                         net (fo=1, routed)           1.725     9.600    system_i/clk_wiz_0/inst/clk_out3_system_clk_wiz_0_0
    BUFGCTRL_X0Y2        BUFG (Prop_bufg_I_O)         0.091     9.691 r  system_i/clk_wiz_0/inst/clkout3_buf/O
                         net (fo=138, routed)         1.846    11.537    system_i/MIPI_D_PHY_RX_0/U0/DataLaneGen[0].DPHY_LaneSFEN_X/RefClk
    SLICE_X109Y127       FDPE                                         r  system_i/MIPI_D_PHY_RX_0/U0/DataLaneGen[0].DPHY_LaneSFEN_X/cHSReset_reg/C
                         clock pessimism              0.619    12.156    
                         clock uncertainty           -0.073    12.083    
    SLICE_X109Y127       FDPE (Recov_fdpe_C_PRE)     -0.534    11.549    system_i/MIPI_D_PHY_RX_0/U0/DataLaneGen[0].DPHY_LaneSFEN_X/cHSReset_reg
  -------------------------------------------------------------------
                         required time                         11.549    
                         arrival time                          -8.310    
  -------------------------------------------------------------------
                         slack                                  3.239    

Slack (MET) :             7.336ns  (required time - arrival time)
  Source:                 system_i/MIPI_CSI_2_RX_0/U0/MIPI_CSI2_Rx_inst/LLP_inst/DataFIFO/U0/inst_fifo_gen/gaxis_fifo.gaxisf.axisf/grf.rf/rstblk/ngwrdrst.grst.g7serrst.gnsckt_wrst.gic_rst.sckt_rd_rst_ic_reg/C
                            (rising edge-triggered cell FDPE clocked by clk_out2_system_clk_wiz_0_0  {rise@0.000ns fall@5.000ns period=10.000ns})
  Destination:            system_i/MIPI_CSI_2_RX_0/U0/MIPI_CSI2_Rx_inst/LLP_inst/DataFIFO/U0/inst_fifo_gen/gaxis_fifo.gaxisf.axisf/grf.rf/gntv_or_sync_fifo.gl0.rd/gr1.gr1_int.rfwft/gpregsm1.user_valid_reg/CLR
                            (recovery check against rising-edge clock clk_out2_system_clk_wiz_0_0  {rise@0.000ns fall@5.000ns period=10.000ns})
  Path Group:             **async_default**
  Path Type:              Recovery (Max at Slow Process Corner)
  Requirement:            10.000ns  (clk_out2_system_clk_wiz_0_0 rise@10.000ns - clk_out2_system_clk_wiz_0_0 rise@0.000ns)
  Data Path Delay:        2.115ns  (logic 0.518ns (24.487%)  route 1.597ns (75.513%))
  Logic Levels:           0  
  Clock Path Skew:        -0.149ns (DCD - SCD + CPR)
    Destination Clock Delay (DCD):    6.465ns = ( 16.465 - 10.000 ) 
    Source Clock Delay      (SCD):    7.233ns
    Clock Pessimism Removal (CPR):    0.619ns
  Clock Uncertainty:      0.081ns  ((TSJ^2 + DJ^2)^1/2) / 2 + PE
    Total System Jitter     (TSJ):    0.071ns
    Discrete Jitter          (DJ):    0.146ns
    Phase Error              (PE):    0.000ns

    Location             Delay type                Incr(ns)  Path(ns)    Netlist Resource(s)
  -------------------------------------------------------------------    -------------------
                         (clock clk_out2_system_clk_wiz_0_0 rise edge)
                                                      0.000     0.000 r  
    PS7_X0Y0             PS7                          0.000     0.000 r  system_i/processing_system7_0/inst/PS7_i/FCLKCLK[0]
                         net (fo=1, routed)           1.193     1.193    system_i/clk_wiz_0/inst/lopt
    BUFGCTRL_X0Y16       BUFG (Prop_bufg_I_O)         0.101     1.294 r  system_i/clk_wiz_0/inst/clkin1_bufg/O
                         net (fo=1, routed)           1.806     3.100    system_i/clk_wiz_0/inst/clk_in1_system_clk_wiz_0_0
    MMCME2_ADV_X1Y0      MMCME2_ADV (Prop_mmcme2_adv_CLKIN1_CLKOUT1)
                                                      0.088     3.188 r  system_i/clk_wiz_0/inst/mmcm_adv_inst/CLKOUT1
                         net (fo=1, routed)           1.889     5.077    system_i/clk_wiz_0/inst/clk_out2_system_clk_wiz_0_0
    BUFGCTRL_X0Y0        BUFG (Prop_bufg_I_O)         0.101     5.178 r  system_i/clk_wiz_0/inst/clkout2_buf/O
                         net (fo=28627, routed)       2.055     7.233    system_i/MIPI_CSI_2_RX_0/U0/MIPI_CSI2_Rx_inst/LLP_inst/DataFIFO/U0/inst_fifo_gen/gaxis_fifo.gaxisf.axisf/grf.rf/rstblk/m_aclk
    SLICE_X108Y111       FDPE                                         r  system_i/MIPI_CSI_2_RX_0/U0/MIPI_CSI2_Rx_inst/LLP_inst/DataFIFO/U0/inst_fifo_gen/gaxis_fifo.gaxisf.axisf/grf.rf/rstblk/ngwrdrst.grst.g7serrst.gnsckt_wrst.gic_rst.sckt_rd_rst_ic_reg/C
  -------------------------------------------------------------------    -------------------
    SLICE_X108Y111       FDPE (Prop_fdpe_C_Q)         0.518     7.751 f  system_i/MIPI_CSI_2_RX_0/U0/MIPI_CSI2_Rx_inst/LLP_inst/DataFIFO/U0/inst_fifo_gen/gaxis_fifo.gaxisf.axisf/grf.rf/rstblk/ngwrdrst.grst.g7serrst.gnsckt_wrst.gic_rst.sckt_rd_rst_ic_reg/Q
                         net (fo=23, routed)          1.597     9.348    system_i/MIPI_CSI_2_RX_0/U0/MIPI_CSI2_Rx_inst/LLP_inst/DataFIFO/U0/inst_fifo_gen/gaxis_fifo.gaxisf.axisf/grf.rf/gntv_or_sync_fifo.gl0.rd/gr1.gr1_int.rfwft/gpregsm1.user_valid_reg_0
    SLICE_X100Y120       FDCE                                         f  system_i/MIPI_CSI_2_RX_0/U0/MIPI_CSI2_Rx_inst/LLP_inst/DataFIFO/U0/inst_fifo_gen/gaxis_fifo.gaxisf.axisf/grf.rf/gntv_or_sync_fifo.gl0.rd/gr1.gr1_int.rfwft/gpregsm1.user_valid_reg/CLR
  -------------------------------------------------------------------    -------------------

                         (clock clk_out2_system_clk_wiz_0_0 rise edge)
                                                     10.000    10.000 r  
    PS7_X0Y0             PS7                          0.000    10.000 r  system_i/processing_system7_0/inst/PS7_i/FCLKCLK[0]
                         net (fo=1, routed)           1.088    11.088    system_i/clk_wiz_0/inst/lopt
    BUFGCTRL_X0Y16       BUFG (Prop_bufg_I_O)         0.091    11.179 r  system_i/clk_wiz_0/inst/clkin1_bufg/O
                         net (fo=1, routed)           1.612    12.792    system_i/clk_wiz_0/inst/clk_in1_system_clk_wiz_0_0
    MMCME2_ADV_X1Y0      MMCME2_ADV (Prop_mmcme2_adv_CLKIN1_CLKOUT1)
                                                      0.083    12.875 r  system_i/clk_wiz_0/inst/mmcm_adv_inst/CLKOUT1
                         net (fo=1, routed)           1.725    14.600    system_i/clk_wiz_0/inst/clk_out2_system_clk_wiz_0_0
    BUFGCTRL_X0Y0        BUFG (Prop_bufg_I_O)         0.091    14.691 r  system_i/clk_wiz_0/inst/clkout2_buf/O
                         net (fo=28627, routed)       1.774    16.465    system_i/MIPI_CSI_2_RX_0/U0/MIPI_CSI2_Rx_inst/LLP_inst/DataFIFO/U0/inst_fifo_gen/gaxis_fifo.gaxisf.axisf/grf.rf/gntv_or_sync_fifo.gl0.rd/gr1.gr1_int.rfwft/m_aclk
    SLICE_X100Y120       FDCE                                         r  system_i/MIPI_CSI_2_RX_0/U0/MIPI_CSI2_Rx_inst/LLP_inst/DataFIFO/U0/inst_fifo_gen/gaxis_fifo.gaxisf.axisf/grf.rf/gntv_or_sync_fifo.gl0.rd/gr1.gr1_int.rfwft/gpregsm1.user_valid_reg/C
                         clock pessimism              0.619    17.084    
                         clock uncertainty           -0.081    17.003    
    SLICE_X100Y120       FDCE (Recov_fdce_C_CLR)     -0.319    16.684    system_i/MIPI_CSI_2_RX_0/U0/MIPI_CSI2_Rx_inst/LLP_inst/DataFIFO/U0/inst_fifo_gen/gaxis_fifo.gaxisf.axisf/grf.rf/gntv_or_sync_fifo.gl0.rd/gr1.gr1_int.rfwft/gpregsm1.user_valid_reg
  -------------------------------------------------------------------
                         required time                         16.684    
                         arrival time                          -9.348    
  -------------------------------------------------------------------
                         slack                                  7.336    

Slack (MET) :             7.385ns  (required time - arrival time)
  Source:                 system_i/MIPI_CSI_2_RX_0/U0/MIPI_CSI2_Rx_inst/LLP_inst/DataFIFO/U0/inst_fifo_gen/gaxis_fifo.gaxisf.axisf/grf.rf/rstblk/ngwrdrst.grst.g7serrst.gnsckt_wrst.gic_rst.sckt_rd_rst_ic_reg/C
                            (rising edge-triggered cell FDPE clocked by clk_out2_system_clk_wiz_0_0  {rise@0.000ns fall@5.000ns period=10.000ns})
  Destination:            system_i/MIPI_CSI_2_RX_0/U0/MIPI_CSI2_Rx_inst/LLP_inst/DataFIFO/U0/inst_fifo_gen/gaxis_fifo.gaxisf.axisf/grf.rf/gntv_or_sync_fifo.gl0.rd/gr1.gr1_int.rfwft/aempty_fwft_fb_i_reg/PRE
                            (recovery check against rising-edge clock clk_out2_system_clk_wiz_0_0  {rise@0.000ns fall@5.000ns period=10.000ns})
  Path Group:             **async_default**
  Path Type:              Recovery (Max at Slow Process Corner)
  Requirement:            10.000ns  (clk_out2_system_clk_wiz_0_0 rise@10.000ns - clk_out2_system_clk_wiz_0_0 rise@0.000ns)
  Data Path Delay:        2.107ns  (logic 0.518ns (24.585%)  route 1.589ns (75.415%))
  Logic Levels:           0  
  Clock Path Skew:        -0.068ns (DCD - SCD + CPR)
    Destination Clock Delay (DCD):    6.546ns = ( 16.546 - 10.000 ) 
    Source Clock Delay      (SCD):    7.233ns
    Clock Pessimism Removal (CPR):    0.619ns
  Clock Uncertainty:      0.081ns  ((TSJ^2 + DJ^2)^1/2) / 2 + PE
    Total System Jitter     (TSJ):    0.071ns
    Discrete Jitter          (DJ):    0.146ns
    Phase Error              (PE):    0.000ns

    Location             Delay type                Incr(ns)  Path(ns)    Netlist Resource(s)
  -------------------------------------------------------------------    -------------------
                         (clock clk_out2_system_clk_wiz_0_0 rise edge)
                                                      0.000     0.000 r  
    PS7_X0Y0             PS7                          0.000     0.000 r  system_i/processing_system7_0/inst/PS7_i/FCLKCLK[0]
                         net (fo=1, routed)           1.193     1.193    system_i/clk_wiz_0/inst/lopt
    BUFGCTRL_X0Y16       BUFG (Prop_bufg_I_O)         0.101     1.294 r  system_i/clk_wiz_0/inst/clkin1_bufg/O
                         net (fo=1, routed)           1.806     3.100    system_i/clk_wiz_0/inst/clk_in1_system_clk_wiz_0_0
    MMCME2_ADV_X1Y0      MMCME2_ADV (Prop_mmcme2_adv_CLKIN1_CLKOUT1)
                                                      0.088     3.188 r  system_i/clk_wiz_0/inst/mmcm_adv_inst/CLKOUT1
                         net (fo=1, routed)           1.889     5.077    system_i/clk_wiz_0/inst/clk_out2_system_clk_wiz_0_0
    BUFGCTRL_X0Y0        BUFG (Prop_bufg_I_O)         0.101     5.178 r  system_i/clk_wiz_0/inst/clkout2_buf/O
                         net (fo=28627, routed)       2.055     7.233    system_i/MIPI_CSI_2_RX_0/U0/MIPI_CSI2_Rx_inst/LLP_inst/DataFIFO/U0/inst_fifo_gen/gaxis_fifo.gaxisf.axisf/grf.rf/rstblk/m_aclk
    SLICE_X108Y111       FDPE                                         r  system_i/MIPI_CSI_2_RX_0/U0/MIPI_CSI2_Rx_inst/LLP_inst/DataFIFO/U0/inst_fifo_gen/gaxis_fifo.gaxisf.axisf/grf.rf/rstblk/ngwrdrst.grst.g7serrst.gnsckt_wrst.gic_rst.sckt_rd_rst_ic_reg/C
  -------------------------------------------------------------------    -------------------
    SLICE_X108Y111       FDPE (Prop_fdpe_C_Q)         0.518     7.751 f  system_i/MIPI_CSI_2_RX_0/U0/MIPI_CSI2_Rx_inst/LLP_inst/DataFIFO/U0/inst_fifo_gen/gaxis_fifo.gaxisf.axisf/grf.rf/rstblk/ngwrdrst.grst.g7serrst.gnsckt_wrst.gic_rst.sckt_rd_rst_ic_reg/Q
                         net (fo=23, routed)          1.589     9.340    system_i/MIPI_CSI_2_RX_0/U0/MIPI_CSI2_Rx_inst/LLP_inst/DataFIFO/U0/inst_fifo_gen/gaxis_fifo.gaxisf.axisf/grf.rf/gntv_or_sync_fifo.gl0.rd/gr1.gr1_int.rfwft/gpregsm1.user_valid_reg_0
    SLICE_X110Y117       FDPE                                         f  system_i/MIPI_CSI_2_RX_0/U0/MIPI_CSI2_Rx_inst/LLP_inst/DataFIFO/U0/inst_fifo_gen/gaxis_fifo.gaxisf.axisf/grf.rf/gntv_or_sync_fifo.gl0.rd/gr1.gr1_int.rfwft/aempty_fwft_fb_i_reg/PRE
  -------------------------------------------------------------------    -------------------

                         (clock clk_out2_system_clk_wiz_0_0 rise edge)
                                                     10.000    10.000 r  
    PS7_X0Y0             PS7                          0.000    10.000 r  system_i/processing_system7_0/inst/PS7_i/FCLKCLK[0]
                         net (fo=1, routed)           1.088    11.088    system_i/clk_wiz_0/inst/lopt
    BUFGCTRL_X0Y16       BUFG (Prop_bufg_I_O)         0.091    11.179 r  system_i/clk_wiz_0/inst/clkin1_bufg/O
                         net (fo=1, routed)           1.612    12.792    system_i/clk_wiz_0/inst/clk_in1_system_clk_wiz_0_0
    MMCME2_ADV_X1Y0      MMCME2_ADV (Prop_mmcme2_adv_CLKIN1_CLKOUT1)
                                                      0.083    12.875 r  system_i/clk_wiz_0/inst/mmcm_adv_inst/CLKOUT1
                         net (fo=1, routed)           1.725    14.600    system_i/clk_wiz_0/inst/clk_out2_system_clk_wiz_0_0
    BUFGCTRL_X0Y0        BUFG (Prop_bufg_I_O)         0.091    14.691 r  system_i/clk_wiz_0/inst/clkout2_buf/O
                         net (fo=28627, routed)       1.855    16.546    system_i/MIPI_CSI_2_RX_0/U0/MIPI_CSI2_Rx_inst/LLP_inst/DataFIFO/U0/inst_fifo_gen/gaxis_fifo.gaxisf.axisf/grf.rf/gntv_or_sync_fifo.gl0.rd/gr1.gr1_int.rfwft/m_aclk
    SLICE_X110Y117       FDPE                                         r  system_i/MIPI_CSI_2_RX_0/U0/MIPI_CSI2_Rx_inst/LLP_inst/DataFIFO/U0/inst_fifo_gen/gaxis_fifo.gaxisf.axisf/grf.rf/gntv_or_sync_fifo.gl0.rd/gr1.gr1_int.rfwft/aempty_fwft_fb_i_reg/C
                         clock pessimism              0.619    17.165    
                         clock uncertainty           -0.081    17.084    
    SLICE_X110Y117       FDPE (Recov_fdpe_C_PRE)     -0.359    16.725    system_i/MIPI_CSI_2_RX_0/U0/MIPI_CSI2_Rx_inst/LLP_inst/DataFIFO/U0/inst_fifo_gen/gaxis_fifo.gaxisf.axisf/grf.rf/gntv_or_sync_fifo.gl0.rd/gr1.gr1_int.rfwft/aempty_fwft_fb_i_reg
  -------------------------------------------------------------------
                         required time                         16.725    
                         arrival time                          -9.340    
  -------------------------------------------------------------------
                         slack                                  7.385    

Slack (MET) :             7.385ns  (required time - arrival time)
  Source:                 system_i/MIPI_CSI_2_RX_0/U0/MIPI_CSI2_Rx_inst/LLP_inst/DataFIFO/U0/inst_fifo_gen/gaxis_fifo.gaxisf.axisf/grf.rf/rstblk/ngwrdrst.grst.g7serrst.gnsckt_wrst.gic_rst.sckt_rd_rst_ic_reg/C
                            (rising edge-triggered cell FDPE clocked by clk_out2_system_clk_wiz_0_0  {rise@0.000ns fall@5.000ns period=10.000ns})
  Destination:            system_i/MIPI_CSI_2_RX_0/U0/MIPI_CSI2_Rx_inst/LLP_inst/DataFIFO/U0/inst_fifo_gen/gaxis_fifo.gaxisf.axisf/grf.rf/gntv_or_sync_fifo.gl0.rd/gr1.gr1_int.rfwft/aempty_fwft_i_reg/PRE
                            (recovery check against rising-edge clock clk_out2_system_clk_wiz_0_0  {rise@0.000ns fall@5.000ns period=10.000ns})
  Path Group:             **async_default**
  Path Type:              Recovery (Max at Slow Process Corner)
  Requirement:            10.000ns  (clk_out2_system_clk_wiz_0_0 rise@10.000ns - clk_out2_system_clk_wiz_0_0 rise@0.000ns)
  Data Path Delay:        2.107ns  (logic 0.518ns (24.585%)  route 1.589ns (75.415%))
  Logic Levels:           0  
  Clock Path Skew:        -0.068ns (DCD - SCD + CPR)
    Destination Clock Delay (DCD):    6.546ns = ( 16.546 - 10.000 ) 
    Source Clock Delay      (SCD):    7.233ns
    Clock Pessimism Removal (CPR):    0.619ns
  Clock Uncertainty:      0.081ns  ((TSJ^2 + DJ^2)^1/2) / 2 + PE
    Total System Jitter     (TSJ):    0.071ns
    Discrete Jitter          (DJ):    0.146ns
    Phase Error              (PE):    0.000ns

    Location             Delay type                Incr(ns)  Path(ns)    Netlist Resource(s)
  -------------------------------------------------------------------    -------------------
                         (clock clk_out2_system_clk_wiz_0_0 rise edge)
                                                      0.000     0.000 r  
    PS7_X0Y0             PS7                          0.000     0.000 r  system_i/processing_system7_0/inst/PS7_i/FCLKCLK[0]
                         net (fo=1, routed)           1.193     1.193    system_i/clk_wiz_0/inst/lopt
    BUFGCTRL_X0Y16       BUFG (Prop_bufg_I_O)         0.101     1.294 r  system_i/clk_wiz_0/inst/clkin1_bufg/O
                         net (fo=1, routed)           1.806     3.100    system_i/clk_wiz_0/inst/clk_in1_system_clk_wiz_0_0
    MMCME2_ADV_X1Y0      MMCME2_ADV (Prop_mmcme2_adv_CLKIN1_CLKOUT1)
                                                      0.088     3.188 r  system_i/clk_wiz_0/inst/mmcm_adv_inst/CLKOUT1
                         net (fo=1, routed)           1.889     5.077    system_i/clk_wiz_0/inst/clk_out2_system_clk_wiz_0_0
    BUFGCTRL_X0Y0        BUFG (Prop_bufg_I_O)         0.101     5.178 r  system_i/clk_wiz_0/inst/clkout2_buf/O
                         net (fo=28627, routed)       2.055     7.233    system_i/MIPI_CSI_2_RX_0/U0/MIPI_CSI2_Rx_inst/LLP_inst/DataFIFO/U0/inst_fifo_gen/gaxis_fifo.gaxisf.axisf/grf.rf/rstblk/m_aclk
    SLICE_X108Y111       FDPE                                         r  system_i/MIPI_CSI_2_RX_0/U0/MIPI_CSI2_Rx_inst/LLP_inst/DataFIFO/U0/inst_fifo_gen/gaxis_fifo.gaxisf.axisf/grf.rf/rstblk/ngwrdrst.grst.g7serrst.gnsckt_wrst.gic_rst.sckt_rd_rst_ic_reg/C
  -------------------------------------------------------------------    -------------------
    SLICE_X108Y111       FDPE (Prop_fdpe_C_Q)         0.518     7.751 f  system_i/MIPI_CSI_2_RX_0/U0/MIPI_CSI2_Rx_inst/LLP_inst/DataFIFO/U0/inst_fifo_gen/gaxis_fifo.gaxisf.axisf/grf.rf/rstblk/ngwrdrst.grst.g7serrst.gnsckt_wrst.gic_rst.sckt_rd_rst_ic_reg/Q
                         net (fo=23, routed)          1.589     9.340    system_i/MIPI_CSI_2_RX_0/U0/MIPI_CSI2_Rx_inst/LLP_inst/DataFIFO/U0/inst_fifo_gen/gaxis_fifo.gaxisf.axisf/grf.rf/gntv_or_sync_fifo.gl0.rd/gr1.gr1_int.rfwft/gpregsm1.user_valid_reg_0
    SLICE_X110Y117       FDPE                                         f  system_i/MIPI_CSI_2_RX_0/U0/MIPI_CSI2_Rx_inst/LLP_inst/DataFIFO/U0/inst_fifo_gen/gaxis_fifo.gaxisf.axisf/grf.rf/gntv_or_sync_fifo.gl0.rd/gr1.gr1_int.rfwft/aempty_fwft_i_reg/PRE
  -------------------------------------------------------------------    -------------------

                         (clock clk_out2_system_clk_wiz_0_0 rise edge)
                                                     10.000    10.000 r  
    PS7_X0Y0             PS7                          0.000    10.000 r  system_i/processing_system7_0/inst/PS7_i/FCLKCLK[0]
                         net (fo=1, routed)           1.088    11.088    system_i/clk_wiz_0/inst/lopt
    BUFGCTRL_X0Y16       BUFG (Prop_bufg_I_O)         0.091    11.179 r  system_i/clk_wiz_0/inst/clkin1_bufg/O
                         net (fo=1, routed)           1.612    12.792    system_i/clk_wiz_0/inst/clk_in1_system_clk_wiz_0_0
    MMCME2_ADV_X1Y0      MMCME2_ADV (Prop_mmcme2_adv_CLKIN1_CLKOUT1)
                                                      0.083    12.875 r  system_i/clk_wiz_0/inst/mmcm_adv_inst/CLKOUT1
                         net (fo=1, routed)           1.725    14.600    system_i/clk_wiz_0/inst/clk_out2_system_clk_wiz_0_0
    BUFGCTRL_X0Y0        BUFG (Prop_bufg_I_O)         0.091    14.691 r  system_i/clk_wiz_0/inst/clkout2_buf/O
                         net (fo=28627, routed)       1.855    16.546    system_i/MIPI_CSI_2_RX_0/U0/MIPI_CSI2_Rx_inst/LLP_inst/DataFIFO/U0/inst_fifo_gen/gaxis_fifo.gaxisf.axisf/grf.rf/gntv_or_sync_fifo.gl0.rd/gr1.gr1_int.rfwft/m_aclk
    SLICE_X110Y117       FDPE                                         r  system_i/MIPI_CSI_2_RX_0/U0/MIPI_CSI2_Rx_inst/LLP_inst/DataFIFO/U0/inst_fifo_gen/gaxis_fifo.gaxisf.axisf/grf.rf/gntv_or_sync_fifo.gl0.rd/gr1.gr1_int.rfwft/aempty_fwft_i_reg/C
                         clock pessimism              0.619    17.165    
                         clock uncertainty           -0.081    17.084    
    SLICE_X110Y117       FDPE (Recov_fdpe_C_PRE)     -0.359    16.725    system_i/MIPI_CSI_2_RX_0/U0/MIPI_CSI2_Rx_inst/LLP_inst/DataFIFO/U0/inst_fifo_gen/gaxis_fifo.gaxisf.axisf/grf.rf/gntv_or_sync_fifo.gl0.rd/gr1.gr1_int.rfwft/aempty_fwft_i_reg
  -------------------------------------------------------------------
                         required time                         16.725    
                         arrival time                          -9.340    
  -------------------------------------------------------------------
                         slack                                  7.385    

Slack (MET) :             7.385ns  (required time - arrival time)
  Source:                 system_i/MIPI_CSI_2_RX_0/U0/MIPI_CSI2_Rx_inst/LLP_inst/DataFIFO/U0/inst_fifo_gen/gaxis_fifo.gaxisf.axisf/grf.rf/rstblk/ngwrdrst.grst.g7serrst.gnsckt_wrst.gic_rst.sckt_rd_rst_ic_reg/C
                            (rising edge-triggered cell FDPE clocked by clk_out2_system_clk_wiz_0_0  {rise@0.000ns fall@5.000ns period=10.000ns})
  Destination:            system_i/MIPI_CSI_2_RX_0/U0/MIPI_CSI2_Rx_inst/LLP_inst/DataFIFO/U0/inst_fifo_gen/gaxis_fifo.gaxisf.axisf/grf.rf/gntv_or_sync_fifo.gl0.rd/gr1.gr1_int.rfwft/empty_fwft_fb_i_reg/PRE
                            (recovery check against rising-edge clock clk_out2_system_clk_wiz_0_0  {rise@0.000ns fall@5.000ns period=10.000ns})
  Path Group:             **async_default**
  Path Type:              Recovery (Max at Slow Process Corner)
  Requirement:            10.000ns  (clk_out2_system_clk_wiz_0_0 rise@10.000ns - clk_out2_system_clk_wiz_0_0 rise@0.000ns)
  Data Path Delay:        2.107ns  (logic 0.518ns (24.585%)  route 1.589ns (75.415%))
  Logic Levels:           0  
  Clock Path Skew:        -0.068ns (DCD - SCD + CPR)
    Destination Clock Delay (DCD):    6.546ns = ( 16.546 - 10.000 ) 
    Source Clock Delay      (SCD):    7.233ns
    Clock Pessimism Removal (CPR):    0.619ns
  Clock Uncertainty:      0.081ns  ((TSJ^2 + DJ^2)^1/2) / 2 + PE
    Total System Jitter     (TSJ):    0.071ns
    Discrete Jitter          (DJ):    0.146ns
    Phase Error              (PE):    0.000ns

    Location             Delay type                Incr(ns)  Path(ns)    Netlist Resource(s)
  -------------------------------------------------------------------    -------------------
                         (clock clk_out2_system_clk_wiz_0_0 rise edge)
                                                      0.000     0.000 r  
    PS7_X0Y0             PS7                          0.000     0.000 r  system_i/processing_system7_0/inst/PS7_i/FCLKCLK[0]
                         net (fo=1, routed)           1.193     1.193    system_i/clk_wiz_0/inst/lopt
    BUFGCTRL_X0Y16       BUFG (Prop_bufg_I_O)         0.101     1.294 r  system_i/clk_wiz_0/inst/clkin1_bufg/O
                         net (fo=1, routed)           1.806     3.100    system_i/clk_wiz_0/inst/clk_in1_system_clk_wiz_0_0
    MMCME2_ADV_X1Y0      MMCME2_ADV (Prop_mmcme2_adv_CLKIN1_CLKOUT1)
                                                      0.088     3.188 r  system_i/clk_wiz_0/inst/mmcm_adv_inst/CLKOUT1
                         net (fo=1, routed)           1.889     5.077    system_i/clk_wiz_0/inst/clk_out2_system_clk_wiz_0_0
    BUFGCTRL_X0Y0        BUFG (Prop_bufg_I_O)         0.101     5.178 r  system_i/clk_wiz_0/inst/clkout2_buf/O
                         net (fo=28627, routed)       2.055     7.233    system_i/MIPI_CSI_2_RX_0/U0/MIPI_CSI2_Rx_inst/LLP_inst/DataFIFO/U0/inst_fifo_gen/gaxis_fifo.gaxisf.axisf/grf.rf/rstblk/m_aclk
    SLICE_X108Y111       FDPE                                         r  system_i/MIPI_CSI_2_RX_0/U0/MIPI_CSI2_Rx_inst/LLP_inst/DataFIFO/U0/inst_fifo_gen/gaxis_fifo.gaxisf.axisf/grf.rf/rstblk/ngwrdrst.grst.g7serrst.gnsckt_wrst.gic_rst.sckt_rd_rst_ic_reg/C
  -------------------------------------------------------------------    -------------------
    SLICE_X108Y111       FDPE (Prop_fdpe_C_Q)         0.518     7.751 f  system_i/MIPI_CSI_2_RX_0/U0/MIPI_CSI2_Rx_inst/LLP_inst/DataFIFO/U0/inst_fifo_gen/gaxis_fifo.gaxisf.axisf/grf.rf/rstblk/ngwrdrst.grst.g7serrst.gnsckt_wrst.gic_rst.sckt_rd_rst_ic_reg/Q
                         net (fo=23, routed)          1.589     9.340    system_i/MIPI_CSI_2_RX_0/U0/MIPI_CSI2_Rx_inst/LLP_inst/DataFIFO/U0/inst_fifo_gen/gaxis_fifo.gaxisf.axisf/grf.rf/gntv_or_sync_fifo.gl0.rd/gr1.gr1_int.rfwft/gpregsm1.user_valid_reg_0
    SLICE_X110Y117       FDPE                                         f  system_i/MIPI_CSI_2_RX_0/U0/MIPI_CSI2_Rx_inst/LLP_inst/DataFIFO/U0/inst_fifo_gen/gaxis_fifo.gaxisf.axisf/grf.rf/gntv_or_sync_fifo.gl0.rd/gr1.gr1_int.rfwft/empty_fwft_fb_i_reg/PRE
  -------------------------------------------------------------------    -------------------

                         (clock clk_out2_system_clk_wiz_0_0 rise edge)
                                                     10.000    10.000 r  
    PS7_X0Y0             PS7                          0.000    10.000 r  system_i/processing_system7_0/inst/PS7_i/FCLKCLK[0]
                         net (fo=1, routed)           1.088    11.088    system_i/clk_wiz_0/inst/lopt
    BUFGCTRL_X0Y16       BUFG (Prop_bufg_I_O)         0.091    11.179 r  system_i/clk_wiz_0/inst/clkin1_bufg/O
                         net (fo=1, routed)           1.612    12.792    system_i/clk_wiz_0/inst/clk_in1_system_clk_wiz_0_0
    MMCME2_ADV_X1Y0      MMCME2_ADV (Prop_mmcme2_adv_CLKIN1_CLKOUT1)
                                                      0.083    12.875 r  system_i/clk_wiz_0/inst/mmcm_adv_inst/CLKOUT1
                         net (fo=1, routed)           1.725    14.600    system_i/clk_wiz_0/inst/clk_out2_system_clk_wiz_0_0
    BUFGCTRL_X0Y0        BUFG (Prop_bufg_I_O)         0.091    14.691 r  system_i/clk_wiz_0/inst/clkout2_buf/O
                         net (fo=28627, routed)       1.855    16.546    system_i/MIPI_CSI_2_RX_0/U0/MIPI_CSI2_Rx_inst/LLP_inst/DataFIFO/U0/inst_fifo_gen/gaxis_fifo.gaxisf.axisf/grf.rf/gntv_or_sync_fifo.gl0.rd/gr1.gr1_int.rfwft/m_aclk
    SLICE_X110Y117       FDPE                                         r  system_i/MIPI_CSI_2_RX_0/U0/MIPI_CSI2_Rx_inst/LLP_inst/DataFIFO/U0/inst_fifo_gen/gaxis_fifo.gaxisf.axisf/grf.rf/gntv_or_sync_fifo.gl0.rd/gr1.gr1_int.rfwft/empty_fwft_fb_i_reg/C
                         clock pessimism              0.619    17.165    
                         clock uncertainty           -0.081    17.084    
    SLICE_X110Y117       FDPE (Recov_fdpe_C_PRE)     -0.359    16.725    system_i/MIPI_CSI_2_RX_0/U0/MIPI_CSI2_Rx_inst/LLP_inst/DataFIFO/U0/inst_fifo_gen/gaxis_fifo.gaxisf.axisf/grf.rf/gntv_or_sync_fifo.gl0.rd/gr1.gr1_int.rfwft/empty_fwft_fb_i_reg
  -------------------------------------------------------------------
                         required time                         16.725    
                         arrival time                          -9.340    
  -------------------------------------------------------------------
                         slack                                  7.385    

Slack (MET) :             7.385ns  (required time - arrival time)
  Source:                 system_i/MIPI_CSI_2_RX_0/U0/MIPI_CSI2_Rx_inst/LLP_inst/DataFIFO/U0/inst_fifo_gen/gaxis_fifo.gaxisf.axisf/grf.rf/rstblk/ngwrdrst.grst.g7serrst.gnsckt_wrst.gic_rst.sckt_rd_rst_ic_reg/C
                            (rising edge-triggered cell FDPE clocked by clk_out2_system_clk_wiz_0_0  {rise@0.000ns fall@5.000ns period=10.000ns})
  Destination:            system_i/MIPI_CSI_2_RX_0/U0/MIPI_CSI2_Rx_inst/LLP_inst/DataFIFO/U0/inst_fifo_gen/gaxis_fifo.gaxisf.axisf/grf.rf/gntv_or_sync_fifo.gl0.rd/gr1.gr1_int.rfwft/empty_fwft_fb_o_i_reg/PRE
                            (recovery check against rising-edge clock clk_out2_system_clk_wiz_0_0  {rise@0.000ns fall@5.000ns period=10.000ns})
  Path Group:             **async_default**
  Path Type:              Recovery (Max at Slow Process Corner)
  Requirement:            10.000ns  (clk_out2_system_clk_wiz_0_0 rise@10.000ns - clk_out2_system_clk_wiz_0_0 rise@0.000ns)
  Data Path Delay:        2.107ns  (logic 0.518ns (24.585%)  route 1.589ns (75.415%))
  Logic Levels:           0  
  Clock Path Skew:        -0.068ns (DCD - SCD + CPR)
    Destination Clock Delay (DCD):    6.546ns = ( 16.546 - 10.000 ) 
    Source Clock Delay      (SCD):    7.233ns
    Clock Pessimism Removal (CPR):    0.619ns
  Clock Uncertainty:      0.081ns  ((TSJ^2 + DJ^2)^1/2) / 2 + PE
    Total System Jitter     (TSJ):    0.071ns
    Discrete Jitter          (DJ):    0.146ns
    Phase Error              (PE):    0.000ns

    Location             Delay type                Incr(ns)  Path(ns)    Netlist Resource(s)
  -------------------------------------------------------------------    -------------------
                         (clock clk_out2_system_clk_wiz_0_0 rise edge)
                                                      0.000     0.000 r  
    PS7_X0Y0             PS7                          0.000     0.000 r  system_i/processing_system7_0/inst/PS7_i/FCLKCLK[0]
                         net (fo=1, routed)           1.193     1.193    system_i/clk_wiz_0/inst/lopt
    BUFGCTRL_X0Y16       BUFG (Prop_bufg_I_O)         0.101     1.294 r  system_i/clk_wiz_0/inst/clkin1_bufg/O
                         net (fo=1, routed)           1.806     3.100    system_i/clk_wiz_0/inst/clk_in1_system_clk_wiz_0_0
    MMCME2_ADV_X1Y0      MMCME2_ADV (Prop_mmcme2_adv_CLKIN1_CLKOUT1)
                                                      0.088     3.188 r  system_i/clk_wiz_0/inst/mmcm_adv_inst/CLKOUT1
                         net (fo=1, routed)           1.889     5.077    system_i/clk_wiz_0/inst/clk_out2_system_clk_wiz_0_0
    BUFGCTRL_X0Y0        BUFG (Prop_bufg_I_O)         0.101     5.178 r  system_i/clk_wiz_0/inst/clkout2_buf/O
                         net (fo=28627, routed)       2.055     7.233    system_i/MIPI_CSI_2_RX_0/U0/MIPI_CSI2_Rx_inst/LLP_inst/DataFIFO/U0/inst_fifo_gen/gaxis_fifo.gaxisf.axisf/grf.rf/rstblk/m_aclk
    SLICE_X108Y111       FDPE                                         r  system_i/MIPI_CSI_2_RX_0/U0/MIPI_CSI2_Rx_inst/LLP_inst/DataFIFO/U0/inst_fifo_gen/gaxis_fifo.gaxisf.axisf/grf.rf/rstblk/ngwrdrst.grst.g7serrst.gnsckt_wrst.gic_rst.sckt_rd_rst_ic_reg/C
  -------------------------------------------------------------------    -------------------
    SLICE_X108Y111       FDPE (Prop_fdpe_C_Q)         0.518     7.751 f  system_i/MIPI_CSI_2_RX_0/U0/MIPI_CSI2_Rx_inst/LLP_inst/DataFIFO/U0/inst_fifo_gen/gaxis_fifo.gaxisf.axisf/grf.rf/rstblk/ngwrdrst.grst.g7serrst.gnsckt_wrst.gic_rst.sckt_rd_rst_ic_reg/Q
                         net (fo=23, routed)          1.589     9.340    system_i/MIPI_CSI_2_RX_0/U0/MIPI_CSI2_Rx_inst/LLP_inst/DataFIFO/U0/inst_fifo_gen/gaxis_fifo.gaxisf.axisf/grf.rf/gntv_or_sync_fifo.gl0.rd/gr1.gr1_int.rfwft/gpregsm1.user_valid_reg_0
    SLICE_X110Y117       FDPE                                         f  system_i/MIPI_CSI_2_RX_0/U0/MIPI_CSI2_Rx_inst/LLP_inst/DataFIFO/U0/inst_fifo_gen/gaxis_fifo.gaxisf.axisf/grf.rf/gntv_or_sync_fifo.gl0.rd/gr1.gr1_int.rfwft/empty_fwft_fb_o_i_reg/PRE
  -------------------------------------------------------------------    -------------------

                         (clock clk_out2_system_clk_wiz_0_0 rise edge)
                                                     10.000    10.000 r  
    PS7_X0Y0             PS7                          0.000    10.000 r  system_i/processing_system7_0/inst/PS7_i/FCLKCLK[0]
                         net (fo=1, routed)           1.088    11.088    system_i/clk_wiz_0/inst/lopt
    BUFGCTRL_X0Y16       BUFG (Prop_bufg_I_O)         0.091    11.179 r  system_i/clk_wiz_0/inst/clkin1_bufg/O
                         net (fo=1, routed)           1.612    12.792    system_i/clk_wiz_0/inst/clk_in1_system_clk_wiz_0_0
    MMCME2_ADV_X1Y0      MMCME2_ADV (Prop_mmcme2_adv_CLKIN1_CLKOUT1)
                                                      0.083    12.875 r  system_i/clk_wiz_0/inst/mmcm_adv_inst/CLKOUT1
                         net (fo=1, routed)           1.725    14.600    system_i/clk_wiz_0/inst/clk_out2_system_clk_wiz_0_0
    BUFGCTRL_X0Y0        BUFG (Prop_bufg_I_O)         0.091    14.691 r  system_i/clk_wiz_0/inst/clkout2_buf/O
                         net (fo=28627, routed)       1.855    16.546    system_i/MIPI_CSI_2_RX_0/U0/MIPI_CSI2_Rx_inst/LLP_inst/DataFIFO/U0/inst_fifo_gen/gaxis_fifo.gaxisf.axisf/grf.rf/gntv_or_sync_fifo.gl0.rd/gr1.gr1_int.rfwft/m_aclk
    SLICE_X110Y117       FDPE                                         r  system_i/MIPI_CSI_2_RX_0/U0/MIPI_CSI2_Rx_inst/LLP_inst/DataFIFO/U0/inst_fifo_gen/gaxis_fifo.gaxisf.axisf/grf.rf/gntv_or_sync_fifo.gl0.rd/gr1.gr1_int.rfwft/empty_fwft_fb_o_i_reg/C
                         clock pessimism              0.619    17.165    
                         clock uncertainty           -0.081    17.084    
    SLICE_X110Y117       FDPE (Recov_fdpe_C_PRE)     -0.359    16.725    system_i/MIPI_CSI_2_RX_0/U0/MIPI_CSI2_Rx_inst/LLP_inst/DataFIFO/U0/inst_fifo_gen/gaxis_fifo.gaxisf.axisf/grf.rf/gntv_or_sync_fifo.gl0.rd/gr1.gr1_int.rfwft/empty_fwft_fb_o_i_reg
  -------------------------------------------------------------------
                         required time                         16.725    
                         arrival time                          -9.340    
  -------------------------------------------------------------------
                         slack                                  7.385    

Slack (MET) :             7.385ns  (required time - arrival time)
  Source:                 system_i/MIPI_CSI_2_RX_0/U0/MIPI_CSI2_Rx_inst/LLP_inst/DataFIFO/U0/inst_fifo_gen/gaxis_fifo.gaxisf.axisf/grf.rf/rstblk/ngwrdrst.grst.g7serrst.gnsckt_wrst.gic_rst.sckt_rd_rst_ic_reg/C
                            (rising edge-triggered cell FDPE clocked by clk_out2_system_clk_wiz_0_0  {rise@0.000ns fall@5.000ns period=10.000ns})
  Destination:            system_i/MIPI_CSI_2_RX_0/U0/MIPI_CSI2_Rx_inst/LLP_inst/DataFIFO/U0/inst_fifo_gen/gaxis_fifo.gaxisf.axisf/grf.rf/gntv_or_sync_fifo.gl0.rd/gr1.gr1_int.rfwft/empty_fwft_i_reg/PRE
                            (recovery check against rising-edge clock clk_out2_system_clk_wiz_0_0  {rise@0.000ns fall@5.000ns period=10.000ns})
  Path Group:             **async_default**
  Path Type:              Recovery (Max at Slow Process Corner)
  Requirement:            10.000ns  (clk_out2_system_clk_wiz_0_0 rise@10.000ns - clk_out2_system_clk_wiz_0_0 rise@0.000ns)
  Data Path Delay:        2.107ns  (logic 0.518ns (24.585%)  route 1.589ns (75.415%))
  Logic Levels:           0  
  Clock Path Skew:        -0.068ns (DCD - SCD + CPR)
    Destination Clock Delay (DCD):    6.546ns = ( 16.546 - 10.000 ) 
    Source Clock Delay      (SCD):    7.233ns
    Clock Pessimism Removal (CPR):    0.619ns
  Clock Uncertainty:      0.081ns  ((TSJ^2 + DJ^2)^1/2) / 2 + PE
    Total System Jitter     (TSJ):    0.071ns
    Discrete Jitter          (DJ):    0.146ns
    Phase Error              (PE):    0.000ns

    Location             Delay type                Incr(ns)  Path(ns)    Netlist Resource(s)
  -------------------------------------------------------------------    -------------------
                         (clock clk_out2_system_clk_wiz_0_0 rise edge)
                                                      0.000     0.000 r  
    PS7_X0Y0             PS7                          0.000     0.000 r  system_i/processing_system7_0/inst/PS7_i/FCLKCLK[0]
                         net (fo=1, routed)           1.193     1.193    system_i/clk_wiz_0/inst/lopt
    BUFGCTRL_X0Y16       BUFG (Prop_bufg_I_O)         0.101     1.294 r  system_i/clk_wiz_0/inst/clkin1_bufg/O
                         net (fo=1, routed)           1.806     3.100    system_i/clk_wiz_0/inst/clk_in1_system_clk_wiz_0_0
    MMCME2_ADV_X1Y0      MMCME2_ADV (Prop_mmcme2_adv_CLKIN1_CLKOUT1)
                                                      0.088     3.188 r  system_i/clk_wiz_0/inst/mmcm_adv_inst/CLKOUT1
                         net (fo=1, routed)           1.889     5.077    system_i/clk_wiz_0/inst/clk_out2_system_clk_wiz_0_0
    BUFGCTRL_X0Y0        BUFG (Prop_bufg_I_O)         0.101     5.178 r  system_i/clk_wiz_0/inst/clkout2_buf/O
                         net (fo=28627, routed)       2.055     7.233    system_i/MIPI_CSI_2_RX_0/U0/MIPI_CSI2_Rx_inst/LLP_inst/DataFIFO/U0/inst_fifo_gen/gaxis_fifo.gaxisf.axisf/grf.rf/rstblk/m_aclk
    SLICE_X108Y111       FDPE                                         r  system_i/MIPI_CSI_2_RX_0/U0/MIPI_CSI2_Rx_inst/LLP_inst/DataFIFO/U0/inst_fifo_gen/gaxis_fifo.gaxisf.axisf/grf.rf/rstblk/ngwrdrst.grst.g7serrst.gnsckt_wrst.gic_rst.sckt_rd_rst_ic_reg/C
  -------------------------------------------------------------------    -------------------
    SLICE_X108Y111       FDPE (Prop_fdpe_C_Q)         0.518     7.751 f  system_i/MIPI_CSI_2_RX_0/U0/MIPI_CSI2_Rx_inst/LLP_inst/DataFIFO/U0/inst_fifo_gen/gaxis_fifo.gaxisf.axisf/grf.rf/rstblk/ngwrdrst.grst.g7serrst.gnsckt_wrst.gic_rst.sckt_rd_rst_ic_reg/Q
                         net (fo=23, routed)          1.589     9.340    system_i/MIPI_CSI_2_RX_0/U0/MIPI_CSI2_Rx_inst/LLP_inst/DataFIFO/U0/inst_fifo_gen/gaxis_fifo.gaxisf.axisf/grf.rf/gntv_or_sync_fifo.gl0.rd/gr1.gr1_int.rfwft/gpregsm1.user_valid_reg_0
    SLICE_X110Y117       FDPE                                         f  system_i/MIPI_CSI_2_RX_0/U0/MIPI_CSI2_Rx_inst/LLP_inst/DataFIFO/U0/inst_fifo_gen/gaxis_fifo.gaxisf.axisf/grf.rf/gntv_or_sync_fifo.gl0.rd/gr1.gr1_int.rfwft/empty_fwft_i_reg/PRE
  -------------------------------------------------------------------    -------------------

                         (clock clk_out2_system_clk_wiz_0_0 rise edge)
                                                     10.000    10.000 r  
    PS7_X0Y0             PS7                          0.000    10.000 r  system_i/processing_system7_0/inst/PS7_i/FCLKCLK[0]
                         net (fo=1, routed)           1.088    11.088    system_i/clk_wiz_0/inst/lopt
    BUFGCTRL_X0Y16       BUFG (Prop_bufg_I_O)         0.091    11.179 r  system_i/clk_wiz_0/inst/clkin1_bufg/O
                         net (fo=1, routed)           1.612    12.792    system_i/clk_wiz_0/inst/clk_in1_system_clk_wiz_0_0
    MMCME2_ADV_X1Y0      MMCME2_ADV (Prop_mmcme2_adv_CLKIN1_CLKOUT1)
                                                      0.083    12.875 r  system_i/clk_wiz_0/inst/mmcm_adv_inst/CLKOUT1
                         net (fo=1, routed)           1.725    14.600    system_i/clk_wiz_0/inst/clk_out2_system_clk_wiz_0_0
    BUFGCTRL_X0Y0        BUFG (Prop_bufg_I_O)         0.091    14.691 r  system_i/clk_wiz_0/inst/clkout2_buf/O
                         net (fo=28627, routed)       1.855    16.546    system_i/MIPI_CSI_2_RX_0/U0/MIPI_CSI2_Rx_inst/LLP_inst/DataFIFO/U0/inst_fifo_gen/gaxis_fifo.gaxisf.axisf/grf.rf/gntv_or_sync_fifo.gl0.rd/gr1.gr1_int.rfwft/m_aclk
    SLICE_X110Y117       FDPE                                         r  system_i/MIPI_CSI_2_RX_0/U0/MIPI_CSI2_Rx_inst/LLP_inst/DataFIFO/U0/inst_fifo_gen/gaxis_fifo.gaxisf.axisf/grf.rf/gntv_or_sync_fifo.gl0.rd/gr1.gr1_int.rfwft/empty_fwft_i_reg/C
                         clock pessimism              0.619    17.165    
                         clock uncertainty           -0.081    17.084    
    SLICE_X110Y117       FDPE (Recov_fdpe_C_PRE)     -0.359    16.725    system_i/MIPI_CSI_2_RX_0/U0/MIPI_CSI2_Rx_inst/LLP_inst/DataFIFO/U0/inst_fifo_gen/gaxis_fifo.gaxisf.axisf/grf.rf/gntv_or_sync_fifo.gl0.rd/gr1.gr1_int.rfwft/empty_fwft_i_reg
  -------------------------------------------------------------------
                         required time                         16.725    
                         arrival time                          -9.340    
  -------------------------------------------------------------------
                         slack                                  7.385    

Slack (MET) :             8.614ns  (required time - arrival time)
  Source:                 system_i/MIPI_CSI_2_RX_0/U0/MIPI_CSI2_Rx_inst/LLP_inst/DataFIFO/U0/inst_fifo_gen/gaxis_fifo.gaxisf.axisf/grf.rf/gntv_or_sync_fifo.gcx.clkx/rd_pntr_cdc_inst/src_gray_ff_reg[0]/C
                            (rising edge-triggered cell FDRE clocked by clk_out2_system_clk_wiz_0_0  {rise@0.000ns fall@5.000ns period=10.000ns})
  Destination:            system_i/MIPI_CSI_2_RX_0/U0/MIPI_CSI2_Rx_inst/LLP_inst/DataFIFO/U0/inst_fifo_gen/gaxis_fifo.gaxisf.axisf/grf.rf/gntv_or_sync_fifo.gcx.clkx/rd_pntr_cdc_inst/dest_graysync_ff_reg[0][0]/D
                            (rising edge-triggered cell FDRE clocked by RxByteClkHS  {rise@0.000ns fall@9.522ns period=19.044ns})
  Path Group:             RxByteClkHS
  Path Type:              Setup (Max at Slow Process Corner)
  Requirement:            10.000ns  (MaxDelay Path 10.000ns)
  Data Path Delay:        1.339ns  (logic 0.456ns (34.061%)  route 0.883ns (65.939%))
  Logic Levels:           0  
  Timing Exception:       MaxDelay Path 10.000ns -datapath_only

    Location             Delay type                Incr(ns)  Path(ns)    Netlist Resource(s)
  -------------------------------------------------------------------    -------------------
    SLICE_X110Y111                                    0.000     0.000 r  system_i/MIPI_CSI_2_RX_0/U0/MIPI_CSI2_Rx_inst/LLP_inst/DataFIFO/U0/inst_fifo_gen/gaxis_fifo.gaxisf.axisf/grf.rf/gntv_or_sync_fifo.gcx.clkx/rd_pntr_cdc_inst/src_gray_ff_reg[0]/C
    SLICE_X110Y111       FDRE (Prop_fdre_C_Q)         0.456     0.456 r  system_i/MIPI_CSI_2_RX_0/U0/MIPI_CSI2_Rx_inst/LLP_inst/DataFIFO/U0/inst_fifo_gen/gaxis_fifo.gaxisf.axisf/grf.rf/gntv_or_sync_fifo.gcx.clkx/rd_pntr_cdc_inst/src_gray_ff_reg[0]/Q
                         net (fo=1, routed)           0.883     1.339    system_i/MIPI_CSI_2_RX_0/U0/MIPI_CSI2_Rx_inst/LLP_inst/DataFIFO/U0/inst_fifo_gen/gaxis_fifo.gaxisf.axisf/grf.rf/gntv_or_sync_fifo.gcx.clkx/rd_pntr_cdc_inst/async_path[0]
    SLICE_X112Y109       FDRE                                         r  system_i/MIPI_CSI_2_RX_0/U0/MIPI_CSI2_Rx_inst/LLP_inst/DataFIFO/U0/inst_fifo_gen/gaxis_fifo.gaxisf.axisf/grf.rf/gntv_or_sync_fifo.gcx.clkx/rd_pntr_cdc_inst/dest_graysync_ff_reg[0][0]/D
  -------------------------------------------------------------------    -------------------

                         max delay                   10.000    10.000    
    SLICE_X112Y109       FDRE (Setup_fdre_C_D)       -0.047     9.953    system_i/MIPI_CSI_2_RX_0/U0/MIPI_CSI2_Rx_inst/LLP_inst/DataFIFO/U0/inst_fifo_gen/gaxis_fifo.gaxisf.axisf/grf.rf/gntv_or_sync_fifo.gcx.clkx/rd_pntr_cdc_inst/dest_graysync_ff_reg[0][0]
  -------------------------------------------------------------------
                         required time                          9.953    
                         arrival time                          -1.339    
  -------------------------------------------------------------------
                         slack                                  8.614    

Slack (MET) :             8.860ns  (required time - arrival time)
  Source:                 system_i/MIPI_CSI_2_RX_0/U0/MIPI_CSI2_Rx_inst/LLP_inst/DataFIFO/U0/inst_fifo_gen/gaxis_fifo.gaxisf.axisf/grf.rf/gntv_or_sync_fifo.gcx.clkx/rd_pntr_cdc_inst/src_gray_ff_reg[3]/C
                            (rising edge-triggered cell FDRE clocked by clk_out2_system_clk_wiz_0_0  {rise@0.000ns fall@5.000ns period=10.000ns})
  Destination:            system_i/MIPI_CSI_2_RX_0/U0/MIPI_CSI2_Rx_inst/LLP_inst/DataFIFO/U0/inst_fifo_gen/gaxis_fifo.gaxisf.axisf/grf.rf/gntv_or_sync_fifo.gcx.clkx/rd_pntr_cdc_inst/dest_graysync_ff_reg[0][3]/D
                            (rising edge-triggered cell FDRE clocked by RxByteClkHS  {rise@0.000ns fall@9.522ns period=19.044ns})
  Path Group:             RxByteClkHS
  Path Type:              Setup (Max at Slow Process Corner)
  Requirement:            10.000ns  (MaxDelay Path 10.000ns)
  Data Path Delay:        0.873ns  (logic 0.419ns (48.010%)  route 0.454ns (51.990%))
  Logic Levels:           0  
  Timing Exception:       MaxDelay Path 10.000ns -datapath_only

    Location             Delay type                Incr(ns)  Path(ns)    Netlist Resource(s)
  -------------------------------------------------------------------    -------------------
    SLICE_X110Y111                                    0.000     0.000 r  system_i/MIPI_CSI_2_RX_0/U0/MIPI_CSI2_Rx_inst/LLP_inst/DataFIFO/U0/inst_fifo_gen/gaxis_fifo.gaxisf.axisf/grf.rf/gntv_or_sync_fifo.gcx.clkx/rd_pntr_cdc_inst/src_gray_ff_reg[3]/C
    SLICE_X110Y111       FDRE (Prop_fdre_C_Q)         0.419     0.419 r  system_i/MIPI_CSI_2_RX_0/U0/MIPI_CSI2_Rx_inst/LLP_inst/DataFIFO/U0/inst_fifo_gen/gaxis_fifo.gaxisf.axisf/grf.rf/gntv_or_sync_fifo.gcx.clkx/rd_pntr_cdc_inst/src_gray_ff_reg[3]/Q
                         net (fo=1, routed)           0.454     0.873    system_i/MIPI_CSI_2_RX_0/U0/MIPI_CSI2_Rx_inst/LLP_inst/DataFIFO/U0/inst_fifo_gen/gaxis_fifo.gaxisf.axisf/grf.rf/gntv_or_sync_fifo.gcx.clkx/rd_pntr_cdc_inst/async_path[3]
    SLICE_X110Y110       FDRE                                         r  system_i/MIPI_CSI_2_RX_0/U0/MIPI_CSI2_Rx_inst/LLP_inst/DataFIFO/U0/inst_fifo_gen/gaxis_fifo.gaxisf.axisf/grf.rf/gntv_or_sync_fifo.gcx.clkx/rd_pntr_cdc_inst/dest_graysync_ff_reg[0][3]/D
  -------------------------------------------------------------------    -------------------

                         max delay                   10.000    10.000    
    SLICE_X110Y110       FDRE (Setup_fdre_C_D)       -0.267     9.733    system_i/MIPI_CSI_2_RX_0/U0/MIPI_CSI2_Rx_inst/LLP_inst/DataFIFO/U0/inst_fifo_gen/gaxis_fifo.gaxisf.axisf/grf.rf/gntv_or_sync_fifo.gcx.clkx/rd_pntr_cdc_inst/dest_graysync_ff_reg[0][3]
  -------------------------------------------------------------------
                         required time                          9.733    
                         arrival time                          -0.873    
  -------------------------------------------------------------------
                         slack                                  8.860    

Slack (MET) :             8.871ns  (required time - arrival time)
  Source:                 system_i/MIPI_CSI_2_RX_0/U0/MIPI_CSI2_Rx_inst/LLP_inst/DataFIFO/U0/inst_fifo_gen/gaxis_fifo.gaxisf.axisf/grf.rf/gntv_or_sync_fifo.gcx.clkx/rd_pntr_cdc_inst/src_gray_ff_reg[1]/C
                            (rising edge-triggered cell FDRE clocked by clk_out2_system_clk_wiz_0_0  {rise@0.000ns fall@5.000ns period=10.000ns})
  Destination:            system_i/MIPI_CSI_2_RX_0/U0/MIPI_CSI2_Rx_inst/LLP_inst/DataFIFO/U0/inst_fifo_gen/gaxis_fifo.gaxisf.axisf/grf.rf/gntv_or_sync_fifo.gcx.clkx/rd_pntr_cdc_inst/dest_graysync_ff_reg[0][1]/D
                            (rising edge-triggered cell FDRE clocked by RxByteClkHS  {rise@0.000ns fall@9.522ns period=19.044ns})
  Path Group:             RxByteClkHS
  Path Type:              Setup (Max at Slow Process Corner)
  Requirement:            10.000ns  (MaxDelay Path 10.000ns)
  Data Path Delay:        0.859ns  (logic 0.419ns (48.781%)  route 0.440ns (51.219%))
  Logic Levels:           0  
  Timing Exception:       MaxDelay Path 10.000ns -datapath_only

    Location             Delay type                Incr(ns)  Path(ns)    Netlist Resource(s)
  -------------------------------------------------------------------    -------------------
    SLICE_X110Y111                                    0.000     0.000 r  system_i/MIPI_CSI_2_RX_0/U0/MIPI_CSI2_Rx_inst/LLP_inst/DataFIFO/U0/inst_fifo_gen/gaxis_fifo.gaxisf.axisf/grf.rf/gntv_or_sync_fifo.gcx.clkx/rd_pntr_cdc_inst/src_gray_ff_reg[1]/C
    SLICE_X110Y111       FDRE (Prop_fdre_C_Q)         0.419     0.419 r  system_i/MIPI_CSI_2_RX_0/U0/MIPI_CSI2_Rx_inst/LLP_inst/DataFIFO/U0/inst_fifo_gen/gaxis_fifo.gaxisf.axisf/grf.rf/gntv_or_sync_fifo.gcx.clkx/rd_pntr_cdc_inst/src_gray_ff_reg[1]/Q
                         net (fo=1, routed)           0.440     0.859    system_i/MIPI_CSI_2_RX_0/U0/MIPI_CSI2_Rx_inst/LLP_inst/DataFIFO/U0/inst_fifo_gen/gaxis_fifo.gaxisf.axisf/grf.rf/gntv_or_sync_fifo.gcx.clkx/rd_pntr_cdc_inst/async_path[1]
    SLICE_X111Y110       FDRE                                         r  system_i/MIPI_CSI_2_RX_0/U0/MIPI_CSI2_Rx_inst/LLP_inst/DataFIFO/U0/inst_fifo_gen/gaxis_fifo.gaxisf.axisf/grf.rf/gntv_or_sync_fifo.gcx.clkx/rd_pntr_cdc_inst/dest_graysync_ff_reg[0][1]/D
  -------------------------------------------------------------------    -------------------

                         max delay                   10.000    10.000    
    SLICE_X111Y110       FDRE (Setup_fdre_C_D)       -0.270     9.730    system_i/MIPI_CSI_2_RX_0/U0/MIPI_CSI2_Rx_inst/LLP_inst/DataFIFO/U0/inst_fifo_gen/gaxis_fifo.gaxisf.axisf/grf.rf/gntv_or_sync_fifo.gcx.clkx/rd_pntr_cdc_inst/dest_graysync_ff_reg[0][1]
  -------------------------------------------------------------------
                         required time                          9.730    
                         arrival time                          -0.859    
  -------------------------------------------------------------------
                         slack                                  8.871    

Slack (MET) :             8.898ns  (required time - arrival time)
  Source:                 system_i/MIPI_CSI_2_RX_0/U0/MIPI_CSI2_Rx_inst/LLP_inst/DataFIFO/U0/inst_fifo_gen/gaxis_fifo.gaxisf.axisf/grf.rf/gntv_or_sync_fifo.gcx.clkx/rd_pntr_cdc_inst/src_gray_ff_reg[4]/C
                            (rising edge-triggered cell FDRE clocked by clk_out2_system_clk_wiz_0_0  {rise@0.000ns fall@5.000ns period=10.000ns})
  Destination:            system_i/MIPI_CSI_2_RX_0/U0/MIPI_CSI2_Rx_inst/LLP_inst/DataFIFO/U0/inst_fifo_gen/gaxis_fifo.gaxisf.axisf/grf.rf/gntv_or_sync_fifo.gcx.clkx/rd_pntr_cdc_inst/dest_graysync_ff_reg[0][4]/D
                            (rising edge-triggered cell FDRE clocked by RxByteClkHS  {rise@0.000ns fall@9.522ns period=19.044ns})
  Path Group:             RxByteClkHS
  Path Type:              Setup (Max at Slow Process Corner)
  Requirement:            10.000ns  (MaxDelay Path 10.000ns)
  Data Path Delay:        1.059ns  (logic 0.518ns (48.930%)  route 0.541ns (51.070%))
  Logic Levels:           0  
  Timing Exception:       MaxDelay Path 10.000ns -datapath_only

    Location             Delay type                Incr(ns)  Path(ns)    Netlist Resource(s)
  -------------------------------------------------------------------    -------------------
    SLICE_X112Y110                                    0.000     0.000 r  system_i/MIPI_CSI_2_RX_0/U0/MIPI_CSI2_Rx_inst/LLP_inst/DataFIFO/U0/inst_fifo_gen/gaxis_fifo.gaxisf.axisf/grf.rf/gntv_or_sync_fifo.gcx.clkx/rd_pntr_cdc_inst/src_gray_ff_reg[4]/C
    SLICE_X112Y110       FDRE (Prop_fdre_C_Q)         0.518     0.518 r  system_i/MIPI_CSI_2_RX_0/U0/MIPI_CSI2_Rx_inst/LLP_inst/DataFIFO/U0/inst_fifo_gen/gaxis_fifo.gaxisf.axisf/grf.rf/gntv_or_sync_fifo.gcx.clkx/rd_pntr_cdc_inst/src_gray_ff_reg[4]/Q
                         net (fo=1, routed)           0.541     1.059    system_i/MIPI_CSI_2_RX_0/U0/MIPI_CSI2_Rx_inst/LLP_inst/DataFIFO/U0/inst_fifo_gen/gaxis_fifo.gaxisf.axisf/grf.rf/gntv_or_sync_fifo.gcx.clkx/rd_pntr_cdc_inst/async_path[4]
    SLICE_X112Y109       FDRE                                         r  system_i/MIPI_CSI_2_RX_0/U0/MIPI_CSI2_Rx_inst/LLP_inst/DataFIFO/U0/inst_fifo_gen/gaxis_fifo.gaxisf.axisf/grf.rf/gntv_or_sync_fifo.gcx.clkx/rd_pntr_cdc_inst/dest_graysync_ff_reg[0][4]/D
  -------------------------------------------------------------------    -------------------

                         max delay                   10.000    10.000    
    SLICE_X112Y109       FDRE (Setup_fdre_C_D)       -0.043     9.957    system_i/MIPI_CSI_2_RX_0/U0/MIPI_CSI2_Rx_inst/LLP_inst/DataFIFO/U0/inst_fifo_gen/gaxis_fifo.gaxisf.axisf/grf.rf/gntv_or_sync_fifo.gcx.clkx/rd_pntr_cdc_inst/dest_graysync_ff_reg[0][4]
  -------------------------------------------------------------------
                         required time                          9.957    
                         arrival time                          -1.059    
  -------------------------------------------------------------------
                         slack                                  8.898    

Slack (MET) :             8.993ns  (required time - arrival time)
  Source:                 system_i/MIPI_CSI_2_RX_0/U0/MIPI_CSI2_Rx_inst/LLP_inst/DataFIFO/U0/inst_fifo_gen/gaxis_fifo.gaxisf.axisf/grf.rf/gntv_or_sync_fifo.gcx.clkx/rd_pntr_cdc_inst/src_gray_ff_reg[2]/C
                            (rising edge-triggered cell FDRE clocked by clk_out2_system_clk_wiz_0_0  {rise@0.000ns fall@5.000ns period=10.000ns})
  Destination:            system_i/MIPI_CSI_2_RX_0/U0/MIPI_CSI2_Rx_inst/LLP_inst/DataFIFO/U0/inst_fifo_gen/gaxis_fifo.gaxisf.axisf/grf.rf/gntv_or_sync_fifo.gcx.clkx/rd_pntr_cdc_inst/dest_graysync_ff_reg[0][2]/D
                            (rising edge-triggered cell FDRE clocked by RxByteClkHS  {rise@0.000ns fall@9.522ns period=19.044ns})
  Path Group:             RxByteClkHS
  Path Type:              Setup (Max at Slow Process Corner)
  Requirement:            10.000ns  (MaxDelay Path 10.000ns)
  Data Path Delay:        0.914ns  (logic 0.456ns (49.903%)  route 0.458ns (50.097%))
  Logic Levels:           0  
  Timing Exception:       MaxDelay Path 10.000ns -datapath_only

    Location             Delay type                Incr(ns)  Path(ns)    Netlist Resource(s)
  -------------------------------------------------------------------    -------------------
    SLICE_X110Y111                                    0.000     0.000 r  system_i/MIPI_CSI_2_RX_0/U0/MIPI_CSI2_Rx_inst/LLP_inst/DataFIFO/U0/inst_fifo_gen/gaxis_fifo.gaxisf.axisf/grf.rf/gntv_or_sync_fifo.gcx.clkx/rd_pntr_cdc_inst/src_gray_ff_reg[2]/C
    SLICE_X110Y111       FDRE (Prop_fdre_C_Q)         0.456     0.456 r  system_i/MIPI_CSI_2_RX_0/U0/MIPI_CSI2_Rx_inst/LLP_inst/DataFIFO/U0/inst_fifo_gen/gaxis_fifo.gaxisf.axisf/grf.rf/gntv_or_sync_fifo.gcx.clkx/rd_pntr_cdc_inst/src_gray_ff_reg[2]/Q
                         net (fo=1, routed)           0.458     0.914    system_i/MIPI_CSI_2_RX_0/U0/MIPI_CSI2_Rx_inst/LLP_inst/DataFIFO/U0/inst_fifo_gen/gaxis_fifo.gaxisf.axisf/grf.rf/gntv_or_sync_fifo.gcx.clkx/rd_pntr_cdc_inst/async_path[2]
    SLICE_X111Y110       FDRE                                         r  system_i/MIPI_CSI_2_RX_0/U0/MIPI_CSI2_Rx_inst/LLP_inst/DataFIFO/U0/inst_fifo_gen/gaxis_fifo.gaxisf.axisf/grf.rf/gntv_or_sync_fifo.gcx.clkx/rd_pntr_cdc_inst/dest_graysync_ff_reg[0][2]/D
  -------------------------------------------------------------------    -------------------

                         max delay                   10.000    10.000    
    SLICE_X111Y110       FDRE (Setup_fdre_C_D)       -0.093     9.907    system_i/MIPI_CSI_2_RX_0/U0/MIPI_CSI2_Rx_inst/LLP_inst/DataFIFO/U0/inst_fifo_gen/gaxis_fifo.gaxisf.axisf/grf.rf/gntv_or_sync_fifo.gcx.clkx/rd_pntr_cdc_inst/dest_graysync_ff_reg[0][2]
  -------------------------------------------------------------------
                         required time                          9.907    
                         arrival time                          -0.914    
  -------------------------------------------------------------------
                         slack                                  8.993    

Slack (MET) :             11.025ns  (required time - arrival time)
  Source:                 system_i/rst_clk_wiz_0_50M/U0/ACTIVE_LOW_PR_OUT_DFF[0].FDRE_PER_N/C
                            (rising edge-triggered cell FDRE clocked by clk_out1_system_clk_wiz_0_0  {rise@0.000ns fall@10.000ns period=20.000ns})
  Destination:            system_i/MIPI_D_PHY_RX_0/U0/YesAXILITE.AXI_Lite_Control/control_reg_reg[0]/R
                            (rising edge-triggered cell FDRE clocked by clk_out1_system_clk_wiz_0_0  {rise@0.000ns fall@10.000ns period=20.000ns})
  Path Group:             clk_out1_system_clk_wiz_0_0
  Path Type:              Setup (Max at Slow Process Corner)
  Requirement:            20.000ns  (clk_out1_system_clk_wiz_0_0 rise@20.000ns - clk_out1_system_clk_wiz_0_0 rise@0.000ns)
  Data Path Delay:        8.192ns  (logic 0.575ns (7.019%)  route 7.617ns (92.981%))
  Logic Levels:           1  (LUT1=1)
  Clock Path Skew:        -0.047ns (DCD - SCD + CPR)
    Destination Clock Delay (DCD):    6.346ns = ( 26.346 - 20.000 ) 
    Source Clock Delay      (SCD):    6.894ns
    Clock Pessimism Removal (CPR):    0.501ns
  Clock Uncertainty:      0.098ns  ((TSJ^2 + DJ^2)^1/2) / 2 + PE
    Total System Jitter     (TSJ):    0.071ns
    Discrete Jitter          (DJ):    0.183ns
    Phase Error              (PE):    0.000ns

    Location             Delay type                Incr(ns)  Path(ns)    Netlist Resource(s)
  -------------------------------------------------------------------    -------------------
                         (clock clk_out1_system_clk_wiz_0_0 rise edge)
                                                      0.000     0.000 r  
    PS7_X0Y0             PS7                          0.000     0.000 r  system_i/processing_system7_0/inst/PS7_i/FCLKCLK[0]
                         net (fo=1, routed)           1.193     1.193    system_i/clk_wiz_0/inst/lopt
    BUFGCTRL_X0Y16       BUFG (Prop_bufg_I_O)         0.101     1.294 r  system_i/clk_wiz_0/inst/clkin1_bufg/O
                         net (fo=1, routed)           1.806     3.100    system_i/clk_wiz_0/inst/clk_in1_system_clk_wiz_0_0
    MMCME2_ADV_X1Y0      MMCME2_ADV (Prop_mmcme2_adv_CLKIN1_CLKOUT0)
                                                      0.088     3.188 r  system_i/clk_wiz_0/inst/mmcm_adv_inst/CLKOUT0
                         net (fo=1, routed)           1.889     5.077    system_i/clk_wiz_0/inst/clk_out1_system_clk_wiz_0_0
    BUFGCTRL_X0Y1        BUFG (Prop_bufg_I_O)         0.101     5.178 r  system_i/clk_wiz_0/inst/clkout1_buf/O
                         net (fo=841, routed)         1.716     6.894    system_i/rst_clk_wiz_0_50M/U0/slowest_sync_clk
    SLICE_X65Y60         FDRE                                         r  system_i/rst_clk_wiz_0_50M/U0/ACTIVE_LOW_PR_OUT_DFF[0].FDRE_PER_N/C
  -------------------------------------------------------------------    -------------------
    SLICE_X65Y60         FDRE (Prop_fdre_C_Q)         0.456     7.350 f  system_i/rst_clk_wiz_0_50M/U0/ACTIVE_LOW_PR_OUT_DFF[0].FDRE_PER_N/Q
                         net (fo=114, routed)         5.462    12.812    system_i/MIPI_D_PHY_RX_0/U0/YesAXILITE.AXI_Lite_Control/s_axi_lite_aresetn
    SLICE_X31Y107        LUT1 (Prop_lut1_I0_O)        0.119    12.931 r  system_i/MIPI_D_PHY_RX_0/U0/YesAXILITE.AXI_Lite_Control/axi_awready_i_1/O
                         net (fo=73, routed)          2.155    15.086    system_i/MIPI_D_PHY_RX_0/U0/YesAXILITE.AXI_Lite_Control/axi_awready_i_1_n_0
    SLICE_X39Y108        FDRE                                         r  system_i/MIPI_D_PHY_RX_0/U0/YesAXILITE.AXI_Lite_Control/control_reg_reg[0]/R
  -------------------------------------------------------------------    -------------------

                         (clock clk_out1_system_clk_wiz_0_0 rise edge)
                                                     20.000    20.000 r  
    PS7_X0Y0             PS7                          0.000    20.000 r  system_i/processing_system7_0/inst/PS7_i/FCLKCLK[0]
                         net (fo=1, routed)           1.088    21.088    system_i/clk_wiz_0/inst/lopt
    BUFGCTRL_X0Y16       BUFG (Prop_bufg_I_O)         0.091    21.179 r  system_i/clk_wiz_0/inst/clkin1_bufg/O
                         net (fo=1, routed)           1.612    22.792    system_i/clk_wiz_0/inst/clk_in1_system_clk_wiz_0_0
    MMCME2_ADV_X1Y0      MMCME2_ADV (Prop_mmcme2_adv_CLKIN1_CLKOUT0)
                                                      0.083    22.875 r  system_i/clk_wiz_0/inst/mmcm_adv_inst/CLKOUT0
                         net (fo=1, routed)           1.725    24.600    system_i/clk_wiz_0/inst/clk_out1_system_clk_wiz_0_0
    BUFGCTRL_X0Y1        BUFG (Prop_bufg_I_O)         0.091    24.691 r  system_i/clk_wiz_0/inst/clkout1_buf/O
                         net (fo=841, routed)         1.655    26.346    system_i/MIPI_D_PHY_RX_0/U0/YesAXILITE.AXI_Lite_Control/s_axi_lite_aclk
    SLICE_X39Y108        FDRE                                         r  system_i/MIPI_D_PHY_RX_0/U0/YesAXILITE.AXI_Lite_Control/control_reg_reg[0]/C
                         clock pessimism              0.501    26.847    
                         clock uncertainty           -0.098    26.749    
    SLICE_X39Y108        FDRE (Setup_fdre_C_R)       -0.637    26.112    system_i/MIPI_D_PHY_RX_0/U0/YesAXILITE.AXI_Lite_Control/control_reg_reg[0]
  -------------------------------------------------------------------
                         required time                         26.112    
                         arrival time                         -15.086    
  -------------------------------------------------------------------
                         slack                                 11.025    

Slack (MET) :             11.025ns  (required time - arrival time)
  Source:                 system_i/rst_clk_wiz_0_50M/U0/ACTIVE_LOW_PR_OUT_DFF[0].FDRE_PER_N/C
                            (rising edge-triggered cell FDRE clocked by clk_out1_system_clk_wiz_0_0  {rise@0.000ns fall@10.000ns period=20.000ns})
  Destination:            system_i/MIPI_D_PHY_RX_0/U0/YesAXILITE.AXI_Lite_Control/control_reg_reg[1]/S
                            (rising edge-triggered cell FDSE clocked by clk_out1_system_clk_wiz_0_0  {rise@0.000ns fall@10.000ns period=20.000ns})
  Path Group:             clk_out1_system_clk_wiz_0_0
  Path Type:              Setup (Max at Slow Process Corner)
  Requirement:            20.000ns  (clk_out1_system_clk_wiz_0_0 rise@20.000ns - clk_out1_system_clk_wiz_0_0 rise@0.000ns)
  Data Path Delay:        8.192ns  (logic 0.575ns (7.019%)  route 7.617ns (92.981%))
  Logic Levels:           1  (LUT1=1)
  Clock Path Skew:        -0.047ns (DCD - SCD + CPR)
    Destination Clock Delay (DCD):    6.346ns = ( 26.346 - 20.000 ) 
    Source Clock Delay      (SCD):    6.894ns
    Clock Pessimism Removal (CPR):    0.501ns
  Clock Uncertainty:      0.098ns  ((TSJ^2 + DJ^2)^1/2) / 2 + PE
    Total System Jitter     (TSJ):    0.071ns
    Discrete Jitter          (DJ):    0.183ns
    Phase Error              (PE):    0.000ns

    Location             Delay type                Incr(ns)  Path(ns)    Netlist Resource(s)
  -------------------------------------------------------------------    -------------------
                         (clock clk_out1_system_clk_wiz_0_0 rise edge)
                                                      0.000     0.000 r  
    PS7_X0Y0             PS7                          0.000     0.000 r  system_i/processing_system7_0/inst/PS7_i/FCLKCLK[0]
                         net (fo=1, routed)           1.193     1.193    system_i/clk_wiz_0/inst/lopt
    BUFGCTRL_X0Y16       BUFG (Prop_bufg_I_O)         0.101     1.294 r  system_i/clk_wiz_0/inst/clkin1_bufg/O
                         net (fo=1, routed)           1.806     3.100    system_i/clk_wiz_0/inst/clk_in1_system_clk_wiz_0_0
    MMCME2_ADV_X1Y0      MMCME2_ADV (Prop_mmcme2_adv_CLKIN1_CLKOUT0)
                                                      0.088     3.188 r  system_i/clk_wiz_0/inst/mmcm_adv_inst/CLKOUT0
                         net (fo=1, routed)           1.889     5.077    system_i/clk_wiz_0/inst/clk_out1_system_clk_wiz_0_0
    BUFGCTRL_X0Y1        BUFG (Prop_bufg_I_O)         0.101     5.178 r  system_i/clk_wiz_0/inst/clkout1_buf/O
                         net (fo=841, routed)         1.716     6.894    system_i/rst_clk_wiz_0_50M/U0/slowest_sync_clk
    SLICE_X65Y60         FDRE                                         r  system_i/rst_clk_wiz_0_50M/U0/ACTIVE_LOW_PR_OUT_DFF[0].FDRE_PER_N/C
  -------------------------------------------------------------------    -------------------
    SLICE_X65Y60         FDRE (Prop_fdre_C_Q)         0.456     7.350 f  system_i/rst_clk_wiz_0_50M/U0/ACTIVE_LOW_PR_OUT_DFF[0].FDRE_PER_N/Q
                         net (fo=114, routed)         5.462    12.812    system_i/MIPI_D_PHY_RX_0/U0/YesAXILITE.AXI_Lite_Control/s_axi_lite_aresetn
    SLICE_X31Y107        LUT1 (Prop_lut1_I0_O)        0.119    12.931 r  system_i/MIPI_D_PHY_RX_0/U0/YesAXILITE.AXI_Lite_Control/axi_awready_i_1/O
                         net (fo=73, routed)          2.155    15.086    system_i/MIPI_D_PHY_RX_0/U0/YesAXILITE.AXI_Lite_Control/axi_awready_i_1_n_0
    SLICE_X39Y108        FDSE                                         r  system_i/MIPI_D_PHY_RX_0/U0/YesAXILITE.AXI_Lite_Control/control_reg_reg[1]/S
  -------------------------------------------------------------------    -------------------

                         (clock clk_out1_system_clk_wiz_0_0 rise edge)
                                                     20.000    20.000 r  
    PS7_X0Y0             PS7                          0.000    20.000 r  system_i/processing_system7_0/inst/PS7_i/FCLKCLK[0]
                         net (fo=1, routed)           1.088    21.088    system_i/clk_wiz_0/inst/lopt
    BUFGCTRL_X0Y16       BUFG (Prop_bufg_I_O)         0.091    21.179 r  system_i/clk_wiz_0/inst/clkin1_bufg/O
                         net (fo=1, routed)           1.612    22.792    system_i/clk_wiz_0/inst/clk_in1_system_clk_wiz_0_0
    MMCME2_ADV_X1Y0      MMCME2_ADV (Prop_mmcme2_adv_CLKIN1_CLKOUT0)
                                                      0.083    22.875 r  system_i/clk_wiz_0/inst/mmcm_adv_inst/CLKOUT0
                         net (fo=1, routed)           1.725    24.600    system_i/clk_wiz_0/inst/clk_out1_system_clk_wiz_0_0
    BUFGCTRL_X0Y1        BUFG (Prop_bufg_I_O)         0.091    24.691 r  system_i/clk_wiz_0/inst/clkout1_buf/O
                         net (fo=841, routed)         1.655    26.346    system_i/MIPI_D_PHY_RX_0/U0/YesAXILITE.AXI_Lite_Control/s_axi_lite_aclk
    SLICE_X39Y108        FDSE                                         r  system_i/MIPI_D_PHY_RX_0/U0/YesAXILITE.AXI_Lite_Control/control_reg_reg[1]/C
                         clock pessimism              0.501    26.847    
                         clock uncertainty           -0.098    26.749    
    SLICE_X39Y108        FDSE (Setup_fdse_C_S)       -0.637    26.112    system_i/MIPI_D_PHY_RX_0/U0/YesAXILITE.AXI_Lite_Control/control_reg_reg[1]
  -------------------------------------------------------------------
                         required time                         26.112    
                         arrival time                         -15.086    
  -------------------------------------------------------------------
                         slack                                 11.025    

Slack (MET) :             11.025ns  (required time - arrival time)
  Source:                 system_i/rst_clk_wiz_0_50M/U0/ACTIVE_LOW_PR_OUT_DFF[0].FDRE_PER_N/C
                            (rising edge-triggered cell FDRE clocked by clk_out1_system_clk_wiz_0_0  {rise@0.000ns fall@10.000ns period=20.000ns})
  Destination:            system_i/MIPI_D_PHY_RX_0/U0/YesAXILITE.AXI_Lite_Control/control_reg_reg[2]/R
                            (rising edge-triggered cell FDRE clocked by clk_out1_system_clk_wiz_0_0  {rise@0.000ns fall@10.000ns period=20.000ns})
  Path Group:             clk_out1_system_clk_wiz_0_0
  Path Type:              Setup (Max at Slow Process Corner)
  Requirement:            20.000ns  (clk_out1_system_clk_wiz_0_0 rise@20.000ns - clk_out1_system_clk_wiz_0_0 rise@0.000ns)
  Data Path Delay:        8.192ns  (logic 0.575ns (7.019%)  route 7.617ns (92.981%))
  Logic Levels:           1  (LUT1=1)
  Clock Path Skew:        -0.047ns (DCD - SCD + CPR)
    Destination Clock Delay (DCD):    6.346ns = ( 26.346 - 20.000 ) 
    Source Clock Delay      (SCD):    6.894ns
    Clock Pessimism Removal (CPR):    0.501ns
  Clock Uncertainty:      0.098ns  ((TSJ^2 + DJ^2)^1/2) / 2 + PE
    Total System Jitter     (TSJ):    0.071ns
    Discrete Jitter          (DJ):    0.183ns
    Phase Error              (PE):    0.000ns

    Location             Delay type                Incr(ns)  Path(ns)    Netlist Resource(s)
  -------------------------------------------------------------------    -------------------
                         (clock clk_out1_system_clk_wiz_0_0 rise edge)
                                                      0.000     0.000 r  
    PS7_X0Y0             PS7                          0.000     0.000 r  system_i/processing_system7_0/inst/PS7_i/FCLKCLK[0]
                         net (fo=1, routed)           1.193     1.193    system_i/clk_wiz_0/inst/lopt
    BUFGCTRL_X0Y16       BUFG (Prop_bufg_I_O)         0.101     1.294 r  system_i/clk_wiz_0/inst/clkin1_bufg/O
                         net (fo=1, routed)           1.806     3.100    system_i/clk_wiz_0/inst/clk_in1_system_clk_wiz_0_0
    MMCME2_ADV_X1Y0      MMCME2_ADV (Prop_mmcme2_adv_CLKIN1_CLKOUT0)
                                                      0.088     3.188 r  system_i/clk_wiz_0/inst/mmcm_adv_inst/CLKOUT0
                         net (fo=1, routed)           1.889     5.077    system_i/clk_wiz_0/inst/clk_out1_system_clk_wiz_0_0
    BUFGCTRL_X0Y1        BUFG (Prop_bufg_I_O)         0.101     5.178 r  system_i/clk_wiz_0/inst/clkout1_buf/O
                         net (fo=841, routed)         1.716     6.894    system_i/rst_clk_wiz_0_50M/U0/slowest_sync_clk
    SLICE_X65Y60         FDRE                                         r  system_i/rst_clk_wiz_0_50M/U0/ACTIVE_LOW_PR_OUT_DFF[0].FDRE_PER_N/C
  -------------------------------------------------------------------    -------------------
    SLICE_X65Y60         FDRE (Prop_fdre_C_Q)         0.456     7.350 f  system_i/rst_clk_wiz_0_50M/U0/ACTIVE_LOW_PR_OUT_DFF[0].FDRE_PER_N/Q
                         net (fo=114, routed)         5.462    12.812    system_i/MIPI_D_PHY_RX_0/U0/YesAXILITE.AXI_Lite_Control/s_axi_lite_aresetn
    SLICE_X31Y107        LUT1 (Prop_lut1_I0_O)        0.119    12.931 r  system_i/MIPI_D_PHY_RX_0/U0/YesAXILITE.AXI_Lite_Control/axi_awready_i_1/O
                         net (fo=73, routed)          2.155    15.086    system_i/MIPI_D_PHY_RX_0/U0/YesAXILITE.AXI_Lite_Control/axi_awready_i_1_n_0
    SLICE_X39Y108        FDRE                                         r  system_i/MIPI_D_PHY_RX_0/U0/YesAXILITE.AXI_Lite_Control/control_reg_reg[2]/R
  -------------------------------------------------------------------    -------------------

                         (clock clk_out1_system_clk_wiz_0_0 rise edge)
                                                     20.000    20.000 r  
    PS7_X0Y0             PS7                          0.000    20.000 r  system_i/processing_system7_0/inst/PS7_i/FCLKCLK[0]
                         net (fo=1, routed)           1.088    21.088    system_i/clk_wiz_0/inst/lopt
    BUFGCTRL_X0Y16       BUFG (Prop_bufg_I_O)         0.091    21.179 r  system_i/clk_wiz_0/inst/clkin1_bufg/O
                         net (fo=1, routed)           1.612    22.792    system_i/clk_wiz_0/inst/clk_in1_system_clk_wiz_0_0
    MMCME2_ADV_X1Y0      MMCME2_ADV (Prop_mmcme2_adv_CLKIN1_CLKOUT0)
                                                      0.083    22.875 r  system_i/clk_wiz_0/inst/mmcm_adv_inst/CLKOUT0
                         net (fo=1, routed)           1.725    24.600    system_i/clk_wiz_0/inst/clk_out1_system_clk_wiz_0_0
    BUFGCTRL_X0Y1        BUFG (Prop_bufg_I_O)         0.091    24.691 r  system_i/clk_wiz_0/inst/clkout1_buf/O
                         net (fo=841, routed)         1.655    26.346    system_i/MIPI_D_PHY_RX_0/U0/YesAXILITE.AXI_Lite_Control/s_axi_lite_aclk
    SLICE_X39Y108        FDRE                                         r  system_i/MIPI_D_PHY_RX_0/U0/YesAXILITE.AXI_Lite_Control/control_reg_reg[2]/C
                         clock pessimism              0.501    26.847    
                         clock uncertainty           -0.098    26.749    
    SLICE_X39Y108        FDRE (Setup_fdre_C_R)       -0.637    26.112    system_i/MIPI_D_PHY_RX_0/U0/YesAXILITE.AXI_Lite_Control/control_reg_reg[2]
  -------------------------------------------------------------------
                         required time                         26.112    
                         arrival time                         -15.086    
  -------------------------------------------------------------------
                         slack                                 11.025    

Slack (MET) :             11.025ns  (required time - arrival time)
  Source:                 system_i/rst_clk_wiz_0_50M/U0/ACTIVE_LOW_PR_OUT_DFF[0].FDRE_PER_N/C
                            (rising edge-triggered cell FDRE clocked by clk_out1_system_clk_wiz_0_0  {rise@0.000ns fall@10.000ns period=20.000ns})
  Destination:            system_i/MIPI_D_PHY_RX_0/U0/YesAXILITE.AXI_Lite_Control/control_reg_reg[3]/R
                            (rising edge-triggered cell FDRE clocked by clk_out1_system_clk_wiz_0_0  {rise@0.000ns fall@10.000ns period=20.000ns})
  Path Group:             clk_out1_system_clk_wiz_0_0
  Path Type:              Setup (Max at Slow Process Corner)
  Requirement:            20.000ns  (clk_out1_system_clk_wiz_0_0 rise@20.000ns - clk_out1_system_clk_wiz_0_0 rise@0.000ns)
  Data Path Delay:        8.192ns  (logic 0.575ns (7.019%)  route 7.617ns (92.981%))
  Logic Levels:           1  (LUT1=1)
  Clock Path Skew:        -0.047ns (DCD - SCD + CPR)
    Destination Clock Delay (DCD):    6.346ns = ( 26.346 - 20.000 ) 
    Source Clock Delay      (SCD):    6.894ns
    Clock Pessimism Removal (CPR):    0.501ns
  Clock Uncertainty:      0.098ns  ((TSJ^2 + DJ^2)^1/2) / 2 + PE
    Total System Jitter     (TSJ):    0.071ns
    Discrete Jitter          (DJ):    0.183ns
    Phase Error              (PE):    0.000ns

    Location             Delay type                Incr(ns)  Path(ns)    Netlist Resource(s)
  -------------------------------------------------------------------    -------------------
                         (clock clk_out1_system_clk_wiz_0_0 rise edge)
                                                      0.000     0.000 r  
    PS7_X0Y0             PS7                          0.000     0.000 r  system_i/processing_system7_0/inst/PS7_i/FCLKCLK[0]
                         net (fo=1, routed)           1.193     1.193    system_i/clk_wiz_0/inst/lopt
    BUFGCTRL_X0Y16       BUFG (Prop_bufg_I_O)         0.101     1.294 r  system_i/clk_wiz_0/inst/clkin1_bufg/O
                         net (fo=1, routed)           1.806     3.100    system_i/clk_wiz_0/inst/clk_in1_system_clk_wiz_0_0
    MMCME2_ADV_X1Y0      MMCME2_ADV (Prop_mmcme2_adv_CLKIN1_CLKOUT0)
                                                      0.088     3.188 r  system_i/clk_wiz_0/inst/mmcm_adv_inst/CLKOUT0
                         net (fo=1, routed)           1.889     5.077    system_i/clk_wiz_0/inst/clk_out1_system_clk_wiz_0_0
    BUFGCTRL_X0Y1        BUFG (Prop_bufg_I_O)         0.101     5.178 r  system_i/clk_wiz_0/inst/clkout1_buf/O
                         net (fo=841, routed)         1.716     6.894    system_i/rst_clk_wiz_0_50M/U0/slowest_sync_clk
    SLICE_X65Y60         FDRE                                         r  system_i/rst_clk_wiz_0_50M/U0/ACTIVE_LOW_PR_OUT_DFF[0].FDRE_PER_N/C
  -------------------------------------------------------------------    -------------------
    SLICE_X65Y60         FDRE (Prop_fdre_C_Q)         0.456     7.350 f  system_i/rst_clk_wiz_0_50M/U0/ACTIVE_LOW_PR_OUT_DFF[0].FDRE_PER_N/Q
                         net (fo=114, routed)         5.462    12.812    system_i/MIPI_D_PHY_RX_0/U0/YesAXILITE.AXI_Lite_Control/s_axi_lite_aresetn
    SLICE_X31Y107        LUT1 (Prop_lut1_I0_O)        0.119    12.931 r  system_i/MIPI_D_PHY_RX_0/U0/YesAXILITE.AXI_Lite_Control/axi_awready_i_1/O
                         net (fo=73, routed)          2.155    15.086    system_i/MIPI_D_PHY_RX_0/U0/YesAXILITE.AXI_Lite_Control/axi_awready_i_1_n_0
    SLICE_X39Y108        FDRE                                         r  system_i/MIPI_D_PHY_RX_0/U0/YesAXILITE.AXI_Lite_Control/control_reg_reg[3]/R
  -------------------------------------------------------------------    -------------------

                         (clock clk_out1_system_clk_wiz_0_0 rise edge)
                                                     20.000    20.000 r  
    PS7_X0Y0             PS7                          0.000    20.000 r  system_i/processing_system7_0/inst/PS7_i/FCLKCLK[0]
                         net (fo=1, routed)           1.088    21.088    system_i/clk_wiz_0/inst/lopt
    BUFGCTRL_X0Y16       BUFG (Prop_bufg_I_O)         0.091    21.179 r  system_i/clk_wiz_0/inst/clkin1_bufg/O
                         net (fo=1, routed)           1.612    22.792    system_i/clk_wiz_0/inst/clk_in1_system_clk_wiz_0_0
    MMCME2_ADV_X1Y0      MMCME2_ADV (Prop_mmcme2_adv_CLKIN1_CLKOUT0)
                                                      0.083    22.875 r  system_i/clk_wiz_0/inst/mmcm_adv_inst/CLKOUT0
                         net (fo=1, routed)           1.725    24.600    system_i/clk_wiz_0/inst/clk_out1_system_clk_wiz_0_0
    BUFGCTRL_X0Y1        BUFG (Prop_bufg_I_O)         0.091    24.691 r  system_i/clk_wiz_0/inst/clkout1_buf/O
                         net (fo=841, routed)         1.655    26.346    system_i/MIPI_D_PHY_RX_0/U0/YesAXILITE.AXI_Lite_Control/s_axi_lite_aclk
    SLICE_X39Y108        FDRE                                         r  system_i/MIPI_D_PHY_RX_0/U0/YesAXILITE.AXI_Lite_Control/control_reg_reg[3]/C
                         clock pessimism              0.501    26.847    
                         clock uncertainty           -0.098    26.749    
    SLICE_X39Y108        FDRE (Setup_fdre_C_R)       -0.637    26.112    system_i/MIPI_D_PHY_RX_0/U0/YesAXILITE.AXI_Lite_Control/control_reg_reg[3]
  -------------------------------------------------------------------
                         required time                         26.112    
                         arrival time                         -15.086    
  -------------------------------------------------------------------
                         slack                                 11.025    

Slack (MET) :             11.025ns  (required time - arrival time)
  Source:                 system_i/rst_clk_wiz_0_50M/U0/ACTIVE_LOW_PR_OUT_DFF[0].FDRE_PER_N/C
                            (rising edge-triggered cell FDRE clocked by clk_out1_system_clk_wiz_0_0  {rise@0.000ns fall@10.000ns period=20.000ns})
  Destination:            system_i/MIPI_D_PHY_RX_0/U0/YesAXILITE.AXI_Lite_Control/control_reg_reg[4]/R
                            (rising edge-triggered cell FDRE clocked by clk_out1_system_clk_wiz_0_0  {rise@0.000ns fall@10.000ns period=20.000ns})
  Path Group:             clk_out1_system_clk_wiz_0_0
  Path Type:              Setup (Max at Slow Process Corner)
  Requirement:            20.000ns  (clk_out1_system_clk_wiz_0_0 rise@20.000ns - clk_out1_system_clk_wiz_0_0 rise@0.000ns)
  Data Path Delay:        8.192ns  (logic 0.575ns (7.019%)  route 7.617ns (92.981%))
  Logic Levels:           1  (LUT1=1)
  Clock Path Skew:        -0.047ns (DCD - SCD + CPR)
    Destination Clock Delay (DCD):    6.346ns = ( 26.346 - 20.000 ) 
    Source Clock Delay      (SCD):    6.894ns
    Clock Pessimism Removal (CPR):    0.501ns
  Clock Uncertainty:      0.098ns  ((TSJ^2 + DJ^2)^1/2) / 2 + PE
    Total System Jitter     (TSJ):    0.071ns
    Discrete Jitter          (DJ):    0.183ns
    Phase Error              (PE):    0.000ns

    Location             Delay type                Incr(ns)  Path(ns)    Netlist Resource(s)
  -------------------------------------------------------------------    -------------------
                         (clock clk_out1_system_clk_wiz_0_0 rise edge)
                                                      0.000     0.000 r  
    PS7_X0Y0             PS7                          0.000     0.000 r  system_i/processing_system7_0/inst/PS7_i/FCLKCLK[0]
                         net (fo=1, routed)           1.193     1.193    system_i/clk_wiz_0/inst/lopt
    BUFGCTRL_X0Y16       BUFG (Prop_bufg_I_O)         0.101     1.294 r  system_i/clk_wiz_0/inst/clkin1_bufg/O
                         net (fo=1, routed)           1.806     3.100    system_i/clk_wiz_0/inst/clk_in1_system_clk_wiz_0_0
    MMCME2_ADV_X1Y0      MMCME2_ADV (Prop_mmcme2_adv_CLKIN1_CLKOUT0)
                                                      0.088     3.188 r  system_i/clk_wiz_0/inst/mmcm_adv_inst/CLKOUT0
                         net (fo=1, routed)           1.889     5.077    system_i/clk_wiz_0/inst/clk_out1_system_clk_wiz_0_0
    BUFGCTRL_X0Y1        BUFG (Prop_bufg_I_O)         0.101     5.178 r  system_i/clk_wiz_0/inst/clkout1_buf/O
                         net (fo=841, routed)         1.716     6.894    system_i/rst_clk_wiz_0_50M/U0/slowest_sync_clk
    SLICE_X65Y60         FDRE                                         r  system_i/rst_clk_wiz_0_50M/U0/ACTIVE_LOW_PR_OUT_DFF[0].FDRE_PER_N/C
  -------------------------------------------------------------------    -------------------
    SLICE_X65Y60         FDRE (Prop_fdre_C_Q)         0.456     7.350 f  system_i/rst_clk_wiz_0_50M/U0/ACTIVE_LOW_PR_OUT_DFF[0].FDRE_PER_N/Q
                         net (fo=114, routed)         5.462    12.812    system_i/MIPI_D_PHY_RX_0/U0/YesAXILITE.AXI_Lite_Control/s_axi_lite_aresetn
    SLICE_X31Y107        LUT1 (Prop_lut1_I0_O)        0.119    12.931 r  system_i/MIPI_D_PHY_RX_0/U0/YesAXILITE.AXI_Lite_Control/axi_awready_i_1/O
                         net (fo=73, routed)          2.155    15.086    system_i/MIPI_D_PHY_RX_0/U0/YesAXILITE.AXI_Lite_Control/axi_awready_i_1_n_0
    SLICE_X39Y108        FDRE                                         r  system_i/MIPI_D_PHY_RX_0/U0/YesAXILITE.AXI_Lite_Control/control_reg_reg[4]/R
  -------------------------------------------------------------------    -------------------

                         (clock clk_out1_system_clk_wiz_0_0 rise edge)
                                                     20.000    20.000 r  
    PS7_X0Y0             PS7                          0.000    20.000 r  system_i/processing_system7_0/inst/PS7_i/FCLKCLK[0]
                         net (fo=1, routed)           1.088    21.088    system_i/clk_wiz_0/inst/lopt
    BUFGCTRL_X0Y16       BUFG (Prop_bufg_I_O)         0.091    21.179 r  system_i/clk_wiz_0/inst/clkin1_bufg/O
                         net (fo=1, routed)           1.612    22.792    system_i/clk_wiz_0/inst/clk_in1_system_clk_wiz_0_0
    MMCME2_ADV_X1Y0      MMCME2_ADV (Prop_mmcme2_adv_CLKIN1_CLKOUT0)
                                                      0.083    22.875 r  system_i/clk_wiz_0/inst/mmcm_adv_inst/CLKOUT0
                         net (fo=1, routed)           1.725    24.600    system_i/clk_wiz_0/inst/clk_out1_system_clk_wiz_0_0
    BUFGCTRL_X0Y1        BUFG (Prop_bufg_I_O)         0.091    24.691 r  system_i/clk_wiz_0/inst/clkout1_buf/O
                         net (fo=841, routed)         1.655    26.346    system_i/MIPI_D_PHY_RX_0/U0/YesAXILITE.AXI_Lite_Control/s_axi_lite_aclk
    SLICE_X39Y108        FDRE                                         r  system_i/MIPI_D_PHY_RX_0/U0/YesAXILITE.AXI_Lite_Control/control_reg_reg[4]/C
                         clock pessimism              0.501    26.847    
                         clock uncertainty           -0.098    26.749    
    SLICE_X39Y108        FDRE (Setup_fdre_C_R)       -0.637    26.112    system_i/MIPI_D_PHY_RX_0/U0/YesAXILITE.AXI_Lite_Control/control_reg_reg[4]
  -------------------------------------------------------------------
                         required time                         26.112    
                         arrival time                         -15.086    
  -------------------------------------------------------------------
                         slack                                 11.025    

Slack (MET) :             11.025ns  (required time - arrival time)
  Source:                 system_i/rst_clk_wiz_0_50M/U0/ACTIVE_LOW_PR_OUT_DFF[0].FDRE_PER_N/C
                            (rising edge-triggered cell FDRE clocked by clk_out1_system_clk_wiz_0_0  {rise@0.000ns fall@10.000ns period=20.000ns})
  Destination:            system_i/MIPI_D_PHY_RX_0/U0/YesAXILITE.AXI_Lite_Control/control_reg_reg[5]/R
                            (rising edge-triggered cell FDRE clocked by clk_out1_system_clk_wiz_0_0  {rise@0.000ns fall@10.000ns period=20.000ns})
  Path Group:             clk_out1_system_clk_wiz_0_0
  Path Type:              Setup (Max at Slow Process Corner)
  Requirement:            20.000ns  (clk_out1_system_clk_wiz_0_0 rise@20.000ns - clk_out1_system_clk_wiz_0_0 rise@0.000ns)
  Data Path Delay:        8.192ns  (logic 0.575ns (7.019%)  route 7.617ns (92.981%))
  Logic Levels:           1  (LUT1=1)
  Clock Path Skew:        -0.047ns (DCD - SCD + CPR)
    Destination Clock Delay (DCD):    6.346ns = ( 26.346 - 20.000 ) 
    Source Clock Delay      (SCD):    6.894ns
    Clock Pessimism Removal (CPR):    0.501ns
  Clock Uncertainty:      0.098ns  ((TSJ^2 + DJ^2)^1/2) / 2 + PE
    Total System Jitter     (TSJ):    0.071ns
    Discrete Jitter          (DJ):    0.183ns
    Phase Error              (PE):    0.000ns

    Location             Delay type                Incr(ns)  Path(ns)    Netlist Resource(s)
  -------------------------------------------------------------------    -------------------
                         (clock clk_out1_system_clk_wiz_0_0 rise edge)
                                                      0.000     0.000 r  
    PS7_X0Y0             PS7                          0.000     0.000 r  system_i/processing_system7_0/inst/PS7_i/FCLKCLK[0]
                         net (fo=1, routed)           1.193     1.193    system_i/clk_wiz_0/inst/lopt
    BUFGCTRL_X0Y16       BUFG (Prop_bufg_I_O)         0.101     1.294 r  system_i/clk_wiz_0/inst/clkin1_bufg/O
                         net (fo=1, routed)           1.806     3.100    system_i/clk_wiz_0/inst/clk_in1_system_clk_wiz_0_0
    MMCME2_ADV_X1Y0      MMCME2_ADV (Prop_mmcme2_adv_CLKIN1_CLKOUT0)
                                                      0.088     3.188 r  system_i/clk_wiz_0/inst/mmcm_adv_inst/CLKOUT0
                         net (fo=1, routed)           1.889     5.077    system_i/clk_wiz_0/inst/clk_out1_system_clk_wiz_0_0
    BUFGCTRL_X0Y1        BUFG (Prop_bufg_I_O)         0.101     5.178 r  system_i/clk_wiz_0/inst/clkout1_buf/O
                         net (fo=841, routed)         1.716     6.894    system_i/rst_clk_wiz_0_50M/U0/slowest_sync_clk
    SLICE_X65Y60         FDRE                                         r  system_i/rst_clk_wiz_0_50M/U0/ACTIVE_LOW_PR_OUT_DFF[0].FDRE_PER_N/C
  -------------------------------------------------------------------    -------------------
    SLICE_X65Y60         FDRE (Prop_fdre_C_Q)         0.456     7.350 f  system_i/rst_clk_wiz_0_50M/U0/ACTIVE_LOW_PR_OUT_DFF[0].FDRE_PER_N/Q
                         net (fo=114, routed)         5.462    12.812    system_i/MIPI_D_PHY_RX_0/U0/YesAXILITE.AXI_Lite_Control/s_axi_lite_aresetn
    SLICE_X31Y107        LUT1 (Prop_lut1_I0_O)        0.119    12.931 r  system_i/MIPI_D_PHY_RX_0/U0/YesAXILITE.AXI_Lite_Control/axi_awready_i_1/O
                         net (fo=73, routed)          2.155    15.086    system_i/MIPI_D_PHY_RX_0/U0/YesAXILITE.AXI_Lite_Control/axi_awready_i_1_n_0
    SLICE_X39Y108        FDRE                                         r  system_i/MIPI_D_PHY_RX_0/U0/YesAXILITE.AXI_Lite_Control/control_reg_reg[5]/R
  -------------------------------------------------------------------    -------------------

                         (clock clk_out1_system_clk_wiz_0_0 rise edge)
                                                     20.000    20.000 r  
    PS7_X0Y0             PS7                          0.000    20.000 r  system_i/processing_system7_0/inst/PS7_i/FCLKCLK[0]
                         net (fo=1, routed)           1.088    21.088    system_i/clk_wiz_0/inst/lopt
    BUFGCTRL_X0Y16       BUFG (Prop_bufg_I_O)         0.091    21.179 r  system_i/clk_wiz_0/inst/clkin1_bufg/O
                         net (fo=1, routed)           1.612    22.792    system_i/clk_wiz_0/inst/clk_in1_system_clk_wiz_0_0
    MMCME2_ADV_X1Y0      MMCME2_ADV (Prop_mmcme2_adv_CLKIN1_CLKOUT0)
                                                      0.083    22.875 r  system_i/clk_wiz_0/inst/mmcm_adv_inst/CLKOUT0
                         net (fo=1, routed)           1.725    24.600    system_i/clk_wiz_0/inst/clk_out1_system_clk_wiz_0_0
    BUFGCTRL_X0Y1        BUFG (Prop_bufg_I_O)         0.091    24.691 r  system_i/clk_wiz_0/inst/clkout1_buf/O
                         net (fo=841, routed)         1.655    26.346    system_i/MIPI_D_PHY_RX_0/U0/YesAXILITE.AXI_Lite_Control/s_axi_lite_aclk
    SLICE_X39Y108        FDRE                                         r  system_i/MIPI_D_PHY_RX_0/U0/YesAXILITE.AXI_Lite_Control/control_reg_reg[5]/C
                         clock pessimism              0.501    26.847    
                         clock uncertainty           -0.098    26.749    
    SLICE_X39Y108        FDRE (Setup_fdre_C_R)       -0.637    26.112    system_i/MIPI_D_PHY_RX_0/U0/YesAXILITE.AXI_Lite_Control/control_reg_reg[5]
  -------------------------------------------------------------------
                         required time                         26.112    
                         arrival time                         -15.086    
  -------------------------------------------------------------------
                         slack                                 11.025    

Slack (MET) :             11.025ns  (required time - arrival time)
  Source:                 system_i/rst_clk_wiz_0_50M/U0/ACTIVE_LOW_PR_OUT_DFF[0].FDRE_PER_N/C
                            (rising edge-triggered cell FDRE clocked by clk_out1_system_clk_wiz_0_0  {rise@0.000ns fall@10.000ns period=20.000ns})
  Destination:            system_i/MIPI_D_PHY_RX_0/U0/YesAXILITE.AXI_Lite_Control/control_reg_reg[6]/R
                            (rising edge-triggered cell FDRE clocked by clk_out1_system_clk_wiz_0_0  {rise@0.000ns fall@10.000ns period=20.000ns})
  Path Group:             clk_out1_system_clk_wiz_0_0
  Path Type:              Setup (Max at Slow Process Corner)
  Requirement:            20.000ns  (clk_out1_system_clk_wiz_0_0 rise@20.000ns - clk_out1_system_clk_wiz_0_0 rise@0.000ns)
  Data Path Delay:        8.192ns  (logic 0.575ns (7.019%)  route 7.617ns (92.981%))
  Logic Levels:           1  (LUT1=1)
  Clock Path Skew:        -0.047ns (DCD - SCD + CPR)
    Destination Clock Delay (DCD):    6.346ns = ( 26.346 - 20.000 ) 
    Source Clock Delay      (SCD):    6.894ns
    Clock Pessimism Removal (CPR):    0.501ns
  Clock Uncertainty:      0.098ns  ((TSJ^2 + DJ^2)^1/2) / 2 + PE
    Total System Jitter     (TSJ):    0.071ns
    Discrete Jitter          (DJ):    0.183ns
    Phase Error              (PE):    0.000ns

    Location             Delay type                Incr(ns)  Path(ns)    Netlist Resource(s)
  -------------------------------------------------------------------    -------------------
                         (clock clk_out1_system_clk_wiz_0_0 rise edge)
                                                      0.000     0.000 r  
    PS7_X0Y0             PS7                          0.000     0.000 r  system_i/processing_system7_0/inst/PS7_i/FCLKCLK[0]
                         net (fo=1, routed)           1.193     1.193    system_i/clk_wiz_0/inst/lopt
    BUFGCTRL_X0Y16       BUFG (Prop_bufg_I_O)         0.101     1.294 r  system_i/clk_wiz_0/inst/clkin1_bufg/O
                         net (fo=1, routed)           1.806     3.100    system_i/clk_wiz_0/inst/clk_in1_system_clk_wiz_0_0
    MMCME2_ADV_X1Y0      MMCME2_ADV (Prop_mmcme2_adv_CLKIN1_CLKOUT0)
                                                      0.088     3.188 r  system_i/clk_wiz_0/inst/mmcm_adv_inst/CLKOUT0
                         net (fo=1, routed)           1.889     5.077    system_i/clk_wiz_0/inst/clk_out1_system_clk_wiz_0_0
    BUFGCTRL_X0Y1        BUFG (Prop_bufg_I_O)         0.101     5.178 r  system_i/clk_wiz_0/inst/clkout1_buf/O
                         net (fo=841, routed)         1.716     6.894    system_i/rst_clk_wiz_0_50M/U0/slowest_sync_clk
    SLICE_X65Y60         FDRE                                         r  system_i/rst_clk_wiz_0_50M/U0/ACTIVE_LOW_PR_OUT_DFF[0].FDRE_PER_N/C
  -------------------------------------------------------------------    -------------------
    SLICE_X65Y60         FDRE (Prop_fdre_C_Q)         0.456     7.350 f  system_i/rst_clk_wiz_0_50M/U0/ACTIVE_LOW_PR_OUT_DFF[0].FDRE_PER_N/Q
                         net (fo=114, routed)         5.462    12.812    system_i/MIPI_D_PHY_RX_0/U0/YesAXILITE.AXI_Lite_Control/s_axi_lite_aresetn
    SLICE_X31Y107        LUT1 (Prop_lut1_I0_O)        0.119    12.931 r  system_i/MIPI_D_PHY_RX_0/U0/YesAXILITE.AXI_Lite_Control/axi_awready_i_1/O
                         net (fo=73, routed)          2.155    15.086    system_i/MIPI_D_PHY_RX_0/U0/YesAXILITE.AXI_Lite_Control/axi_awready_i_1_n_0
    SLICE_X39Y108        FDRE                                         r  system_i/MIPI_D_PHY_RX_0/U0/YesAXILITE.AXI_Lite_Control/control_reg_reg[6]/R
  -------------------------------------------------------------------    -------------------

                         (clock clk_out1_system_clk_wiz_0_0 rise edge)
                                                     20.000    20.000 r  
    PS7_X0Y0             PS7                          0.000    20.000 r  system_i/processing_system7_0/inst/PS7_i/FCLKCLK[0]
                         net (fo=1, routed)           1.088    21.088    system_i/clk_wiz_0/inst/lopt
    BUFGCTRL_X0Y16       BUFG (Prop_bufg_I_O)         0.091    21.179 r  system_i/clk_wiz_0/inst/clkin1_bufg/O
                         net (fo=1, routed)           1.612    22.792    system_i/clk_wiz_0/inst/clk_in1_system_clk_wiz_0_0
    MMCME2_ADV_X1Y0      MMCME2_ADV (Prop_mmcme2_adv_CLKIN1_CLKOUT0)
                                                      0.083    22.875 r  system_i/clk_wiz_0/inst/mmcm_adv_inst/CLKOUT0
                         net (fo=1, routed)           1.725    24.600    system_i/clk_wiz_0/inst/clk_out1_system_clk_wiz_0_0
    BUFGCTRL_X0Y1        BUFG (Prop_bufg_I_O)         0.091    24.691 r  system_i/clk_wiz_0/inst/clkout1_buf/O
                         net (fo=841, routed)         1.655    26.346    system_i/MIPI_D_PHY_RX_0/U0/YesAXILITE.AXI_Lite_Control/s_axi_lite_aclk
    SLICE_X39Y108        FDRE                                         r  system_i/MIPI_D_PHY_RX_0/U0/YesAXILITE.AXI_Lite_Control/control_reg_reg[6]/C
                         clock pessimism              0.501    26.847    
                         clock uncertainty           -0.098    26.749    
    SLICE_X39Y108        FDRE (Setup_fdre_C_R)       -0.637    26.112    system_i/MIPI_D_PHY_RX_0/U0/YesAXILITE.AXI_Lite_Control/control_reg_reg[6]
  -------------------------------------------------------------------
                         required time                         26.112    
                         arrival time                         -15.086    
  -------------------------------------------------------------------
                         slack                                 11.025    

Slack (MET) :             11.025ns  (required time - arrival time)
  Source:                 system_i/rst_clk_wiz_0_50M/U0/ACTIVE_LOW_PR_OUT_DFF[0].FDRE_PER_N/C
                            (rising edge-triggered cell FDRE clocked by clk_out1_system_clk_wiz_0_0  {rise@0.000ns fall@10.000ns period=20.000ns})
  Destination:            system_i/MIPI_D_PHY_RX_0/U0/YesAXILITE.AXI_Lite_Control/control_reg_reg[7]/R
                            (rising edge-triggered cell FDRE clocked by clk_out1_system_clk_wiz_0_0  {rise@0.000ns fall@10.000ns period=20.000ns})
  Path Group:             clk_out1_system_clk_wiz_0_0
  Path Type:              Setup (Max at Slow Process Corner)
  Requirement:            20.000ns  (clk_out1_system_clk_wiz_0_0 rise@20.000ns - clk_out1_system_clk_wiz_0_0 rise@0.000ns)
  Data Path Delay:        8.192ns  (logic 0.575ns (7.019%)  route 7.617ns (92.981%))
  Logic Levels:           1  (LUT1=1)
  Clock Path Skew:        -0.047ns (DCD - SCD + CPR)
    Destination Clock Delay (DCD):    6.346ns = ( 26.346 - 20.000 ) 
    Source Clock Delay      (SCD):    6.894ns
    Clock Pessimism Removal (CPR):    0.501ns
  Clock Uncertainty:      0.098ns  ((TSJ^2 + DJ^2)^1/2) / 2 + PE
    Total System Jitter     (TSJ):    0.071ns
    Discrete Jitter          (DJ):    0.183ns
    Phase Error              (PE):    0.000ns

    Location             Delay type                Incr(ns)  Path(ns)    Netlist Resource(s)
  -------------------------------------------------------------------    -------------------
                         (clock clk_out1_system_clk_wiz_0_0 rise edge)
                                                      0.000     0.000 r  
    PS7_X0Y0             PS7                          0.000     0.000 r  system_i/processing_system7_0/inst/PS7_i/FCLKCLK[0]
                         net (fo=1, routed)           1.193     1.193    system_i/clk_wiz_0/inst/lopt
    BUFGCTRL_X0Y16       BUFG (Prop_bufg_I_O)         0.101     1.294 r  system_i/clk_wiz_0/inst/clkin1_bufg/O
                         net (fo=1, routed)           1.806     3.100    system_i/clk_wiz_0/inst/clk_in1_system_clk_wiz_0_0
    MMCME2_ADV_X1Y0      MMCME2_ADV (Prop_mmcme2_adv_CLKIN1_CLKOUT0)
                                                      0.088     3.188 r  system_i/clk_wiz_0/inst/mmcm_adv_inst/CLKOUT0
                         net (fo=1, routed)           1.889     5.077    system_i/clk_wiz_0/inst/clk_out1_system_clk_wiz_0_0
    BUFGCTRL_X0Y1        BUFG (Prop_bufg_I_O)         0.101     5.178 r  system_i/clk_wiz_0/inst/clkout1_buf/O
                         net (fo=841, routed)         1.716     6.894    system_i/rst_clk_wiz_0_50M/U0/slowest_sync_clk
    SLICE_X65Y60         FDRE                                         r  system_i/rst_clk_wiz_0_50M/U0/ACTIVE_LOW_PR_OUT_DFF[0].FDRE_PER_N/C
  -------------------------------------------------------------------    -------------------
    SLICE_X65Y60         FDRE (Prop_fdre_C_Q)         0.456     7.350 f  system_i/rst_clk_wiz_0_50M/U0/ACTIVE_LOW_PR_OUT_DFF[0].FDRE_PER_N/Q
                         net (fo=114, routed)         5.462    12.812    system_i/MIPI_D_PHY_RX_0/U0/YesAXILITE.AXI_Lite_Control/s_axi_lite_aresetn
    SLICE_X31Y107        LUT1 (Prop_lut1_I0_O)        0.119    12.931 r  system_i/MIPI_D_PHY_RX_0/U0/YesAXILITE.AXI_Lite_Control/axi_awready_i_1/O
                         net (fo=73, routed)          2.155    15.086    system_i/MIPI_D_PHY_RX_0/U0/YesAXILITE.AXI_Lite_Control/axi_awready_i_1_n_0
    SLICE_X39Y108        FDRE                                         r  system_i/MIPI_D_PHY_RX_0/U0/YesAXILITE.AXI_Lite_Control/control_reg_reg[7]/R
  -------------------------------------------------------------------    -------------------

                         (clock clk_out1_system_clk_wiz_0_0 rise edge)
                                                     20.000    20.000 r  
    PS7_X0Y0             PS7                          0.000    20.000 r  system_i/processing_system7_0/inst/PS7_i/FCLKCLK[0]
                         net (fo=1, routed)           1.088    21.088    system_i/clk_wiz_0/inst/lopt
    BUFGCTRL_X0Y16       BUFG (Prop_bufg_I_O)         0.091    21.179 r  system_i/clk_wiz_0/inst/clkin1_bufg/O
                         net (fo=1, routed)           1.612    22.792    system_i/clk_wiz_0/inst/clk_in1_system_clk_wiz_0_0
    MMCME2_ADV_X1Y0      MMCME2_ADV (Prop_mmcme2_adv_CLKIN1_CLKOUT0)
                                                      0.083    22.875 r  system_i/clk_wiz_0/inst/mmcm_adv_inst/CLKOUT0
                         net (fo=1, routed)           1.725    24.600    system_i/clk_wiz_0/inst/clk_out1_system_clk_wiz_0_0
    BUFGCTRL_X0Y1        BUFG (Prop_bufg_I_O)         0.091    24.691 r  system_i/clk_wiz_0/inst/clkout1_buf/O
                         net (fo=841, routed)         1.655    26.346    system_i/MIPI_D_PHY_RX_0/U0/YesAXILITE.AXI_Lite_Control/s_axi_lite_aclk
    SLICE_X39Y108        FDRE                                         r  system_i/MIPI_D_PHY_RX_0/U0/YesAXILITE.AXI_Lite_Control/control_reg_reg[7]/C
                         clock pessimism              0.501    26.847    
                         clock uncertainty           -0.098    26.749    
    SLICE_X39Y108        FDRE (Setup_fdre_C_R)       -0.637    26.112    system_i/MIPI_D_PHY_RX_0/U0/YesAXILITE.AXI_Lite_Control/control_reg_reg[7]
  -------------------------------------------------------------------
                         required time                         26.112    
                         arrival time                         -15.086    
  -------------------------------------------------------------------
                         slack                                 11.025    

Slack (MET) :             11.153ns  (required time - arrival time)
  Source:                 system_i/rst_clk_wiz_0_50M/U0/ACTIVE_LOW_PR_OUT_DFF[0].FDRE_PER_N/C
                            (rising edge-triggered cell FDRE clocked by clk_out1_system_clk_wiz_0_0  {rise@0.000ns fall@10.000ns period=20.000ns})
  Destination:            system_i/MIPI_D_PHY_RX_0/U0/YesAXILITE.AXI_Lite_Control/control_reg_reg[10]/R
                            (rising edge-triggered cell FDRE clocked by clk_out1_system_clk_wiz_0_0  {rise@0.000ns fall@10.000ns period=20.000ns})
  Path Group:             clk_out1_system_clk_wiz_0_0
  Path Type:              Setup (Max at Slow Process Corner)
  Requirement:            20.000ns  (clk_out1_system_clk_wiz_0_0 rise@20.000ns - clk_out1_system_clk_wiz_0_0 rise@0.000ns)
  Data Path Delay:        8.065ns  (logic 0.575ns (7.129%)  route 7.490ns (92.871%))
  Logic Levels:           1  (LUT1=1)
  Clock Path Skew:        -0.047ns (DCD - SCD + CPR)
    Destination Clock Delay (DCD):    6.346ns = ( 26.346 - 20.000 ) 
    Source Clock Delay      (SCD):    6.894ns
    Clock Pessimism Removal (CPR):    0.501ns
  Clock Uncertainty:      0.098ns  ((TSJ^2 + DJ^2)^1/2) / 2 + PE
    Total System Jitter     (TSJ):    0.071ns
    Discrete Jitter          (DJ):    0.183ns
    Phase Error              (PE):    0.000ns

    Location             Delay type                Incr(ns)  Path(ns)    Netlist Resource(s)
  -------------------------------------------------------------------    -------------------
                         (clock clk_out1_system_clk_wiz_0_0 rise edge)
                                                      0.000     0.000 r  
    PS7_X0Y0             PS7                          0.000     0.000 r  system_i/processing_system7_0/inst/PS7_i/FCLKCLK[0]
                         net (fo=1, routed)           1.193     1.193    system_i/clk_wiz_0/inst/lopt
    BUFGCTRL_X0Y16       BUFG (Prop_bufg_I_O)         0.101     1.294 r  system_i/clk_wiz_0/inst/clkin1_bufg/O
                         net (fo=1, routed)           1.806     3.100    system_i/clk_wiz_0/inst/clk_in1_system_clk_wiz_0_0
    MMCME2_ADV_X1Y0      MMCME2_ADV (Prop_mmcme2_adv_CLKIN1_CLKOUT0)
                                                      0.088     3.188 r  system_i/clk_wiz_0/inst/mmcm_adv_inst/CLKOUT0
                         net (fo=1, routed)           1.889     5.077    system_i/clk_wiz_0/inst/clk_out1_system_clk_wiz_0_0
    BUFGCTRL_X0Y1        BUFG (Prop_bufg_I_O)         0.101     5.178 r  system_i/clk_wiz_0/inst/clkout1_buf/O
                         net (fo=841, routed)         1.716     6.894    system_i/rst_clk_wiz_0_50M/U0/slowest_sync_clk
    SLICE_X65Y60         FDRE                                         r  system_i/rst_clk_wiz_0_50M/U0/ACTIVE_LOW_PR_OUT_DFF[0].FDRE_PER_N/C
  -------------------------------------------------------------------    -------------------
    SLICE_X65Y60         FDRE (Prop_fdre_C_Q)         0.456     7.350 f  system_i/rst_clk_wiz_0_50M/U0/ACTIVE_LOW_PR_OUT_DFF[0].FDRE_PER_N/Q
                         net (fo=114, routed)         5.462    12.812    system_i/MIPI_D_PHY_RX_0/U0/YesAXILITE.AXI_Lite_Control/s_axi_lite_aresetn
    SLICE_X31Y107        LUT1 (Prop_lut1_I0_O)        0.119    12.931 r  system_i/MIPI_D_PHY_RX_0/U0/YesAXILITE.AXI_Lite_Control/axi_awready_i_1/O
                         net (fo=73, routed)          2.028    14.959    system_i/MIPI_D_PHY_RX_0/U0/YesAXILITE.AXI_Lite_Control/axi_awready_i_1_n_0
    SLICE_X39Y107        FDRE                                         r  system_i/MIPI_D_PHY_RX_0/U0/YesAXILITE.AXI_Lite_Control/control_reg_reg[10]/R
  -------------------------------------------------------------------    -------------------

                         (clock clk_out1_system_clk_wiz_0_0 rise edge)
                                                     20.000    20.000 r  
    PS7_X0Y0             PS7                          0.000    20.000 r  system_i/processing_system7_0/inst/PS7_i/FCLKCLK[0]
                         net (fo=1, routed)           1.088    21.088    system_i/clk_wiz_0/inst/lopt
    BUFGCTRL_X0Y16       BUFG (Prop_bufg_I_O)         0.091    21.179 r  system_i/clk_wiz_0/inst/clkin1_bufg/O
                         net (fo=1, routed)           1.612    22.792    system_i/clk_wiz_0/inst/clk_in1_system_clk_wiz_0_0
    MMCME2_ADV_X1Y0      MMCME2_ADV (Prop_mmcme2_adv_CLKIN1_CLKOUT0)
                                                      0.083    22.875 r  system_i/clk_wiz_0/inst/mmcm_adv_inst/CLKOUT0
                         net (fo=1, routed)           1.725    24.600    system_i/clk_wiz_0/inst/clk_out1_system_clk_wiz_0_0
    BUFGCTRL_X0Y1        BUFG (Prop_bufg_I_O)         0.091    24.691 r  system_i/clk_wiz_0/inst/clkout1_buf/O
                         net (fo=841, routed)         1.655    26.346    system_i/MIPI_D_PHY_RX_0/U0/YesAXILITE.AXI_Lite_Control/s_axi_lite_aclk
    SLICE_X39Y107        FDRE                                         r  system_i/MIPI_D_PHY_RX_0/U0/YesAXILITE.AXI_Lite_Control/control_reg_reg[10]/C
                         clock pessimism              0.501    26.847    
                         clock uncertainty           -0.098    26.749    
    SLICE_X39Y107        FDRE (Setup_fdre_C_R)       -0.637    26.112    system_i/MIPI_D_PHY_RX_0/U0/YesAXILITE.AXI_Lite_Control/control_reg_reg[10]
  -------------------------------------------------------------------
                         required time                         26.112    
                         arrival time                         -14.959    
  -------------------------------------------------------------------
                         slack                                 11.153    

Slack (MET) :             11.153ns  (required time - arrival time)
  Source:                 system_i/rst_clk_wiz_0_50M/U0/ACTIVE_LOW_PR_OUT_DFF[0].FDRE_PER_N/C
                            (rising edge-triggered cell FDRE clocked by clk_out1_system_clk_wiz_0_0  {rise@0.000ns fall@10.000ns period=20.000ns})
  Destination:            system_i/MIPI_D_PHY_RX_0/U0/YesAXILITE.AXI_Lite_Control/control_reg_reg[11]/R
                            (rising edge-triggered cell FDRE clocked by clk_out1_system_clk_wiz_0_0  {rise@0.000ns fall@10.000ns period=20.000ns})
  Path Group:             clk_out1_system_clk_wiz_0_0
  Path Type:              Setup (Max at Slow Process Corner)
  Requirement:            20.000ns  (clk_out1_system_clk_wiz_0_0 rise@20.000ns - clk_out1_system_clk_wiz_0_0 rise@0.000ns)
  Data Path Delay:        8.065ns  (logic 0.575ns (7.129%)  route 7.490ns (92.871%))
  Logic Levels:           1  (LUT1=1)
  Clock Path Skew:        -0.047ns (DCD - SCD + CPR)
    Destination Clock Delay (DCD):    6.346ns = ( 26.346 - 20.000 ) 
    Source Clock Delay      (SCD):    6.894ns
    Clock Pessimism Removal (CPR):    0.501ns
  Clock Uncertainty:      0.098ns  ((TSJ^2 + DJ^2)^1/2) / 2 + PE
    Total System Jitter     (TSJ):    0.071ns
    Discrete Jitter          (DJ):    0.183ns
    Phase Error              (PE):    0.000ns

    Location             Delay type                Incr(ns)  Path(ns)    Netlist Resource(s)
  -------------------------------------------------------------------    -------------------
                         (clock clk_out1_system_clk_wiz_0_0 rise edge)
                                                      0.000     0.000 r  
    PS7_X0Y0             PS7                          0.000     0.000 r  system_i/processing_system7_0/inst/PS7_i/FCLKCLK[0]
                         net (fo=1, routed)           1.193     1.193    system_i/clk_wiz_0/inst/lopt
    BUFGCTRL_X0Y16       BUFG (Prop_bufg_I_O)         0.101     1.294 r  system_i/clk_wiz_0/inst/clkin1_bufg/O
                         net (fo=1, routed)           1.806     3.100    system_i/clk_wiz_0/inst/clk_in1_system_clk_wiz_0_0
    MMCME2_ADV_X1Y0      MMCME2_ADV (Prop_mmcme2_adv_CLKIN1_CLKOUT0)
                                                      0.088     3.188 r  system_i/clk_wiz_0/inst/mmcm_adv_inst/CLKOUT0
                         net (fo=1, routed)           1.889     5.077    system_i/clk_wiz_0/inst/clk_out1_system_clk_wiz_0_0
    BUFGCTRL_X0Y1        BUFG (Prop_bufg_I_O)         0.101     5.178 r  system_i/clk_wiz_0/inst/clkout1_buf/O
                         net (fo=841, routed)         1.716     6.894    system_i/rst_clk_wiz_0_50M/U0/slowest_sync_clk
    SLICE_X65Y60         FDRE                                         r  system_i/rst_clk_wiz_0_50M/U0/ACTIVE_LOW_PR_OUT_DFF[0].FDRE_PER_N/C
  -------------------------------------------------------------------    -------------------
    SLICE_X65Y60         FDRE (Prop_fdre_C_Q)         0.456     7.350 f  system_i/rst_clk_wiz_0_50M/U0/ACTIVE_LOW_PR_OUT_DFF[0].FDRE_PER_N/Q
                         net (fo=114, routed)         5.462    12.812    system_i/MIPI_D_PHY_RX_0/U0/YesAXILITE.AXI_Lite_Control/s_axi_lite_aresetn
    SLICE_X31Y107        LUT1 (Prop_lut1_I0_O)        0.119    12.931 r  system_i/MIPI_D_PHY_RX_0/U0/YesAXILITE.AXI_Lite_Control/axi_awready_i_1/O
                         net (fo=73, routed)          2.028    14.959    system_i/MIPI_D_PHY_RX_0/U0/YesAXILITE.AXI_Lite_Control/axi_awready_i_1_n_0
    SLICE_X39Y107        FDRE                                         r  system_i/MIPI_D_PHY_RX_0/U0/YesAXILITE.AXI_Lite_Control/control_reg_reg[11]/R
  -------------------------------------------------------------------    -------------------

                         (clock clk_out1_system_clk_wiz_0_0 rise edge)
                                                     20.000    20.000 r  
    PS7_X0Y0             PS7                          0.000    20.000 r  system_i/processing_system7_0/inst/PS7_i/FCLKCLK[0]
                         net (fo=1, routed)           1.088    21.088    system_i/clk_wiz_0/inst/lopt
    BUFGCTRL_X0Y16       BUFG (Prop_bufg_I_O)         0.091    21.179 r  system_i/clk_wiz_0/inst/clkin1_bufg/O
                         net (fo=1, routed)           1.612    22.792    system_i/clk_wiz_0/inst/clk_in1_system_clk_wiz_0_0
    MMCME2_ADV_X1Y0      MMCME2_ADV (Prop_mmcme2_adv_CLKIN1_CLKOUT0)
                                                      0.083    22.875 r  system_i/clk_wiz_0/inst/mmcm_adv_inst/CLKOUT0
                         net (fo=1, routed)           1.725    24.600    system_i/clk_wiz_0/inst/clk_out1_system_clk_wiz_0_0
    BUFGCTRL_X0Y1        BUFG (Prop_bufg_I_O)         0.091    24.691 r  system_i/clk_wiz_0/inst/clkout1_buf/O
                         net (fo=841, routed)         1.655    26.346    system_i/MIPI_D_PHY_RX_0/U0/YesAXILITE.AXI_Lite_Control/s_axi_lite_aclk
    SLICE_X39Y107        FDRE                                         r  system_i/MIPI_D_PHY_RX_0/U0/YesAXILITE.AXI_Lite_Control/control_reg_reg[11]/C
                         clock pessimism              0.501    26.847    
                         clock uncertainty           -0.098    26.749    
    SLICE_X39Y107        FDRE (Setup_fdre_C_R)       -0.637    26.112    system_i/MIPI_D_PHY_RX_0/U0/YesAXILITE.AXI_Lite_Control/control_reg_reg[11]
  -------------------------------------------------------------------
                         required time                         26.112    
                         arrival time                         -14.959    
  -------------------------------------------------------------------
                         slack                                 11.153    

Slack (MET) :             12.262ns  (required time - arrival time)
  Source:                 system_i/MIPI_D_PHY_RX_0/U0/DataLaneGen[0].DPHY_LaneSFEN_X/HSDeserializerX/dDataIn_reg_reg[0][7]/C
                            (rising edge-triggered cell FDRE clocked by RxByteClkHS  {rise@0.000ns fall@9.522ns period=19.044ns})
  Destination:            system_i/MIPI_D_PHY_RX_0/U0/DataLaneGen[0].DPHY_LaneSFEN_X/HSDeserializerX/alignment_reg[0]/D
                            (rising edge-triggered cell FDRE clocked by RxByteClkHS  {rise@0.000ns fall@9.522ns period=19.044ns})
  Path Group:             RxByteClkHS
  Path Type:              Setup (Max at Slow Process Corner)
  Requirement:            19.044ns  (RxByteClkHS rise@19.044ns - RxByteClkHS rise@0.000ns)
  Data Path Delay:        6.749ns  (logic 1.561ns (23.130%)  route 5.188ns (76.870%))
  Logic Levels:           5  (LUT3=2 LUT5=2 LUT6=1)
  Clock Path Skew:        -0.027ns (DCD - SCD + CPR)
    Destination Clock Delay (DCD):    3.797ns = ( 22.841 - 19.044 ) 
    Source Clock Delay      (SCD):    4.128ns
    Clock Pessimism Removal (CPR):    0.305ns
  Clock Uncertainty:      0.035ns  ((TSJ^2 + TIJ^2)^1/2 + DJ) / 2 + PE
    Total System Jitter     (TSJ):    0.071ns
    Total Input Jitter      (TIJ):    0.000ns
    Discrete Jitter          (DJ):    0.000ns
    Phase Error              (PE):    0.000ns

    Location             Delay type                Incr(ns)  Path(ns)    Netlist Resource(s)
  -------------------------------------------------------------------    -------------------
                         (clock RxByteClkHS rise edge)
                                                      0.000     0.000 r  
    J18                                               0.000     0.000 r  dphy_hs_clock_clk_p (IN)
                         net (fo=0)                   0.000     0.000    system_i/MIPI_D_PHY_RX_0/U0/ClockInputBuffer/dphy_clk_hs_p
    J18                  IBUFDS (Prop_ibufds_I_O)     0.944     0.944 r  system_i/MIPI_D_PHY_RX_0/U0/ClockInputBuffer/LaneHighSpeed/O
                         net (fo=1, routed)           0.000     0.944    system_i/MIPI_D_PHY_RX_0/U0/ClockLane/HSClockingX/aHS
    IDELAY_X1Y122        IDELAYE2 (Prop_idelaye2_IDATAIN_DATAOUT)
                                                      0.816     1.760 r  system_i/MIPI_D_PHY_RX_0/U0/ClockLane/HSClockingX/InputDelay/DATAOUT
                         net (fo=2, routed)           0.519     2.279    system_i/MIPI_D_PHY_RX_0/U0/ClockLane/HSClockingX/HS_ClockDly
    BUFR_X1Y9            BUFR (Prop_bufr_I_O)         1.031     3.310 r  system_i/MIPI_D_PHY_RX_0/U0/ClockLane/HSClockingX/DivClkBuffer/O
                         net (fo=379, routed)         0.818     4.128    system_i/MIPI_D_PHY_RX_0/U0/DataLaneGen[0].DPHY_LaneSFEN_X/HSDeserializerX/CLK
    SLICE_X113Y135       FDRE                                         r  system_i/MIPI_D_PHY_RX_0/U0/DataLaneGen[0].DPHY_LaneSFEN_X/HSDeserializerX/dDataIn_reg_reg[0][7]/C
  -------------------------------------------------------------------    -------------------
    SLICE_X113Y135       FDRE (Prop_fdre_C_Q)         0.456     4.584 r  system_i/MIPI_D_PHY_RX_0/U0/DataLaneGen[0].DPHY_LaneSFEN_X/HSDeserializerX/dDataIn_reg_reg[0][7]/Q
                         net (fo=22, routed)          1.346     5.931    system_i/MIPI_D_PHY_RX_0/U0/DataLaneGen[0].DPHY_LaneSFEN_X/HSDeserializerX/word[6]
    SLICE_X109Y133       LUT3 (Prop_lut3_I0_O)        0.149     6.080 r  system_i/MIPI_D_PHY_RX_0/U0/DataLaneGen[0].DPHY_LaneSFEN_X/HSDeserializerX/dSyncSoft_int_i_9__0/O
                         net (fo=2, routed)           0.516     6.596    system_i/MIPI_D_PHY_RX_0/U0/DataLaneGen[0].DPHY_LaneSFEN_X/HSDeserializerX/dSyncSoft_int_i_9__0_n_0
    SLICE_X110Y128       LUT5 (Prop_lut5_I2_O)        0.332     6.928 f  system_i/MIPI_D_PHY_RX_0/U0/DataLaneGen[0].DPHY_LaneSFEN_X/HSDeserializerX/dSyncSoft_int_i_3__0/O
                         net (fo=5, routed)           1.430     8.358    system_i/MIPI_D_PHY_RX_0/U0/DataLaneGen[0].DPHY_LaneSFEN_X/HSDeserializerX/dSyncSoft_int_i_3__0_n_0
    SLICE_X112Y132       LUT3 (Prop_lut3_I1_O)        0.152     8.510 f  system_i/MIPI_D_PHY_RX_0/U0/DataLaneGen[0].DPHY_LaneSFEN_X/HSDeserializerX/dAlignment_int[2]_i_3__0/O
                         net (fo=4, routed)           0.799     9.310    system_i/MIPI_D_PHY_RX_0/U0/DataLaneGen[0].DPHY_LaneSFEN_X/HSDeserializerX/dAlignment_int[2]_i_3__0_n_0
    SLICE_X109Y133       LUT5 (Prop_lut5_I0_O)        0.348     9.658 r  system_i/MIPI_D_PHY_RX_0/U0/DataLaneGen[0].DPHY_LaneSFEN_X/HSDeserializerX/alignment[0]_i_3__0/O
                         net (fo=1, routed)           1.095    10.753    system_i/MIPI_D_PHY_RX_0/U0/DataLaneGen[0].DPHY_LaneSFEN_X/HSDeserializerX/alignment[0]_i_3__0_n_0
    SLICE_X110Y133       LUT6 (Prop_lut6_I1_O)        0.124    10.877 r  system_i/MIPI_D_PHY_RX_0/U0/DataLaneGen[0].DPHY_LaneSFEN_X/HSDeserializerX/alignment[0]_i_1/O
                         net (fo=1, routed)           0.000    10.877    system_i/MIPI_D_PHY_RX_0/U0/DataLaneGen[0].DPHY_LaneSFEN_X/HSDeserializerX/alignment[0]_i_1_n_0
    SLICE_X110Y133       FDRE                                         r  system_i/MIPI_D_PHY_RX_0/U0/DataLaneGen[0].DPHY_LaneSFEN_X/HSDeserializerX/alignment_reg[0]/D
  -------------------------------------------------------------------    -------------------

                         (clock RxByteClkHS rise edge)
                                                     19.044    19.044 r  
    J18                                               0.000    19.044 r  dphy_hs_clock_clk_p (IN)
                         net (fo=0)                   0.000    19.044    system_i/MIPI_D_PHY_RX_0/U0/ClockInputBuffer/dphy_clk_hs_p
    J18                  IBUFDS (Prop_ibufds_I_O)     0.901    19.945 r  system_i/MIPI_D_PHY_RX_0/U0/ClockInputBuffer/LaneHighSpeed/O
                         net (fo=1, routed)           0.000    19.945    system_i/MIPI_D_PHY_RX_0/U0/ClockLane/HSClockingX/aHS
    IDELAY_X1Y122        IDELAYE2 (Prop_idelaye2_IDATAIN_DATAOUT)
                                                      0.756    20.701 r  system_i/MIPI_D_PHY_RX_0/U0/ClockLane/HSClockingX/InputDelay/DATAOUT
                         net (fo=2, routed)           0.467    21.168    system_i/MIPI_D_PHY_RX_0/U0/ClockLane/HSClockingX/HS_ClockDly
    BUFR_X1Y9            BUFR (Prop_bufr_I_O)         0.918    22.086 r  system_i/MIPI_D_PHY_RX_0/U0/ClockLane/HSClockingX/DivClkBuffer/O
                         net (fo=379, routed)         0.755    22.841    system_i/MIPI_D_PHY_RX_0/U0/DataLaneGen[0].DPHY_LaneSFEN_X/HSDeserializerX/CLK
    SLICE_X110Y133       FDRE                                         r  system_i/MIPI_D_PHY_RX_0/U0/DataLaneGen[0].DPHY_LaneSFEN_X/HSDeserializerX/alignment_reg[0]/C
                         clock pessimism              0.305    23.145    
                         clock uncertainty           -0.035    23.110    
    SLICE_X110Y133       FDRE (Setup_fdre_C_D)        0.029    23.139    system_i/MIPI_D_PHY_RX_0/U0/DataLaneGen[0].DPHY_LaneSFEN_X/HSDeserializerX/alignment_reg[0]
  -------------------------------------------------------------------
                         required time                         23.139    
                         arrival time                         -10.877    
  -------------------------------------------------------------------
                         slack                                 12.262    

Slack (MET) :             12.325ns  (required time - arrival time)
  Source:                 system_i/MIPI_D_PHY_RX_0/U0/DataLaneGen[0].DPHY_LaneSFEN_X/HSDeserializerX/dDataIn_reg_reg[0][7]/C
                            (rising edge-triggered cell FDRE clocked by RxByteClkHS  {rise@0.000ns fall@9.522ns period=19.044ns})
  Destination:            system_i/MIPI_D_PHY_RX_0/U0/DataLaneGen[0].DPHY_LaneSFEN_X/HSDeserializerX/dSyncErr_int_reg/D
                            (rising edge-triggered cell FDRE clocked by RxByteClkHS  {rise@0.000ns fall@9.522ns period=19.044ns})
  Path Group:             RxByteClkHS
  Path Type:              Setup (Max at Slow Process Corner)
  Requirement:            19.044ns  (RxByteClkHS rise@19.044ns - RxByteClkHS rise@0.000ns)
  Data Path Delay:        6.729ns  (logic 1.558ns (23.152%)  route 5.171ns (76.848%))
  Logic Levels:           5  (LUT4=3 LUT5=1 LUT6=1)
  Clock Path Skew:        -0.031ns (DCD - SCD + CPR)
    Destination Clock Delay (DCD):    3.793ns = ( 22.837 - 19.044 ) 
    Source Clock Delay      (SCD):    4.128ns
    Clock Pessimism Removal (CPR):    0.305ns
  Clock Uncertainty:      0.035ns  ((TSJ^2 + TIJ^2)^1/2 + DJ) / 2 + PE
    Total System Jitter     (TSJ):    0.071ns
    Total Input Jitter      (TIJ):    0.000ns
    Discrete Jitter          (DJ):    0.000ns
    Phase Error              (PE):    0.000ns

    Location             Delay type                Incr(ns)  Path(ns)    Netlist Resource(s)
  -------------------------------------------------------------------    -------------------
                         (clock RxByteClkHS rise edge)
                                                      0.000     0.000 r  
    J18                                               0.000     0.000 r  dphy_hs_clock_clk_p (IN)
                         net (fo=0)                   0.000     0.000    system_i/MIPI_D_PHY_RX_0/U0/ClockInputBuffer/dphy_clk_hs_p
    J18                  IBUFDS (Prop_ibufds_I_O)     0.944     0.944 r  system_i/MIPI_D_PHY_RX_0/U0/ClockInputBuffer/LaneHighSpeed/O
                         net (fo=1, routed)           0.000     0.944    system_i/MIPI_D_PHY_RX_0/U0/ClockLane/HSClockingX/aHS
    IDELAY_X1Y122        IDELAYE2 (Prop_idelaye2_IDATAIN_DATAOUT)
                                                      0.816     1.760 r  system_i/MIPI_D_PHY_RX_0/U0/ClockLane/HSClockingX/InputDelay/DATAOUT
                         net (fo=2, routed)           0.519     2.279    system_i/MIPI_D_PHY_RX_0/U0/ClockLane/HSClockingX/HS_ClockDly
    BUFR_X1Y9            BUFR (Prop_bufr_I_O)         1.031     3.310 r  system_i/MIPI_D_PHY_RX_0/U0/ClockLane/HSClockingX/DivClkBuffer/O
                         net (fo=379, routed)         0.818     4.128    system_i/MIPI_D_PHY_RX_0/U0/DataLaneGen[0].DPHY_LaneSFEN_X/HSDeserializerX/CLK
    SLICE_X113Y135       FDRE                                         r  system_i/MIPI_D_PHY_RX_0/U0/DataLaneGen[0].DPHY_LaneSFEN_X/HSDeserializerX/dDataIn_reg_reg[0][7]/C
  -------------------------------------------------------------------    -------------------
    SLICE_X113Y135       FDRE (Prop_fdre_C_Q)         0.456     4.584 f  system_i/MIPI_D_PHY_RX_0/U0/DataLaneGen[0].DPHY_LaneSFEN_X/HSDeserializerX/dDataIn_reg_reg[0][7]/Q
                         net (fo=22, routed)          1.310     5.895    system_i/MIPI_D_PHY_RX_0/U0/DataLaneGen[0].DPHY_LaneSFEN_X/HSDeserializerX/word[6]
    SLICE_X107Y133       LUT6 (Prop_lut6_I3_O)        0.124     6.019 r  system_i/MIPI_D_PHY_RX_0/U0/DataLaneGen[0].DPHY_LaneSFEN_X/HSDeserializerX/dAlignment_int[2]_i_8__0/O
                         net (fo=1, routed)           0.959     6.978    system_i/MIPI_D_PHY_RX_0/U0/DataLaneGen[0].DPHY_LaneSFEN_X/HSDeserializerX/dAlignment_int[2]_i_8__0_n_0
    SLICE_X108Y133       LUT4 (Prop_lut4_I0_O)        0.124     7.102 r  system_i/MIPI_D_PHY_RX_0/U0/DataLaneGen[0].DPHY_LaneSFEN_X/HSDeserializerX/dAlignment_int[2]_i_5__0/O
                         net (fo=3, routed)           1.104     8.207    system_i/MIPI_D_PHY_RX_0/U0/DataLaneGen[0].DPHY_LaneSFEN_X/HSDeserializerX/dAlignment_int[2]_i_5__0_n_0
    SLICE_X110Y132       LUT4 (Prop_lut4_I2_O)        0.152     8.359 r  system_i/MIPI_D_PHY_RX_0/U0/DataLaneGen[0].DPHY_LaneSFEN_X/HSDeserializerX/dSyncSoft_int_i_2__0/O
                         net (fo=3, routed)           0.972     9.330    system_i/MIPI_D_PHY_RX_0/U0/DataLaneGen[0].DPHY_LaneSFEN_X/HSDeserializerX/dSyncSoft_int_i_2__0_n_0
    SLICE_X112Y131       LUT5 (Prop_lut5_I4_O)        0.354     9.684 f  system_i/MIPI_D_PHY_RX_0/U0/DataLaneGen[0].DPHY_LaneSFEN_X/HSDeserializerX/dSyncErr_int_i_2__0/O
                         net (fo=1, routed)           0.825    10.510    system_i/MIPI_D_PHY_RX_0/U0/DataLaneGen[0].DPHY_LaneSFEN_X/HSDeserializerX/dSyncErr_int_i_2__0_n_0
    SLICE_X112Y129       LUT4 (Prop_lut4_I2_O)        0.348    10.858 r  system_i/MIPI_D_PHY_RX_0/U0/DataLaneGen[0].DPHY_LaneSFEN_X/HSDeserializerX/dSyncErr_int_i_1/O
                         net (fo=1, routed)           0.000    10.858    system_i/MIPI_D_PHY_RX_0/U0/DataLaneGen[0].DPHY_LaneSFEN_X/HSDeserializerX/dSyncErr_int_i_1_n_0
    SLICE_X112Y129       FDRE                                         r  system_i/MIPI_D_PHY_RX_0/U0/DataLaneGen[0].DPHY_LaneSFEN_X/HSDeserializerX/dSyncErr_int_reg/D
  -------------------------------------------------------------------    -------------------

                         (clock RxByteClkHS rise edge)
                                                     19.044    19.044 r  
    J18                                               0.000    19.044 r  dphy_hs_clock_clk_p (IN)
                         net (fo=0)                   0.000    19.044    system_i/MIPI_D_PHY_RX_0/U0/ClockInputBuffer/dphy_clk_hs_p
    J18                  IBUFDS (Prop_ibufds_I_O)     0.901    19.945 r  system_i/MIPI_D_PHY_RX_0/U0/ClockInputBuffer/LaneHighSpeed/O
                         net (fo=1, routed)           0.000    19.945    system_i/MIPI_D_PHY_RX_0/U0/ClockLane/HSClockingX/aHS
    IDELAY_X1Y122        IDELAYE2 (Prop_idelaye2_IDATAIN_DATAOUT)
                                                      0.756    20.701 r  system_i/MIPI_D_PHY_RX_0/U0/ClockLane/HSClockingX/InputDelay/DATAOUT
                         net (fo=2, routed)           0.467    21.168    system_i/MIPI_D_PHY_RX_0/U0/ClockLane/HSClockingX/HS_ClockDly
    BUFR_X1Y9            BUFR (Prop_bufr_I_O)         0.918    22.086 r  system_i/MIPI_D_PHY_RX_0/U0/ClockLane/HSClockingX/DivClkBuffer/O
                         net (fo=379, routed)         0.751    22.837    system_i/MIPI_D_PHY_RX_0/U0/DataLaneGen[0].DPHY_LaneSFEN_X/HSDeserializerX/CLK
    SLICE_X112Y129       FDRE                                         r  system_i/MIPI_D_PHY_RX_0/U0/DataLaneGen[0].DPHY_LaneSFEN_X/HSDeserializerX/dSyncErr_int_reg/C
                         clock pessimism              0.305    23.141    
                         clock uncertainty           -0.035    23.106    
    SLICE_X112Y129       FDRE (Setup_fdre_C_D)        0.077    23.183    system_i/MIPI_D_PHY_RX_0/U0/DataLaneGen[0].DPHY_LaneSFEN_X/HSDeserializerX/dSyncErr_int_reg
  -------------------------------------------------------------------
                         required time                         23.183    
                         arrival time                         -10.858    
  -------------------------------------------------------------------
                         slack                                 12.325    

Slack (MET) :             12.407ns  (required time - arrival time)
  Source:                 system_i/MIPI_CSI_2_RX_0/U0/MIPI_CSI2_Rx_inst/LM_inst/DeskewFIFOs[0].DeskewFIFOx/iRdA_reg[3]/C
                            (rising edge-triggered cell FDRE clocked by RxByteClkHS  {rise@0.000ns fall@9.522ns period=19.044ns})
  Destination:            system_i/MIPI_CSI_2_RX_0/U0/MIPI_CSI2_Rx_inst/LM_inst/rbMAxisTdata_reg[0]/CE
                            (rising edge-triggered cell FDRE clocked by RxByteClkHS  {rise@0.000ns fall@9.522ns period=19.044ns})
  Path Group:             RxByteClkHS
  Path Type:              Setup (Max at Slow Process Corner)
  Requirement:            19.044ns  (RxByteClkHS rise@19.044ns - RxByteClkHS rise@0.000ns)
  Data Path Delay:        6.137ns  (logic 1.104ns (17.989%)  route 5.033ns (82.011%))
  Logic Levels:           3  (LUT2=1 LUT6=1 RAMD32=1)
  Clock Path Skew:        -0.057ns (DCD - SCD + CPR)
    Destination Clock Delay (DCD):    3.799ns = ( 22.843 - 19.044 ) 
    Source Clock Delay      (SCD):    4.124ns
    Clock Pessimism Removal (CPR):    0.269ns
  Clock Uncertainty:      0.035ns  ((TSJ^2 + TIJ^2)^1/2 + DJ) / 2 + PE
    Total System Jitter     (TSJ):    0.071ns
    Total Input Jitter      (TIJ):    0.000ns
    Discrete Jitter          (DJ):    0.000ns
    Phase Error              (PE):    0.000ns

    Location             Delay type                Incr(ns)  Path(ns)    Netlist Resource(s)
  -------------------------------------------------------------------    -------------------
                         (clock RxByteClkHS rise edge)
                                                      0.000     0.000 r  
    J18                                               0.000     0.000 r  dphy_hs_clock_clk_p (IN)
                         net (fo=0)                   0.000     0.000    system_i/MIPI_D_PHY_RX_0/U0/ClockInputBuffer/dphy_clk_hs_p
    J18                  IBUFDS (Prop_ibufds_I_O)     0.944     0.944 r  system_i/MIPI_D_PHY_RX_0/U0/ClockInputBuffer/LaneHighSpeed/O
                         net (fo=1, routed)           0.000     0.944    system_i/MIPI_D_PHY_RX_0/U0/ClockLane/HSClockingX/aHS
    IDELAY_X1Y122        IDELAYE2 (Prop_idelaye2_IDATAIN_DATAOUT)
                                                      0.816     1.760 r  system_i/MIPI_D_PHY_RX_0/U0/ClockLane/HSClockingX/InputDelay/DATAOUT
                         net (fo=2, routed)           0.519     2.279    system_i/MIPI_D_PHY_RX_0/U0/ClockLane/HSClockingX/HS_ClockDly
    BUFR_X1Y9            BUFR (Prop_bufr_I_O)         1.031     3.310 r  system_i/MIPI_D_PHY_RX_0/U0/ClockLane/HSClockingX/DivClkBuffer/O
                         net (fo=379, routed)         0.814     4.124    system_i/MIPI_CSI_2_RX_0/U0/MIPI_CSI2_Rx_inst/LM_inst/DeskewFIFOs[0].DeskewFIFOx/RxByteClkHS
    SLICE_X107Y117       FDRE                                         r  system_i/MIPI_CSI_2_RX_0/U0/MIPI_CSI2_Rx_inst/LM_inst/DeskewFIFOs[0].DeskewFIFOx/iRdA_reg[3]/C
  -------------------------------------------------------------------    -------------------
    SLICE_X107Y117       FDRE (Prop_fdre_C_Q)         0.456     4.580 r  system_i/MIPI_CSI_2_RX_0/U0/MIPI_CSI2_Rx_inst/LM_inst/DeskewFIFOs[0].DeskewFIFOx/iRdA_reg[3]/Q
                         net (fo=16, routed)          1.235     5.815    system_i/MIPI_CSI_2_RX_0/U0/MIPI_CSI2_Rx_inst/LM_inst/DeskewFIFOs[0].DeskewFIFOx/FIFO_reg_0_31_6_10/ADDRB3
    SLICE_X108Y118       RAMD32 (Prop_ramd32_RADR3_O)
                                                      0.150     5.965 f  system_i/MIPI_CSI_2_RX_0/U0/MIPI_CSI2_Rx_inst/LM_inst/DeskewFIFOs[0].DeskewFIFOx/FIFO_reg_0_31_6_10/RAMB/O
                         net (fo=15, routed)          1.917     7.882    system_i/MIPI_CSI_2_RX_0/U0/MIPI_CSI2_Rx_inst/LM_inst/DeskewFIFOs[0].DeskewFIFOx/iDataOut[8]
    SLICE_X108Y111       LUT6 (Prop_lut6_I1_O)        0.348     8.230 r  system_i/MIPI_CSI_2_RX_0/U0/MIPI_CSI2_Rx_inst/LM_inst/DeskewFIFOs[0].DeskewFIFOx/rbMAxisTvalidInt_i_1/O
                         net (fo=6, routed)           0.756     8.986    system_i/MIPI_CSI_2_RX_0/U0/MIPI_CSI2_Rx_inst/LM_inst/DeskewFIFOs[0].DeskewFIFOx/rbByteCnt_reg[1]
    SLICE_X107Y110       LUT2 (Prop_lut2_I0_O)        0.150     9.136 r  system_i/MIPI_CSI_2_RX_0/U0/MIPI_CSI2_Rx_inst/LM_inst/DeskewFIFOs[0].DeskewFIFOx/rbMAxisTdata[31]_i_1/O
                         net (fo=37, routed)          1.125    10.262    system_i/MIPI_CSI_2_RX_0/U0/MIPI_CSI2_Rx_inst/LM_inst/DeskewFIFOs[0].DeskewFIFOx_n_2
    SLICE_X110Y114       FDRE                                         r  system_i/MIPI_CSI_2_RX_0/U0/MIPI_CSI2_Rx_inst/LM_inst/rbMAxisTdata_reg[0]/CE
  -------------------------------------------------------------------    -------------------

                         (clock RxByteClkHS rise edge)
                                                     19.044    19.044 r  
    J18                                               0.000    19.044 r  dphy_hs_clock_clk_p (IN)
                         net (fo=0)                   0.000    19.044    system_i/MIPI_D_PHY_RX_0/U0/ClockInputBuffer/dphy_clk_hs_p
    J18                  IBUFDS (Prop_ibufds_I_O)     0.901    19.945 r  system_i/MIPI_D_PHY_RX_0/U0/ClockInputBuffer/LaneHighSpeed/O
                         net (fo=1, routed)           0.000    19.945    system_i/MIPI_D_PHY_RX_0/U0/ClockLane/HSClockingX/aHS
    IDELAY_X1Y122        IDELAYE2 (Prop_idelaye2_IDATAIN_DATAOUT)
                                                      0.756    20.701 r  system_i/MIPI_D_PHY_RX_0/U0/ClockLane/HSClockingX/InputDelay/DATAOUT
                         net (fo=2, routed)           0.467    21.168    system_i/MIPI_D_PHY_RX_0/U0/ClockLane/HSClockingX/HS_ClockDly
    BUFR_X1Y9            BUFR (Prop_bufr_I_O)         0.918    22.086 r  system_i/MIPI_D_PHY_RX_0/U0/ClockLane/HSClockingX/DivClkBuffer/O
                         net (fo=379, routed)         0.757    22.843    system_i/MIPI_CSI_2_RX_0/U0/MIPI_CSI2_Rx_inst/LM_inst/RxByteClkHS
    SLICE_X110Y114       FDRE                                         r  system_i/MIPI_CSI_2_RX_0/U0/MIPI_CSI2_Rx_inst/LM_inst/rbMAxisTdata_reg[0]/C
                         clock pessimism              0.269    23.111    
                         clock uncertainty           -0.035    23.076    
    SLICE_X110Y114       FDRE (Setup_fdre_C_CE)      -0.407    22.669    system_i/MIPI_CSI_2_RX_0/U0/MIPI_CSI2_Rx_inst/LM_inst/rbMAxisTdata_reg[0]
  -------------------------------------------------------------------
                         required time                         22.669    
                         arrival time                         -10.262    
  -------------------------------------------------------------------
                         slack                                 12.407    

Slack (MET) :             12.407ns  (required time - arrival time)
  Source:                 system_i/MIPI_CSI_2_RX_0/U0/MIPI_CSI2_Rx_inst/LM_inst/DeskewFIFOs[0].DeskewFIFOx/iRdA_reg[3]/C
                            (rising edge-triggered cell FDRE clocked by RxByteClkHS  {rise@0.000ns fall@9.522ns period=19.044ns})
  Destination:            system_i/MIPI_CSI_2_RX_0/U0/MIPI_CSI2_Rx_inst/LM_inst/rbMAxisTdata_reg[26]/CE
                            (rising edge-triggered cell FDRE clocked by RxByteClkHS  {rise@0.000ns fall@9.522ns period=19.044ns})
  Path Group:             RxByteClkHS
  Path Type:              Setup (Max at Slow Process Corner)
  Requirement:            19.044ns  (RxByteClkHS rise@19.044ns - RxByteClkHS rise@0.000ns)
  Data Path Delay:        6.137ns  (logic 1.104ns (17.989%)  route 5.033ns (82.011%))
  Logic Levels:           3  (LUT2=1 LUT6=1 RAMD32=1)
  Clock Path Skew:        -0.057ns (DCD - SCD + CPR)
    Destination Clock Delay (DCD):    3.799ns = ( 22.843 - 19.044 ) 
    Source Clock Delay      (SCD):    4.124ns
    Clock Pessimism Removal (CPR):    0.269ns
  Clock Uncertainty:      0.035ns  ((TSJ^2 + TIJ^2)^1/2 + DJ) / 2 + PE
    Total System Jitter     (TSJ):    0.071ns
    Total Input Jitter      (TIJ):    0.000ns
    Discrete Jitter          (DJ):    0.000ns
    Phase Error              (PE):    0.000ns

    Location             Delay type                Incr(ns)  Path(ns)    Netlist Resource(s)
  -------------------------------------------------------------------    -------------------
                         (clock RxByteClkHS rise edge)
                                                      0.000     0.000 r  
    J18                                               0.000     0.000 r  dphy_hs_clock_clk_p (IN)
                         net (fo=0)                   0.000     0.000    system_i/MIPI_D_PHY_RX_0/U0/ClockInputBuffer/dphy_clk_hs_p
    J18                  IBUFDS (Prop_ibufds_I_O)     0.944     0.944 r  system_i/MIPI_D_PHY_RX_0/U0/ClockInputBuffer/LaneHighSpeed/O
                         net (fo=1, routed)           0.000     0.944    system_i/MIPI_D_PHY_RX_0/U0/ClockLane/HSClockingX/aHS
    IDELAY_X1Y122        IDELAYE2 (Prop_idelaye2_IDATAIN_DATAOUT)
                                                      0.816     1.760 r  system_i/MIPI_D_PHY_RX_0/U0/ClockLane/HSClockingX/InputDelay/DATAOUT
                         net (fo=2, routed)           0.519     2.279    system_i/MIPI_D_PHY_RX_0/U0/ClockLane/HSClockingX/HS_ClockDly
    BUFR_X1Y9            BUFR (Prop_bufr_I_O)         1.031     3.310 r  system_i/MIPI_D_PHY_RX_0/U0/ClockLane/HSClockingX/DivClkBuffer/O
                         net (fo=379, routed)         0.814     4.124    system_i/MIPI_CSI_2_RX_0/U0/MIPI_CSI2_Rx_inst/LM_inst/DeskewFIFOs[0].DeskewFIFOx/RxByteClkHS
    SLICE_X107Y117       FDRE                                         r  system_i/MIPI_CSI_2_RX_0/U0/MIPI_CSI2_Rx_inst/LM_inst/DeskewFIFOs[0].DeskewFIFOx/iRdA_reg[3]/C
  -------------------------------------------------------------------    -------------------
    SLICE_X107Y117       FDRE (Prop_fdre_C_Q)         0.456     4.580 r  system_i/MIPI_CSI_2_RX_0/U0/MIPI_CSI2_Rx_inst/LM_inst/DeskewFIFOs[0].DeskewFIFOx/iRdA_reg[3]/Q
                         net (fo=16, routed)          1.235     5.815    system_i/MIPI_CSI_2_RX_0/U0/MIPI_CSI2_Rx_inst/LM_inst/DeskewFIFOs[0].DeskewFIFOx/FIFO_reg_0_31_6_10/ADDRB3
    SLICE_X108Y118       RAMD32 (Prop_ramd32_RADR3_O)
                                                      0.150     5.965 f  system_i/MIPI_CSI_2_RX_0/U0/MIPI_CSI2_Rx_inst/LM_inst/DeskewFIFOs[0].DeskewFIFOx/FIFO_reg_0_31_6_10/RAMB/O
                         net (fo=15, routed)          1.917     7.882    system_i/MIPI_CSI_2_RX_0/U0/MIPI_CSI2_Rx_inst/LM_inst/DeskewFIFOs[0].DeskewFIFOx/iDataOut[8]
    SLICE_X108Y111       LUT6 (Prop_lut6_I1_O)        0.348     8.230 r  system_i/MIPI_CSI_2_RX_0/U0/MIPI_CSI2_Rx_inst/LM_inst/DeskewFIFOs[0].DeskewFIFOx/rbMAxisTvalidInt_i_1/O
                         net (fo=6, routed)           0.756     8.986    system_i/MIPI_CSI_2_RX_0/U0/MIPI_CSI2_Rx_inst/LM_inst/DeskewFIFOs[0].DeskewFIFOx/rbByteCnt_reg[1]
    SLICE_X107Y110       LUT2 (Prop_lut2_I0_O)        0.150     9.136 r  system_i/MIPI_CSI_2_RX_0/U0/MIPI_CSI2_Rx_inst/LM_inst/DeskewFIFOs[0].DeskewFIFOx/rbMAxisTdata[31]_i_1/O
                         net (fo=37, routed)          1.125    10.262    system_i/MIPI_CSI_2_RX_0/U0/MIPI_CSI2_Rx_inst/LM_inst/DeskewFIFOs[0].DeskewFIFOx_n_2
    SLICE_X110Y114       FDRE                                         r  system_i/MIPI_CSI_2_RX_0/U0/MIPI_CSI2_Rx_inst/LM_inst/rbMAxisTdata_reg[26]/CE
  -------------------------------------------------------------------    -------------------

                         (clock RxByteClkHS rise edge)
                                                     19.044    19.044 r  
    J18                                               0.000    19.044 r  dphy_hs_clock_clk_p (IN)
                         net (fo=0)                   0.000    19.044    system_i/MIPI_D_PHY_RX_0/U0/ClockInputBuffer/dphy_clk_hs_p
    J18                  IBUFDS (Prop_ibufds_I_O)     0.901    19.945 r  system_i/MIPI_D_PHY_RX_0/U0/ClockInputBuffer/LaneHighSpeed/O
                         net (fo=1, routed)           0.000    19.945    system_i/MIPI_D_PHY_RX_0/U0/ClockLane/HSClockingX/aHS
    IDELAY_X1Y122        IDELAYE2 (Prop_idelaye2_IDATAIN_DATAOUT)
                                                      0.756    20.701 r  system_i/MIPI_D_PHY_RX_0/U0/ClockLane/HSClockingX/InputDelay/DATAOUT
                         net (fo=2, routed)           0.467    21.168    system_i/MIPI_D_PHY_RX_0/U0/ClockLane/HSClockingX/HS_ClockDly
    BUFR_X1Y9            BUFR (Prop_bufr_I_O)         0.918    22.086 r  system_i/MIPI_D_PHY_RX_0/U0/ClockLane/HSClockingX/DivClkBuffer/O
                         net (fo=379, routed)         0.757    22.843    system_i/MIPI_CSI_2_RX_0/U0/MIPI_CSI2_Rx_inst/LM_inst/RxByteClkHS
    SLICE_X110Y114       FDRE                                         r  system_i/MIPI_CSI_2_RX_0/U0/MIPI_CSI2_Rx_inst/LM_inst/rbMAxisTdata_reg[26]/C
                         clock pessimism              0.269    23.111    
                         clock uncertainty           -0.035    23.076    
    SLICE_X110Y114       FDRE (Setup_fdre_C_CE)      -0.407    22.669    system_i/MIPI_CSI_2_RX_0/U0/MIPI_CSI2_Rx_inst/LM_inst/rbMAxisTdata_reg[26]
  -------------------------------------------------------------------
                         required time                         22.669    
                         arrival time                         -10.262    
  -------------------------------------------------------------------
                         slack                                 12.407    

Slack (MET) :             12.407ns  (required time - arrival time)
  Source:                 system_i/MIPI_CSI_2_RX_0/U0/MIPI_CSI2_Rx_inst/LM_inst/DeskewFIFOs[0].DeskewFIFOx/iRdA_reg[3]/C
                            (rising edge-triggered cell FDRE clocked by RxByteClkHS  {rise@0.000ns fall@9.522ns period=19.044ns})
  Destination:            system_i/MIPI_CSI_2_RX_0/U0/MIPI_CSI2_Rx_inst/LM_inst/rbMAxisTdata_reg[27]/CE
                            (rising edge-triggered cell FDRE clocked by RxByteClkHS  {rise@0.000ns fall@9.522ns period=19.044ns})
  Path Group:             RxByteClkHS
  Path Type:              Setup (Max at Slow Process Corner)
  Requirement:            19.044ns  (RxByteClkHS rise@19.044ns - RxByteClkHS rise@0.000ns)
  Data Path Delay:        6.137ns  (logic 1.104ns (17.989%)  route 5.033ns (82.011%))
  Logic Levels:           3  (LUT2=1 LUT6=1 RAMD32=1)
  Clock Path Skew:        -0.057ns (DCD - SCD + CPR)
    Destination Clock Delay (DCD):    3.799ns = ( 22.843 - 19.044 ) 
    Source Clock Delay      (SCD):    4.124ns
    Clock Pessimism Removal (CPR):    0.269ns
  Clock Uncertainty:      0.035ns  ((TSJ^2 + TIJ^2)^1/2 + DJ) / 2 + PE
    Total System Jitter     (TSJ):    0.071ns
    Total Input Jitter      (TIJ):    0.000ns
    Discrete Jitter          (DJ):    0.000ns
    Phase Error              (PE):    0.000ns

    Location             Delay type                Incr(ns)  Path(ns)    Netlist Resource(s)
  -------------------------------------------------------------------    -------------------
                         (clock RxByteClkHS rise edge)
                                                      0.000     0.000 r  
    J18                                               0.000     0.000 r  dphy_hs_clock_clk_p (IN)
                         net (fo=0)                   0.000     0.000    system_i/MIPI_D_PHY_RX_0/U0/ClockInputBuffer/dphy_clk_hs_p
    J18                  IBUFDS (Prop_ibufds_I_O)     0.944     0.944 r  system_i/MIPI_D_PHY_RX_0/U0/ClockInputBuffer/LaneHighSpeed/O
                         net (fo=1, routed)           0.000     0.944    system_i/MIPI_D_PHY_RX_0/U0/ClockLane/HSClockingX/aHS
    IDELAY_X1Y122        IDELAYE2 (Prop_idelaye2_IDATAIN_DATAOUT)
                                                      0.816     1.760 r  system_i/MIPI_D_PHY_RX_0/U0/ClockLane/HSClockingX/InputDelay/DATAOUT
                         net (fo=2, routed)           0.519     2.279    system_i/MIPI_D_PHY_RX_0/U0/ClockLane/HSClockingX/HS_ClockDly
    BUFR_X1Y9            BUFR (Prop_bufr_I_O)         1.031     3.310 r  system_i/MIPI_D_PHY_RX_0/U0/ClockLane/HSClockingX/DivClkBuffer/O
                         net (fo=379, routed)         0.814     4.124    system_i/MIPI_CSI_2_RX_0/U0/MIPI_CSI2_Rx_inst/LM_inst/DeskewFIFOs[0].DeskewFIFOx/RxByteClkHS
    SLICE_X107Y117       FDRE                                         r  system_i/MIPI_CSI_2_RX_0/U0/MIPI_CSI2_Rx_inst/LM_inst/DeskewFIFOs[0].DeskewFIFOx/iRdA_reg[3]/C
  -------------------------------------------------------------------    -------------------
    SLICE_X107Y117       FDRE (Prop_fdre_C_Q)         0.456     4.580 r  system_i/MIPI_CSI_2_RX_0/U0/MIPI_CSI2_Rx_inst/LM_inst/DeskewFIFOs[0].DeskewFIFOx/iRdA_reg[3]/Q
                         net (fo=16, routed)          1.235     5.815    system_i/MIPI_CSI_2_RX_0/U0/MIPI_CSI2_Rx_inst/LM_inst/DeskewFIFOs[0].DeskewFIFOx/FIFO_reg_0_31_6_10/ADDRB3
    SLICE_X108Y118       RAMD32 (Prop_ramd32_RADR3_O)
                                                      0.150     5.965 f  system_i/MIPI_CSI_2_RX_0/U0/MIPI_CSI2_Rx_inst/LM_inst/DeskewFIFOs[0].DeskewFIFOx/FIFO_reg_0_31_6_10/RAMB/O
                         net (fo=15, routed)          1.917     7.882    system_i/MIPI_CSI_2_RX_0/U0/MIPI_CSI2_Rx_inst/LM_inst/DeskewFIFOs[0].DeskewFIFOx/iDataOut[8]
    SLICE_X108Y111       LUT6 (Prop_lut6_I1_O)        0.348     8.230 r  system_i/MIPI_CSI_2_RX_0/U0/MIPI_CSI2_Rx_inst/LM_inst/DeskewFIFOs[0].DeskewFIFOx/rbMAxisTvalidInt_i_1/O
                         net (fo=6, routed)           0.756     8.986    system_i/MIPI_CSI_2_RX_0/U0/MIPI_CSI2_Rx_inst/LM_inst/DeskewFIFOs[0].DeskewFIFOx/rbByteCnt_reg[1]
    SLICE_X107Y110       LUT2 (Prop_lut2_I0_O)        0.150     9.136 r  system_i/MIPI_CSI_2_RX_0/U0/MIPI_CSI2_Rx_inst/LM_inst/DeskewFIFOs[0].DeskewFIFOx/rbMAxisTdata[31]_i_1/O
                         net (fo=37, routed)          1.125    10.262    system_i/MIPI_CSI_2_RX_0/U0/MIPI_CSI2_Rx_inst/LM_inst/DeskewFIFOs[0].DeskewFIFOx_n_2
    SLICE_X110Y114       FDRE                                         r  system_i/MIPI_CSI_2_RX_0/U0/MIPI_CSI2_Rx_inst/LM_inst/rbMAxisTdata_reg[27]/CE
  -------------------------------------------------------------------    -------------------

                         (clock RxByteClkHS rise edge)
                                                     19.044    19.044 r  
    J18                                               0.000    19.044 r  dphy_hs_clock_clk_p (IN)
                         net (fo=0)                   0.000    19.044    system_i/MIPI_D_PHY_RX_0/U0/ClockInputBuffer/dphy_clk_hs_p
    J18                  IBUFDS (Prop_ibufds_I_O)     0.901    19.945 r  system_i/MIPI_D_PHY_RX_0/U0/ClockInputBuffer/LaneHighSpeed/O
                         net (fo=1, routed)           0.000    19.945    system_i/MIPI_D_PHY_RX_0/U0/ClockLane/HSClockingX/aHS
    IDELAY_X1Y122        IDELAYE2 (Prop_idelaye2_IDATAIN_DATAOUT)
                                                      0.756    20.701 r  system_i/MIPI_D_PHY_RX_0/U0/ClockLane/HSClockingX/InputDelay/DATAOUT
                         net (fo=2, routed)           0.467    21.168    system_i/MIPI_D_PHY_RX_0/U0/ClockLane/HSClockingX/HS_ClockDly
    BUFR_X1Y9            BUFR (Prop_bufr_I_O)         0.918    22.086 r  system_i/MIPI_D_PHY_RX_0/U0/ClockLane/HSClockingX/DivClkBuffer/O
                         net (fo=379, routed)         0.757    22.843    system_i/MIPI_CSI_2_RX_0/U0/MIPI_CSI2_Rx_inst/LM_inst/RxByteClkHS
    SLICE_X110Y114       FDRE                                         r  system_i/MIPI_CSI_2_RX_0/U0/MIPI_CSI2_Rx_inst/LM_inst/rbMAxisTdata_reg[27]/C
                         clock pessimism              0.269    23.111    
                         clock uncertainty           -0.035    23.076    
    SLICE_X110Y114       FDRE (Setup_fdre_C_CE)      -0.407    22.669    system_i/MIPI_CSI_2_RX_0/U0/MIPI_CSI2_Rx_inst/LM_inst/rbMAxisTdata_reg[27]
  -------------------------------------------------------------------
                         required time                         22.669    
                         arrival time                         -10.262    
  -------------------------------------------------------------------
                         slack                                 12.407    




