58F2F581FC07E3FF
A5F41C63DB0D0345
A1FC180ECC19F4EA
0DFCE174D60E0306
71F811CB3908084B
38F7F85F3C0212ED
F80402F900EA16B9
B80714DC2C0A1DCF
F5F702A503F4FFF9
000002990000006B
0000020600000315
000003A2000000DB
FFFFFF82FFFFFC22
FB3E45F80CEC3C15
F51B8FCE00F2EE07
F2F950D40C0EDFF2
FC9EF9E410033115
F43DF83C0CF4E918
F0D1A5F6F616FFD9
03B6B931FF1B250F
05F2301303F8E7F7
064638EC0220C512
FFFFFE6B00000340
00000316000003B8
FFFFFCBCFFFFFD98
FFFFFC5800000030
43382109ECEDFE24
1B18342515F6F23A
1A232BE913CB06DE
E014BF0C05EDFB1D
1B17DCE4EDE5BD0A
0CD4C31FFCF4D215
F9FB1B020FF0E215
52D3F70B10D1FFFF
37F41200EFD305E0
31DFD5F819FAFF02
D51104CE2412F12B
08D42C1700EC0415
010AE4F112F9F714
DE211FDB04141239
27F601E30C0933E7
17EE0B00F3E5FED6
DD0B11EDD307F4CF
E715E20BDC2540FC
DC1DE2CDDFFAD823
C6DCD7E8E1F2D5CA
290F381C24FD152B
E1D5C8131216EA34
EA1201F7F3D7E519
BDE1F60A03E0F6CA
DFF0E106FC2217FB
10F3F8E1120526BB
D3F9E8EFF2F8E027
F2E0DC0501E5E202
35EC29ED17102E0C
FCF828D500FBD3F5
03DF35E022040DF6
E3CEFAFD09090B10
38C4F52E17EF1521
19E7E40907FAF407
1E1105290B17E9CA
23D91AE7DAE22543
1FECE5EAF1D202FA
3AD30CFFDCD111DD
0419FD1704242BE9
CBFBD1EE1ED72748
E20DF31B07011D37
F204084908100BC1
F809EA2CE5002D2A
2316210416FE01F7
F0EAE2FC20E73605
02F80D17EAFDDFD4
292BF1231FE60E2C
CCF10E07FCEAD21F
F6F2F4CF07EF31C9
FB2B0DFBF800231C
E30F362CFCF630EB
EE24F3ECEA0D1B39
04121C23F32CE90C
EF1226C60BE824D9
C7E2E9F1D110E611
F9030D2902152D06
C336F50EF4FB06C6
0328303ADCF21E3C
E108EA01E70D1117
FFEE110ADD1E1339
0B14E045E709F81E
13FAF318CAE2CB46
DE29E42ADB23F932
C4C3E8C1E6C2FC06
B81A21CD05040001
A316F21DFF0637F7
E5FAF0B804DEE2C8
FFD7EFDF05D429DB
1909E80811DCFAF0
03D01CE012011B22
E3E411F816E5FD34
040D0ADB0910FD1C
46EAD6F7EB07E8B9
2EF500D6FCE0C517
1925E92B0BE7D115
1E06F211EB1FE61F
3ED1EA36F6EE210B
09F71202FB0D3101
26DBDC0D00EAF921
E6EAFD080C28D0BF
D7F934FCF91D05FB
4FD8FB03E0F5F7A6
0745DDFBE6D1EEB3
FD012BC3E5DCC3AA
FBBEF0E01E0400F6
122DFDB71010E898
01181EC6EAD5FDA8
D9ACE20D18F8BBCB
FC2CCDFDDFF2F1B3
102C1EF113EC01EA
E6E2ECC618E9E227
07E725D3DFE82BF2
FC061E25E9012023
0EE525D1E212F1E0
D30C09D2FA01E20F
2C0E1CE9E5EFE6F6
D1FDE52CF8243ED2
04D3FEDEFC050EFC
C7EBDC09E2EA40FD
FD1118FDF305D7AF
23E5181A06E61106
BAE50A1FE4FCCA27
2F08F730E7E600E9
42FA1A2F12FA09E4
FAE812E5EF17F736
03DA1CEB0505E2FF
E71BD206141016FA
20E8271B15E90FC2
D6F806FBE9DF1F28
BF1D0BB614FEE613
F529DAF010F130F3
1DE6D8DF09F31B3C
300DE3F11903D011
2DDFD9DF25FDECC1
09E0E22CFC10C2E5
CFF0C711C01DEA38
0205E301F91DDAFF
CD22DFF3F50D070B
F21110E0DDF9F0E6
FEE2FBCFE9F222CF
E903D407E81128E4
DFF9F0EBD5F3DE04
0EE3F4CEC9F7C3E6
F0E21300DF25F2E3
000A04D1E8E4D50F
14EAF60213E9E127
D12E3930E4DA0E32
E6011A251A07F0F7
290C1C32EA070FA7
D623FC350120C7E9
FB0CE4DAEBEEE6E4
F12CFA30FCE3DBEB
B7ECECF2EA10F9A4
36F00F220DE7F4BA
1D01091AF508061B
ACF80DCED4040C4D
07DEDF2AFC170BD7
151F061EE81911CE
DAD9303909222E05
3DFEF7E6DD11F0CE
DAFFED21F40BED10
CCD9EB2CD2100AFC
E0FAF9EBED19F442
CCDFF2F50E10CFF8
0000062E00000876
00000E1F00000D3A
000005B900000303
000007B10000093D
36EEADFC05D047D6
E9E0CDF4E4FC222A
1DEEB01C22DF17FB
26D8DC1A120CE7FC
13D61F0C2230F626
1CDAE60417FD11E2
14F3DEF11D463802
03C7F23AEF1912F3
00D0E03DF801F9EB
1621F81605CF14DB
0EE618E4EC25DA25
0517D5FB1AF0D1F0
F4EB13FF1500DCC7
ECE3021FDBDD030E
F921F5FE16F3EFB8
EBF7D30B0CFDDEEF
01143A1A0BD2DA05
E50EDCEB23F4C83A
14FBC211C009E8F3
DD2200E7F2DD062F
ED21ACDBDBE4C010
DC1C0EE01E031CC3
DA2EC1D61407122E
F5EECCE71B050FD9
F81FCEEF25E012EC
F1F7C710E7F7F6FD
001CF0EF292DE00C
1536E6FAF3FD0A3F
EE07FF2607DC1006
0A02E6F817DFE1D9
0120CFF219120814
ECF8FEFDF5DBECB5
251FE6F614CAFAC7
24BD010C36F9E91C
04E4DDDC2AF6C929
020130ECD7D20506
0F280EF320112825
FD190B0B0B03E806
F6F508EB2212CFD3
FC3105D9F10422D3
2030F3F522E10EE7
DF04EB164CFF1D26
1E25E5DC04083CD5
FC2E0AECFB26FAF9
0DFB38F417FEFC2C
F52C01091210D71C
0CFC1CDCE5090EBF
F1EC16DD2304D4E6
F0F5F514DBE711BD
2313F208F62402E2
D7F42C08F220FBD1
16DF28E30BD4EBF2
FF0822F7E123ECC6
1F1E29F8F1D10139
09F805170AD112B4
1AF72AF3F60E0C27
FF390018FA0BE923
F0FEF9F0E3271BF5
0A2FE310071111FD
1B3BC82DDF121A07
ED02CB13EDFEEAE8
F8EFD42D27D4F936
E40BF93C27DBE3F0
09F2072DC50D021A
3E2D202BFBF30D37
09172C2AFD052D25
03E7FFF4F0171CBB
F6FEF218E4E71003
0848042DDD0C2A06
F51A0FE5EA373BF9
E2F8DBEDD0DB002F
0B2FFCFD17023FE8
022001EBCC1F18E8
FE5921FC1B261F06
E0CEE8F7070FEEEE
E507C51AFC2A1829
E0EE2324DBDDD2B8
03EDF8FAE30914DD
07033032DA21FC48
FDE710E705000C18
221AE7ECFF1129EB
2807E5FAFD5FE5DD
2B221211D1CCE594
F3C32C051A30F2B5
06ECDC11E57A0903
17E9DE06C8FDDECA
06D7D0F2C82619D5
281AE5EC1737EEF0
16FDBEDEFBCF2925
01FFD6093A77DB23
F035EEECCD0FF9D7
03111FEAE732FF24
1D27B3E81B18F713
E7E2DFF0142C0815
0ADFD0272629E5EF
0C0619D32115DAB8
F0D22CFB1DCBF617
0719071415060C21
FBE3310A0723EBCF
0FE7FEE3C2D502FF
FAF7E7F1E6EDECEC
EE37CCF9D2ED05ED
DD33DF0EE1D9E0E1
10EF011D0F1B1D1F
FFF703151B2E002E
FAFF1DE91BE723DB
E10DDBFB1D08E6F3
1FFB401715FBECF8
28F1E904D916D6DA
32291FDAC5CCE1E2
18D550182BB9D411
F822F0F20ADF37DB
FB081F1AD7D21BBA
EF381CEDD310EFE7
2E242B01002CEEDE
21CBDFF019DE2214
2D4216FA15D0DE09
09F41110FF382CAA
0F10E82E4CD9F508
05EED00FE920EE02
1735E81037E1DAEE
F012EB2D1E08070D
1A370206072707D8
35BFE80444F521E3
DFC70E222BEDEFF6
EC0D340621230026
1600F0EBC7F02931
06042D2610191F2E
F2EBD7FE2014FE0F
002EC5DE1C3A1DD9
02E1CAE9192E24FB
F9E8CF03D2090718
04B6031C33080FFE
1D1EE5232EFAF321
14D1E6EA19E1DD2A
E62547D50D09FDC0
250327E50C07F02F
DED54CF8E21B11D2
1918C5FE10C805F1
16DAF70413D3D5D0
0836BC30E9C90AC3
EFBA05192F0A0E2E
E601F7100507EE44
00DDE82FEE26DDD1
FFFFFDD20000121D
FFFFF541FFFFF90E
00001573FFFFF7DC
FFFFF247FFFFF60B
13093018090302FE
EFC52E29EB1BE804
ECDDFD37D92A1D01
0AF00EEE00F00A09
16D3BEEA00E9F6EB
000FCF1EDCD72E07
E3CE040ADF1407F7
CDE1E7C6AA1DEDF8
D290C92616FAFDFE
381FFE231AD811EC
EDC80AE80BFFFAF0
D4EED204CE2B1F02
DF1B1EFE25F702E2
D037C7D40E260B0D
EDFBDCEF2A2BF3E9
0AABD4DC28FC120A
EAA3181A0709F906
F622E5DAE307C9F1
FDE20FEBCBF10FF0
1D1C06CE03DEDAF8
0125FC04001BF3FF
F3BEC71E1B00F2ED
DDD9F20A17F000E7
219DD3041E02E5F5
FD180F28CA2F10EE
15DC18D5451005F8
CFEE0EE8E2E9DEFE
FC52CBF9FBEEE2EF
F3C91AFF1DF2FD01
08FFFDECD808F4F8
EE25F0DEC6EE0105
E0E4D0E7D6FE34F9
EE400FE5C8260DFA
EFB5210FD1381108
F93EF8ECD9EDF2E3
E7FC211D061CF0F4
2726EE0E37F32FE4
F2D6E1F25FF9BFF6
B7ADD30DCF04C912
FADAD8E068EE150A
ED1ADAEA00E5FC0E
D7C93C1CF5E60CFB
0FBEFA1B3927FBF0
C71BB1CED30BD50E
E84EF6DB080BF2E9
02DBCAFBF7000CEE
D4233AD2FAD3D2E6
E4F5F30004F0ECF7
E4480A19FEE1FA03
E0BE21DCEFEAE8F7
0DEF00060FF2D7E3
0CC1F318CB2316E9
EA51D20CF22F1BFE
275AEBE010E41100
DBF91BECB32C050C
E120F804DA02E3FA
2734FD153D181A0A
EC5643230D18120D
2E3412DE4B1FF30F
E3FBC1E22036D3F6
2B3007FAEB25FAEE
DFF9BAED1B20DAF0
DB5AD22420F4EAF5
0435062BDFF8E311
E2C008F325F80CF0
1121DE2720EFE50E
0CE9CCE6F4DA1E12
E801B6B3DBC92F13
10DB1C1C9BF8E113
0242CCCFD3D3E7EE
E53FE2BE14180BFD
FDE908EDC90FEC06
4BC0E6D00DE008E1
1A1AB1E0D20BDDF7
C9F00DEFF4F1D612
2CE4303509FC01DE
DFD20636D6EA15F6
FD5BD50D27EDE7EE
FAB7F5D5D210D5E7
0DE0FD0ECEF0F0DF
07E40F0F39030FF4
F7C343EDFA1AF705
34C406C113F409F8
DFD54C1F14DB2111
46FF473855CA1DF4
1C79DAEF21D80C11
E0642C22CAD515E9
E5FF25F8E9F716EA
F856FCE0C0FC1307
F06E20271AF0DEF3
FCCB0AE24ACEDBF9
C9FEE410FCF0E9E9
01CC0ED90122EA0D
1FCF2B1A160917E5
FC47FECCCBE82507
D7510707B6FF08F0
DC0C09FC151FE7E7
16C2ED1021F9DBE8
1427411FD8FDE51D
04F52ADD3514F3E6
F12306023D15D5F6
18B303DBFAF603F5
3A18CAF417DADEFD
0F5C20EBDFD9FBEA
01FF3DD9F212ECF4
32EEDD1A0EF61306
1E0CE7E31B1DF2E4
DBD40A1EFD2A00FA
D6E540070E01D4E4
30D74641DEF5D1F1
18A517F517F301ED
3CED0DFEC711F7E7
03EB0B00CCE90000
DDBCD5153A1604FE
08331B1707E60407
EED6F7031D03E813
EDD6B911D3F702F7
FED31C1D04D81E0F
02063019F2F11FF6
1CBE11E9381C0EF0
0EAFF8EFEFF70FFA
0A2010F2F5271411
0367E2F2291C11F8
12D8ED1C40E92103
E719D30914F1E90C
C53EEAFFCDD12E04
07E11EFECBFF0615
F4A64AF6F832D6FA
DAEDE722251D19F1
2D42DFEBDD06FB17
30C4EE09242A0F0A
F91F03EFDACF1C1B
D2EDFCC819D918F5
CEF6FC08ACBDDFF0
D001AFF2BAE90F19
05D43C2FCFEAE0F2
32CF301A18242305
1FFD08F1DD1A32EE
0F5A42231FF3F4E9
303E0A113B12F7E9
037000DA3204EBF4
23D6DCE4FA2714E6
24E300D44CE90304
DEDEAAE9DF15F113
0000068300000D62
000005F500000115
0000078A000007AA
000009A000000A7E
06F1D703EBE3CFE9
CCD9D5F2C907DF39
1811F9F107F9DAED
D303F3D0143711DE
E0D9F0FB3279F309
122415D92DDDE5CC
CDDD141D38A6EAFB
0B2B1AF6E84FE0E7
EE1D0B011B36F816
1FD22802FD0BD701
092C20E3F5D5F013
FEE8E02D13FB16F0
D3F4DB100EF9122D
DE2415140A240FDA
D2D3E71607F914B3
CE0706F3370DEA0F
FE08DBCBDAFE0D1E
C7E0F3FF06F921B5
27EAE40B28C715BC
F6FEF529CE3C0C14
2A0EE2D8F1F0B91D
E20DF50B2A00F6F4
F51EE3E7DE1BFCBB
221ADA05DB141ABF
100C21F842F91FE0
F109FB1314240FCD
F6EEF80F2D320F0D
0EFB200D1A36E43B
F5F30F16C3EC09CE
04DDE40D04F6F1C2
11D80ED5DD1B151B
F6EAEDE30DD5FB2D
0C24D62DDF0FD5B4
B6CAF6C8313DC1FA
F3EDF9D51913EB31
D7E3F71F2DEFF1E7
4BF305D1D333D620
290121FC9A0DE739
0EE4E9DBC80CD1FC
2A082CE003D6E028
DFF4FADFFF0EFED5
F40AD122E4C00E07
0DDDFEFDF5D5DAFF
EC10F9E519FBE5FE
E4C8F71ADDEF2117
E720221E21FC2717
090BF42FCBDDD513
3BFD0A04093415F6
DFF4E61C1EB40416
E3F71C09042FDCFA
D51EE9042AE5DDE1
E319CFF80826DE13
15F2CAFCD8CF0B2B
E6F9001417D704BB
E2C90FDFFBCED641
D8EF0C270139D94D
11F2261EF9D51E3F
34F0E82A24E2EDEF
132417F8EBEC000E
0DF9DF150C271519
15D62A27262B1323
000E140D2B65F9D9
F2F4E4E902D12C0F
3AC1FA010CE4184C
0B2EF90309E52AEA
39E4EA13C6341FE0
F4F8DFCD1BE0E753
DBFEF410FA132D34
03E5EBE9FBC203EA
14DE1DE226D9E4F8
C70CE6DC35E81927
E5D8DDF3E4040BF2
1317E7EAF535D802
19242920D82A04DD
F1EE130DFE0810B3
0E1B1BD631E4D932
F508E1D7062D1101
E1FA091E1B2102E7
D6C90BFD35F0F50A
E313F0ECDFB4F708
F2150F09E1E62644
C9B8E0F1EEBB2F24
EC04F8C7CDFD33EA
CBB8E001EFC51DB4
CCCAF2FE429B48D7
E51DE8D9E6811C1C
1FDDF1FCF1981819
E4FEDAFD11D127A3
FA40E9D1CDC4EFEA
04DA00D9C3E4F932
30E7E902FB1107CB
1FDFE5EDF431E417
1214F004F8B1030C
D724EDDF00F3D102
EEE0030117221BE2
EB14CBE63DF9EBAA
0FE6EFE52C12EE39
05D4E8E614CC0C1E
D4CDE00F29E8E5E6
F3071DEDE63A01E7
12DA1A1919FBFD2F
3A24FDF1E3D5D705
241EF3D828FA1633
210B1AF7F320E418
350FEC112ED3CEE7
0BC5DEE203CF1CFE
22F0E5EF0DC8E525
E4DDD2FEE3D20B28
DDAF1204F7F2FC0F
1F0BE201E7041408
E2F9F931D60EF7EC
D83509CDF217B92F
013406061E19C70C
F323DB14DB39E317
1ED1E2DCFFF5B40E
F41EDDFCF966B0EA
EEDBD6E444DDEC11
39E113D025F00DEC
29F10CCBF5D60226
06CDD8E6EBEFEED4
DADD1117DBAAFEFC
DF0AD5F1062DFEC4
DB00D6FE1A25F624
3128F11EF2F7DDD2
09F3DE1FE1DAFA37
DBE3D9E72CF3BEE0
FBCBD4F4FC1CE44D
FDC80CFDDCFBD41D
E510D2D31EDF0109
F842140B01D3C4E6
F8DAF70DD6460DD3
040BCFECF6020E1A
DFFB35EDFBFADAC1
E2FA1405D82403DD
07FCEA0F164AFCCF
04FF1BF502FA0853
C8D4192014B61DDD
D809E832DE1E1A3B
E9E126FA0A12D9E1
DBEAC91A08FCFCCD
EE10DFF91CD3D9E2
FB08272B16FC0C1C
E9CE0D2E024AF6FF
1317D60212CF083A
00001202FFFFFE85
FFFFFC2C00000835
000016DE00000B6A
00000F4F00001454
04E0E7EAF1EB1CF8
DAEB041414EF030C
C0ECE40126D50003
15FEFBF218D821FF
C607E20BF50A1FFC
F809EC06F9EAFFE5
DFEFE8F626C010FF
EEDDEEF33CE6F0EB
C3FC0D0F23FCF4F8
D0EAFEFB07F904E4
E0EBE2061CE6F6EE
C6E0F20C19E41004
07F7FFE921E2001C
03FBFF06FBFFF61B
030714F72AFE21FD
FCE7F3FCF00BFF12
FC1107FEE8EA1823
F607F408F41BF722
0310120EF2CF0BFF
0102FCEAEEDB04FA
0F0CF3F61FCEF9CE
F3F30FF500023509
241102EA2414351E
E8FFEEE6E0013C13
C3FE1AF5150A0612
10EEE1FF0307271A
0BFE0C0AF8F7D5F9
0EEC100011D4EB17
28FF001449DB1E1B
FA0D001F0405F5FF
1CE5FC03F6D90706
15EDF10518CEEBE5
140FEE0D28DB20F1
05EBFFEF130C0031
040B110BEB180CFE
0D06000EE70F1828
F1F5DFF301F30C12
1FF7050AE8E2F9E9
4F1007FEEBF603F0
E8DBEBFEDA17F0F4
2400F20BE8380FF9
D9FC03ED1AE81603
00F8E1CE11021E04
4B01F1F4F8000CCC
052400F82DECDA15
04F6040DCDD5F50F
16F1EB0FF5DC12DF
0B23EF21190D0717
E60602F81A080622
FB0BFD07F7E7EACD
0E1016FB09F7FEDA
DAEA22FD01F4FEF9
0D01FEFF18F8FA01
1B08F4FBED0919EA
E82509F1D32ADE09
2BFE10F91A11E100
270815E7FE01C6F9
381F00F1FE1CF401
49EAECFC3316F011
F503EBF0133AFDFF
2D0B1E02F21AE3DF
0AE5EFF405FD0C24
1FE7E9F11A41E5FC
29F61A021203F210
1C0A10ED08160A0A
F900F303C92C14FF
10190712F2FD0D01
E0F9F312200518EB
D8FF04FED9F02CF8
140E090002FEF5EE
F90716EE1CF611FD
F211F3FC03F401FA
1EF800040107DBEF
E4FD13F020F1F914
FB100B0CDEF7D6FD
030CEBFDEFDE0623
CC040A13DEE7030C
3502FFFCDC04EB2A
0313FBEFFE0FE007
17F5EAE5DF02EBEE
32FCDD150C04FDE1
DF06F81523F4DB1D
1B03E40923F0F7F3
21E6FE0624E4FB19
EEF1E107F4E414FA
D600EE111FD5EBFD
C6E9E604FEEFFD03
DC0CECFA0DF60703
BBE1FCFDEBF209EE
FCDD0AF7EAE307EC
3A1B11E7E0F1E6E4
E3F415F00012EE00
0CFBF9E0DC06DCF3
2A23FBEDF2FDDD23
FA1D08E910F3070D
0317E8EDFC11F7EE
122117E1EB18F4E9
E1171CE70B080CF4
30FAFBFD1714F300
E4F7FEFCE7EA00FE
22010CEE1B00F108
D403070DCEEEFDF7
E9E8E2DB09FEF8F4
F7F00DEE1A0EF7F8
1D0AF209DA21EA03
040BFCFD18E016FD
14010101DCF6F11C
101620F3F313F437
03F7F40A07DDF8FA
CAEA180225DB21DC
30FEE90333D20BE9
11E9FB0F20021404
0AF0F9FA151412D5
D601E4FB43EA04F5
D4F3080504F01716
DAFA0B05FD0B10E9
10EDE5034AD61D2C
06080F2031D5E8EC
E7ED01144603DA11
E4FCDF03D0D7EE07
E7EEF502F0EDD023
F7EAE3F30A11FD52
34EC18EC32061E46
E201FB1B0E01FE14
F8F4141E1BF61312
25F115060D151FF1
F3EEF01F0EED01FC
E4FA071C0C161BF3
EBFDED05F6ED0F04
ECEA1411EF0203CF
DAFFF5FEFEE6F6D8
21FBF6FBF20C2405
08F1F00A09E40507
14F8F1092C170D1E
F50908EBE7E0E42D
2DFAEF091918FEFB
F4F20E18DE01E4FE
EC03E90100D4FAEA
4CE2E4FEEB0BC8E5
09FCE606ECFDDEFB
20FCEFEC3FDCEF0C
3CEBFD010317E8EE
EC130D0FF702F7DB
EEF8F0ECEB060206
EBF91BFFFDF2E509
E5F50EFFD4F2F512
E9030E0DF8FD141F
29080016F7ECF519
15FEF5EED8FD1EE3
13F8170FCE0DF722
29FDF5F3E90E00DF
0304F5F8E432E820
080AFFEAE31EE51B
4FEBF4FAF12E03F7
EBFFF807F7DDE619
F0ECFA0600FE1315
0EFBDF0910FD0707
2905050513E10FFB
F9FDEC150701E3E2
E6F1EBF4E5EFF9E4
DEFE07F10EF3F9FD
40DDFAE51236DFCF
1EEEDEF3ECE6090B
FCE7ED01D5190EF7
EFF8E802EFF8F0D6
FA05F7F611E423F8
DDF30CEEECE10D19
DBE804FDEAF82520
0BF2F3F121FA1C1D
1107F808E7FD09FD
0DF8F203DDF2E808
2DF70AF7DB100306
F2FAF5EFE0CEF9F3
ED0EEDEB1FD8EED4
E9001109FB05FCFF
FEF4E8F4FA170301
280C0BFF03DA12F3
F8FEF5E1F8FB05FF
23E4EDED1428FE30
1AED0EE5FC05ECF8
E42509FB081105DC
230BF9F805EB0CFA
1701FBF6D5040C05
1305F9FEED1CE4EA
F8F0FA01FF21D812
0CF9EBFFDFEBF6FE
020512EFDA020BE7
EBE9EDF4FA201AE1
30EC01F6FF1E00DE
0F1613F70F0EEB03
F92B0EF9E71BDAFC
38D6E1EF1802DFD5
F60FF7F5FB24FF27
FE0919FBF0320424
E9EAFEEA121E04EC
27141E0AF01C1BE9
0120FAEE030832D9
22E7FC061A082CE4
D20A07EFD6070907
0AEE0EFC45DAF5D5
3EE206095FFF021C
22FBF2F20C1E2004
DFECE2F32BF00AEE
D7ECE5F1192BF1F6
FAF80D0111EE0522
0E000BF730E7FCEA
16DDEAF0E8D50502
F7F0FA14E0DFF405
DF07E6EBE9EC22E1
A8CFE6F251F0F80D
27E4E2EF18E40920
DFE7F2EC1A0B31E4
09EFEBE800E530EE
E9FBF109F4F4371B
D0E9ED140A2C0A0B
C5E7ECF616030131
F6E208FDE4F2EDD3
FDDEF71004F60D01
12FCEEF8FDEE00EE
F2E2E601FC0905FC
DCF8FB0009FC03F2
27EDF70939050B00
FC060904EBF12831
E30800FE23001112
0FE9ECFA030301F8
F307F31AF6C0ED08
2A04081B14D709F4
EF06E01A19CDE718
F5F9F80218D7EEDD
EB0F1304F60D02FC
E1FC120FF9EA0800
EEDFF508DAF117F6
F1121E08D4D905E7
F7F4000415EA20D9
B908F8FC23FAF7E4
27FCDDF50405FA0F
12EB0F03D3DC0805
E1DB01F1E6101F11
19F0DEF3EDF10103
0BFF0DE918CC0307
DE0012F6E3040CDB
F40FFFF9DE1D07FA
FEFA12F7FAEAFA05
2BFFEC01221E17F7
08FFF704E4DFE9E8
1CF5FD00E9F409F6
46F80AFC0202FF0E
24020A061BFFFF2C
300D0E08E1FBF610
17F5FA0B220A0720
F91322F133FDFC21
1603F5FEE312E008
4C06FA1304E602DD
37F9070A2A1C08CE
F3EB030B310A10E1
E803000D09171BFE
13EAF6FDFCEE1FE9
F402F3FB1CD6FCE9
D7060505E7D401E5
0C03EF01F2D0FFF5
13070D0500D924EC
04DBEEF021E3FB11
1BF804F825DC1C15
D4FCFE1FD5CE0B0D
0D0BFC08F3E613F8
E9F2E2122BFD14ED
C902F9FA0A1805EC
D906220214FB2DF0
CF1110F112E50D08
14EF1C04E30110DB
0E18F6052FDE0E21
4B010F0AE4130813
2D14020EDF320D06
2913F202E513CDDC
40E41AFD041DD7F2
F1090511ED35DCD4
420515E0E8F3ECED
211025FE2307FCF9
E7FF13F1E32208FA
CEE809FA04F1E9FF
20E2E9091A0DF9FF
E514F8F90404FFD5
D6F2F0FC1EEBFC09
DB0202130204F2D8
28FA090A2BF9EBE5
D10BFB021CE6FFF0
05F801FA190CF001
3E0BE3FCF3E60726
FFFFFAC0000006F0
FFFFEC51000017A7
0000119000000A05
FFFFF3CE00001594
CF14FBEA1405EC2B
030E0A120508EDEC
D0D4FD1A0FF6140C
2C2226F0F4D8FF11
0716E7D9F110D6D4
1CFE0CD91AD7EFE3
DAFD12E000FCDD10
FA2B05E10BF10A1F
0421EFE11BD01ECE
FAC7F315F5D30A02
0DF5F429F20BDC11
C4F128F8EB1DF71C
E510F51AECDF01EF
F4FB0FF201E5D9E8
CFE1F5F6F7F4ED0B
1DFACDE1E5EEDFDB
ED08E9FF00D6FDE9
0F04FA08EE0FD003
0AF0F636060C044C
10FDDC21F31E0C53
EC10F820FC071E38
2611FE18FD17182D
19F809F7EF29E61D
151722090CF0DD0B
E1010BF9F5EFE61E
1E1A03F8FE0903F9
DCE4E6E7EDFE12D3
ED0F30F2F5F116F3
F6FCE9FD11EC29FC
F409EC170A23130A
000C1E030C17F716
D6071E03EAFF0CE9
1EDE180600EE1AF0
120DF0EAF8E915E9
10E6FA0FF4FDFECA
110001FC01FE020E
F410EF0706000620
E6EDFC0605011303
E1EAF91FF7F3F2EC
D900E61204F60BD9
102E052200E1090E
0F15E7FB0901FA02
ECF223E9F6190027
23FA23ED03D32A0F
16EC25E2F5E7F3FE
FBF400D210E00AFC
0C00DFE2E7FAFEE6
CEFEF3E9F10A03C9
1505F701EADAE301
FC0BF725F904EFFC
18E6020BF30AF1ED
2322EA17EBE3FA08
FF01CB05EDE9E709
F017F31709F7E2F9
18FBF3070A15EC09
02E209E3F321ED11
17F60BFF00F801FE
14EAF5ECE909F926
F9E8EE010410D2E6
1210F7110DF3E706
252320FAEE2B08F1
0EF203FF00130DFB
FA160AF503EAFE13
0820FE080F09FD25
1CF837F80F071519
E4F2140DF726F2DF
EDF6F106FFFE2224
EDEBEC02000D061D
11F41905F10FF811
022A15E30CE30125
F417071708EAFBF7
0E1A1317F5E6FE22
24E50FEE02FFF933
06F2312B0AFBF010
E80E03F0F8EF224D
BBF023E705F8EEF3
E21D31EC13EA08AB
3EF911D7FE09D7C9
2FE305E40410E5FD
12F4FAF6F51AEFDF
0EED10F20B26F1F6
D3E410FB0EDB2501
FCE7F50CEEF9E917
E3EA2FFFEBFDDB06
D40F20EAF6FC1106
F50904FDFED410F6
0BD7F516F1EE0032
E40A1915EC09F71D
EAEE16080C1130FE
1714FA2305F91CF5
2D03EF02E9241DF6
180AFBF9EA12DB09
02DCEDEDFA01FEF2
15FFF91AE8F50509
F3EFFF0D09F00303
E2F406F0EB17E40B
211207F1FCFDDBDC
2F20F60DF1010735
1719120D071D16F5
FEE0F802F6F7EE05
FBF716F3FFE8D410
F6EA0EECFAEBDAB9
F11229F5EAE4F119
0F020BF7ECE5F0FF
18F60305EC10DDFB
0AF805EDF8F1EF0C
1FF6F0E4EAD8D5FF
07FF1B25EDE8EE0C
D0FD20E9E80BDC0E
CF0E0617F119DCE9
CEF30AF9F20C21D7
1200F4F3E907DE00
EDEDC5E4131EFEF7
E20007E3FAEE04FE
E610F0F1EE2CFBF1
F31B240BF111FD07
C1E902DC0FEAEDE6
C81C2018E9081F04
F211DD0EFBDDE53D
F4F714160C04DC29
0BF7101B03E816DE
E5FCE1180EC80B06
F8F02B19EE02F2F7
CBE002050E013F02
DECE1338FFCBF20A
F8F0F72502CDE512
DB05FFE705F8120B
04FAF807EEDCE509
F701070AEE0EFCD7
E2032100FB20291A
E4EF1CE9F213EE17
16EB1ED3071DEE14
DAE5F603F90A29EC
07EE14E1F1DD030A
D40C0DE10400E534
2BFE25D9F6E8030B
C6DAFDF8E918E216
2FF023F0E9C8EAEA
070CF9ECF8D4ECFB
CDDBF7F704E6FF42
F4D8241108E1F01B
01FEE0E70F03FB0B
D60B10F1ED071814
FE16E90501F3FF1C
D8DF35EDFF360DFA
0111F80E04060725
F8DDEFEB09F81FF1
00F715EDFC12DA26
D9E10DE60A27F12B
32FEF0F110DC0BE0
E0EEEFF4F8FF0618
DF000FF2162113E8
ECFE10FB0515F8EC
F7EE2905F8F212D5
ECD628EFF80D0221
2ADDF8CDF0EAF614
091025E904E806E1
03D80FE6FB1FE9CD
F7D2E9E1F115F2CC
37FA21E7FAFED632
00FF14E313FBFF19
2302F0EA10F50BBF
E8ED52080B130220
060202FDF7051D31
F4F2081001D81D21
E2001926F8031303
FF0A071A0725E0EA
F805070F04EA05E9
E9E9090FFA0CF1E4
0F1CF0FDF7E8EACB
ED0EF810F5CEBAD0
14F60B15EAEB0BF7
FCF0F805EFF9170E
EBEFF20EEEE7FEEB
FBE22C07FA12EEF8
1409F904FE01FBF9
02F0F20A0AE7FB01
090301DE02F012D9
D50015FD0AFAF0E7
F60303D9F318E9E2
E9D02CE4084CF5CC
FEE52D03EE07C4EA
EEE02301EB15DCEB
0A030D211149E3F2
FD0BEE02FDF3D412
30FD33141218E90D
0EFAEF02FF2C130D
20DDF80B00D9E202
FAE70607F50AFCE7
FFEFD52A081907AD
DBFFF004070CDBCF
0D01DE1CF30FE9E9
2BFDDC031201E7DB
0426D3491E450DE1
F619B7391924FC06
1AFBF92203130FE9
F21EF2030D6111E0
EA01D0FB02D6E5DD
EE04DA160D1318E8
051BECF101FFDD19
0F1DF10EEB11F3F0
0FFB150EEEF1EE05
26EF13DEFC0E0103
050326EE0BEEFD24
1BEF0BDEFEDEE80A
13E6F6FC0AEA300A
E5F122EDFFE12415
D6F5EB26F0F9FBFD
C607DD0BFF16F6FD
D8E1D31204F001E3
02FDEA22171C280D
FD29DD121513F1E1
D41CF9100B0A2504
010E0B040712D5FE
2A10E6E803F5EBD8
F2F4F21714D717F7
EBE81203F60720FD
29F1EEF603EC110A
180B021DFEF9F233
D5FDF6F1FEF732EE
21EED8210B061C13
DAF2130FF4EC0421
DEF2DCF40AEE29E8
F707FB01F8124AF3
F5E7D714FC05EA40
ED11E702F8D6E0E8
0A18E6D30EDE131E
D9E6EA07092A12BA
280A0913120C0CE4
E30EE50BFFF2D408
2605F60E0A0CFD28
04FCE40115E222F4
0BF517FD13E3F801
210608180BFDE520
0AFD28F4FB310136
1EE51A230804F11C
04140E2010F01AEF
E205FCE0F83CF40D
07F2F0E006F0DDCE
011BFDF8FFEDF4E2
00D220E10B1AFE14
07FCE50E04EFEEE8
FAFC22E9FBDFD522
12D720E6E9D7290C
0AF416DCF20AF530
050118DFF904F2FD
18DB0DF3F80106CB
F4ECFBF2F1EC13E2
0805FFFCF608FB0C
23D7E31509FF1403
1CFF00ECF4252600
13F3FF17FA2110E3
13F91804F91F10CC
F008F90714071021
05D9FB16FFF0152A
F4FFDDE603362307
F9F30901F7E62C06
371002F412E90006
E4150CD9F02F2CFE
2006F7ECF6F60924
0DEA1AD216DA24EF
CFF9FDFBF504FF11
1617F6D911EB1202
FD11FAE40FEB130E
D5F4D321FFF0EAE3
06200EE300060310
E929010F21EBF915
FB0C0921F8F723DE
222DFC1314ED0325
2526E212FAEC0820
45FA12EC0329F1F1
03E820E71414F10B
0DF000FA051010D0
560BF5CC0414D5E5
E1FCDEE9F8D5EEE1
08EAE1CB0D20E7CB
6B32EE0FF444D925
0ACF1BFE11ECD4FE
CD0310E5F7F617E8
F8E00EE9FFFA02DA
FE11EAF20FE516E9
14E7DDFF04F6F905
CDF706E1F902F612
F0F7F9D80CFB073E
260AF0CDFFEA13F6
EBEE010E08FD17F3
DECEE3F9F50A08E8
F3DC1DE7F7EEDB1B
00000C88FFFFFE52
0000080B00000726
FFFFF6AD00000A44
000007080000145C
ED130723BED8FEF3
14EFFEF2EED3FE16
152031F746EC2712
F22C13FB010514E1
281F36ED06070E00
F7EE07211416CBD1
12F20116FA0DE1E0
2618091200EFE1FA
0B0201400C1401D9
FDE6E608DA15EAF7
E118040EE2FB2AE1
E0073B09BFEF0A23
F50712FD16161B14
F8FA0400FBEA0109
0005F0E72A0727E6
0C0A1F14F1001804
E210FF150E0300F8
1DF3FDE71605201F
F2E209D018090A1B
FAF40F18D7FBE61F
E0171DFAF0FD11C8
00F834EBEE001300
09E315F2BC152CF6
DA110424F52204D7
DDF61DFC1A10FB03
25F52100CF1418E1
22EC05F5B8301CD9
1BFB06FF1A2AE319
E3E9DA2513EEEA22
E6F8EC010E08DFF2
1AF6DA1A091B1401
1204EAFDDB23F810
FFF509EEE7EFE4F3
0104D7F5F91A2D05
F1181602E411FAEF
0C04FE1A1EE81AF2
011EF007FAF303F1
1B0CF4FAF8C1E6FC
1508CAC717DA0C16
0024FE00FC0BDA0D
DE13DDC0012212CC
F8F3E4E007F3FC14
0F0EE5F90B34D204
FE15DBECEC0C0503
18180B12F8F3F5E9
03F3D712F3F5D6EB
010407EB131005EC
08F236E5F2F7DC11
FD1BFDFA03E91A05
EE1D0E1405EED117
E7E73AEFFDEEDBFB
07E831FD15041F16
0F1704FB1C1B0427
2019E5F72A13F603
13F8EDF6EFCA27E6
E9E5FF0CEAEE0509
07000806F8CF0B2E
02F0FCDFE0CA16FE
10190022E0CD321D
EF1F1C1005C5001D
DDF8F2D2EFD4E4E7
EB0C12E8F7E21B1D
0001F4EE15DB0113
FD05071B673712FA
03F3E1FF1118FAFF
FFDAEDFCFAE5FE2A
FDF9FAE9401A0003
E81A061306E6F008
22180AE3F701DD07
15060EDB2906FF1D
0DF20AF5200BE9F9
ED07FDDC04EED610
061DF81513F3FA0C
2011142B0C050402
F20EEEF65011E804
05111FFE28F7DCDB
1D1EE309F400E3D7
1C1AF8C906E1E024
D5FC1A14FBDEC1FA
15EF00E7DEDAF806
17E407EFB8D4B9E8
FC1DE21E2DFC0521
02F9ECEF003DF7E1
F605D92460FD2B10
ED0DFAE7F0082AF2
06ECF00424052AEE
EDF7F23E0DEE0BF5
0CF9EB00F315F4FA
0D01F4F709191CE8
0DE7012CFE0B21E9
D7EFDFEBDFE3F4FB
EC110604B1F313EE
03FF1FF6C2EB080E
CBE8E8DADD1F28E4
DA190F16F00D1912
08E5EA1812F3FB1E
D3DAF407EEF1F7DF
E6EEF3F106FDEBFE
E8FEFCEBF414EC1F
ECF8F214ECCDE70E
F1EF07CBD4F0DAF1
000522E1EAE2ED10
F0FA26EA13F5E7EF
07EB2507EBEACBD9
1CF405FBC0E9F7F7
10023FEAE8D3FAF4
1A0AF5F201E21D12
FCEF0CC204190F1A
F6FFF010FB1CF12B
F10B08D10C33E40F
F8072759373234FB
06F6FAFF0E26D016
14EF0507D907F9EE
24122554FD07E70F
EBF70A0E2AFC0609
0CF10607E10A0AF2
05DBF92BF218D5F9
10E2FE14D2F916F7
23070A39FAE73B30
FC17F5E0C4E71FFD
DEFAF8FBF8083A02
E3DDCEF60DDE1A08
EF22E1E9EA0F47F6
EDF703E234DA08C4
0DD4F3001EDC510C
F21A00D719030620
1103F52205FEF219
0B04FEFEDDFB01FC
1AFF1608D1F4FAE3
0312E3E0EA06DFF9
12EF1A28F00FFF12
ECF7120506DFFE0A
00D80821FD100801
EB1EF103D40BF20D
1E10F60BEFEFDC07
FCF1E3DF33FF173E
06100AF51E200919
0504E015EEF90011
F8E302E6CDF70C19
E308DEE506E9EC01
1DF7E628F9F8BEE1
F305EBF3D80AD5F2
E51AF113DE0C0912
0C082102F8FCF6FE
0AEE16D500DD070A
14FFFB0404ECF704
08E90E02142E20F3
0DFBEC061E14F419
12FA19E8FD05FA17
26FF01FB3AEF0A0D
E8E6EFEA272D15F8
1EF10DEFD4FC1AF8
0AEAFB19F413F7FB
DAEF0DFE2411DEFA
EDF10CE1EF04F31A
F2FDDC18242204F3
01F8E8F82830D7E5
11FE100127F907F2
1204EAF7DCC5CBED
FA0A13130E0BEFF4
0F11E80F04F8E80A
EBE41B04D3F0FDE3
1203D60816F0F6F8
020240E82CF4F6EE
E00B35EFE02DDBD2
030027F4E71C23E1
03FB32E5180AFCED
F11AFBEB0E392DEB
F11C0D24EAE8F7F2
17FCFBE9FB07F5DF
02FCCD1A0F172402
E2F1D5F7173DFC03
0FE0C3E20F2501D4
1AFD2626F4DA11FF
E2EFD7FB5529EF19
EDEB29DC0D0A2213
07F6260B22E32005
0AFF00F1F4EB0EE3
0CE2DAFF1AF51305
000106EF16F406D1
F8FFF9080D06F7EB
FFF314FB3C1A0018
101418FF182A1E19
F9ED1520EBFA13FD
10F2E409CFE9141E
0AF7110BD0BC172C
EA0B2318D1DEE024
1DF727EF0EF80C38
1306061ED3F0F7F0
E2ECE926D7E92B23
E5E8FED4C9EDF418
F1FFE90317D60111
09E1E103FE151633
EAE4200F00E445F1
E6FDF010EB033DEF
F2EEDE0228EC241F
1706E2E80016FA28
E9000011382C10F5
E8F305DCDBF4EC25
03E61715C0D2E620
13FF1321EC11011B
DAFA5709FAFD11F2
EFE6142CF10BDADC
DEF321F9FD31E2F8
00162D2F0715E20A
1CED3A25D219D5FF
FBF1F9ECBB31D5FE
EBE5ED06C115E433
1108E1E2DE14F1FA
ECF5EF09F8021708
08F1EF060B1C15F0
080CFAEE29FD1DEE
E1000B1029012CF4
0DF4FBFA410E0DE4
0F0F0C073C2402E1
FE0713022A1B23EC
F3E1FA16D3CF15FE
EBE7DDEFDFDFF212
101EEBE40AE1D7CF
05DFE30BD6E3F715
DA04FFFFF6E806F3
E1001A01EEF3F7F2
D3FB04FC0B1DE900
E1F630DC25D6DBF3
FDF1E0031B04D5CB
FDF90D04E807B7F6
F00025F3CF01EC2D
090F02EDEFE7D900
06E903F4F401F614
1305EC09BC17D20A
E70A0100EC2400DE
F30D0A0DE6FFF4E7
FFF6F10426DB1EE4
01170BD80E03F6E1
EC560B0ADAE2FBE5
0B2306D0D6F41800
0407F4F22A09D90B
0731E8F9E2DF03E1
F51EDFC80B0A19F8
24F0FCE5EF05030E
EA08EAF9FAFC0304
1C30F7DC22E81008
0FEBF60D0918F1FF
F20FE1EBE30BC70F
000F0E11E809E0F6
09D318CE03E000F3
F4ED04F7D0D7E929
DF090FD914E71004
E70CE8ECF1F307FF
0BF3ED07E1E72908
08F5FA1CF9D423E7
D504DFF70DEA0628
0D37EFCDD6120911
1E1001E6F7F11CF5
1337EA051FECD51A
E1F22BCBFC16F107
0B0AFF00FF0F1708
091BEB18E6FDE3D8
050BF9FC021FB8EB
031CE4EBB130D6E3
0121EF1FD42CFFD8
1BFBF21AE8E72AE8
0403F23805F7DC00
E10510E10ACA05E7
F1DF092BFE0120DC
E60B15191B041BDF
FCE00C2AEFF3E6FB
F60A1717F5FFFCDC
F91724E80806D9D1
101EFE040420C5F7
F4241AFC1E07060B
18F11BCC10F80C18
F1F4F1F5F012E625
F9FBE60DC4C5B313
2301C7D404E2D247
FF07F8F3F8D80617
E1F8D9E3E6D8F7EB
F61F12F3F008F93D
0EFDF4FAE5D81314
F3DF17F0D8FAD3F6
0517F71E02FFF403
F3F92AFB1013FC1D
15FCDB0BE0FCD3E9
E7050B27D303D821
EAFE1321DB19DC13
EFFD1B21FBE1F6EF
D7E62C18D706FDE8
10F5E1FCF8FBE80B
00000A04FFFFFDEA
000010A800000AEE
FFFFFB09000004F3
0000091400000190
F8EFFFFF120C49E7
12F6FEF21624C821
E1E1FE02D11CE939
FD01FBF3F628301E
01F20F1FF221DF30
C3CA0216FC08E02E
E6FBF812FE1BF307
18D8FD07332CF919
EACF081A0214E82E
1AFDF7F6DE03301D
FFEBF5190C12EA1A
04050D10E4EEF0E2
DFDFE7E40201F441
050400F9F7F2F60C
E205FC07100EE3F7
FDE2F705E900E519
00F9F414FE030226
E2DEFF0F010F1CF8
210D0001201423D8
0AF9FE0C261226FC
DCFDF2D7F1ED27D9
F715EEDCF40A00EE
31F2F9170D1210CA
0BE6EAE018EDFF28
0AF318DDE91B03C6
28FA11F0FE08F3DD
1C0C150FE21CF8C5
F005FB0402FC071E
C8ED10E8FD051D12
FE0D1201ECEF17E6
D8F7F916E7FAFBE5
25E40FFDF4FFF309
FDEBFB1A0BE5F1D4
F5ED180B04EDEEFC
15EDEE0915FF1AF9
2AFF0E0DEB03FA11
0EFA14061823F5F2
F606F31BF41AD8F6
DEF2F3F10933EC04
F00E000E0E05C2F8
06050AF6DE0DE7DB
1700001BFB0DEE0A
1F12E40C2404D209
F1D2F6EFFB09DAC9
FD0FEC0F041508F3
ECF1FD1C230C3EF8
C3FF030016F710DC
F8E91115001C060D
01DD120BF70103E8
E4E4FB06E8F10413
E7EC260117000515
12E8EEF4E9F7E6F8
04DDEDEA11E90D14
03EC151E09F4DC13
0623F4F3E0F604B6
2CFEFB06CBFB1DDE
0BF10711DAFDE2EA
F808FCCFCFE6FCEB
1607E6EA0EEBE804
2208E302F3FC0509
0C27EAFC04E200E5
030DD304EDE7F804
D117F306DFF3DA09
06EEF5231F0A0F2E
D01DEC0DFEF43117
0FE700000FF1EADA
1308230C2024F015
E1F101F50BFF31E1
0B060E0E0F0CDDF5
14F10A26EE180510
DE1AF4FC13F1F210
F6FDF7FCF5F4F3FE
0EFDFB06F8F20015
19F80A0218140229
EFEC04000B0CD611
C903EB10DDF2F12E
000C081527EEF924
0AE0FF041001D015
F819E4F6EBDDFA08
EF10D51303E3EED3
0B24FCF9DEF1DBA9
17FA0ECBFDFDF729
F51A05DFEDF90E31
E71101FBD3FD29F9
DF0EEEF41EFB1447
0DE9FADFF8132009
02E0F70507060702
F10AF5FBE708EB33
D317FC00F5FF1300
1601FF13ED0333F9
E1E101E005D6DCE1
DFDBF4F5E7EE10E9
FB0605FC03FACFF2
2DF9F4D7E4EEF9D7
1303F7FF19E4141D
FF1113E114E7E703
FEFAF7E2E1EBEAE5
0504F5EAFA01F3D2
F718F0EED3F9FFF4
0BFD0DFAE9FE47E2
1809FAF4FE0F1DDE
0301FE0BECF9D5CC
F1091EF4F8F301F6
0702EC14F6021902
16E7FE0A0903DBE4
F30002EBFEF50804
FBE708F411F205EE
0E051605E7FDC917
0E31FCE5180DFB23
2E11F805F20E2709
04F0E80D05013EE5
E515EDDA1809E6F9
F314160A13FC01D1
E9F3FD02F3F72D0F
F30815E4F80B2312
F20207E51F130DDB
ED12FE12F60E3DE9
FAF91DDE07E620BD
10E5161A0DEA16CB
15040CD8FDEADDFB
40E6FFF3FAE8FEC0
2BF7FFF0E2E909DD
22E8F4CFF1E7D9F2
3EF40F19F4E9F545
47EC07FFE5060F06
0701011108E714D8
19F70706E10118FF
FDEC00EDE41DF3DE
060CF712FB122406
DAF514060CF308EF
F5F4FAFCE3051206
02F00FECDEFF20F6
D804FCE2D7041BE3
15120DF2F2F50CCF
F5E504E1F111E618
29F510E60ADFECEA
03F009E3F5F3FB06
0BEC07F10EF82C01
EBEFFFD9F6E0D609
01F7FDF8F8EDF6F8
03E5F50912FE3703
D40A0CFEF8EAE5EA
E801E0DBF0FE3D2D
EAE9EB00FB0D2C01
1EFDF4FCE8EEF006
131B0DFDD30130DA
EA17FF0400090211
ED0609F3F1FCFFFE
2202EFFBEFEF191D
E5F3EB0D1FFFE3D6
D81BEA0CF8092114
1114E7E8FF1F0401
F91CD2040316070E
E303F5DAE3F6F308
E70F0927CAFAD523
D7FE0F06FDF90EF3
D211F5071AED09EB
FC09F3F6EF0FD8E5
E318EBFEF9072DD6
E41FF1E6F61613EA
C31AFC0F19F10DE9
EAF9E0F5EFFEF919
E21CEEEA10043028
D809FB3608EED70C
C01DF723FA0700E2
0101E406F606D2EA
F30EFF0B1E10DCF1
F500E70D0420EBF6
F6210306211FDE02
19D9F305161AF229
2C17F40C111319D6
F4F8EB01EEF7E825
FE120621FA02DAEC
230DE811040228EF
37F4E6F829ECFBF2
3AEA1F031600EFD2
3B0D01192AE0FF04
F8F204EF12EED2E3
050AFA0945062A07
FA22FA0D0009D7F4
322609EE06F2D413
3414F409DC12E5ED
1D18F61209F4F60D
1B08E6F207FA06DB
F1DE04131C0D06F8
170AF00DF1EEE7E9
0215F0FADDF0F71E
BDF7FB09E2F0C610
D310DC1CF0F9F6F0
00180BF22D07FED1
FCF5E5010BF2F4C2
09040AFD1FF2E911
12FCDDE0F2D7EE0B
06EBFF0FF3F90E06
2BFFEF05F6EC1602
1F11F1FCEAFEF31D
F1F9F3FE1F081C08
121CF6040511D80C
DF02F7F308F9E6EC
F2E4030B21F4FAEE
1401E8F506E9F9FC
D90AEEF3F3F42BE5
E7EFFE04FA10211F
DAE9F10BFBF9DB06
E1E302F0E50436ED
04D0F9E014201DE3
FA1BD6F8E011DE1A
F00B08DB0E1A00E6
FEFC020A02F6E702
FCFAF9EF100B01E4
4CF4F0DC0E0CF302
38E6F50EF604EB2A
01DFEC0E020A1D2D
FDE8F9010211FA23
2A210910060E1E24
3610F6FC0208E4FA
DFFBECE8F4F615F1
EE0008FBF7F9D8F5
DF0EEF07D70DF9EB
08FC00E3F7DA0DE2
07F0FC0308FD0AF8
17E3EB15F3EC1706
FDE6F8E9EAE20412
EEE5160514EF010C
E1FEEDF80BED0000
FDC7160F0202E5F3
CD0318F31E14E6E7
E5FF14ED22000E1A
CDF204EB04E8FF06
D8F10EED0112EFD9
ECE4FBEDEC0AF805
030105FBF9062CE2
E1FDF7F8E9FEF631
0AF804EB1EEBEC15
D8EAF7FAFA0CF72B
28FDFC0BE8240558
35E70B2DFA2FCF37
0314E7E0DD1A103E
F105FB03E504C814
06D8E03AE61DECDC
0009F1FD0E08F1F3
E3E5D611EE11EFEE
E1E5F718E417F5E8
E0F9F90ADD07E60D
D800F2E9D9FF03CA
EA06F5EEF3EED7D8
D7E0F3EC0EED1B04
EB08F3F0E9E5F5EA
1902FFF4DAEC0BFF
E9FEF8F1DEF01202
E6F1EE03E2F1F502
E805FCFBD313EBE3
ED02F2070A12EDD5
26F810F9E9EFC301
0BFCF1180FF713F2
DB07FFFDFF19FCEE
12E00721FDFF1DDB
05FEF1EC081F2326
BF070DFD0BFEFBD7
C0F209FB1611FDD4
DC0417160FFA09F7
DFEFFBFEFFF95F0E
E0E217F237F2502F
F0EC1E151017FC44
E6F9FBF81DFA19C5
0DCD1AF536FA3104
E9EC1CF8F7EEF813
EB060B06E6E7140D
F70A00100E01F4F5
D40E09E725FC291E
122218170703EF01
EAEE1607D305E1FA
15050E0A0412EC22
FFFB02F41613C0E2
EB03DF070F12E7E0
D8E501FCDC01E0FC
EC16F206F8EC0F0E
200AF000E4EE03E7
FE17E5F0F3EDF104
D8E6EDFDF9E9151A
EFEFEAE4FD0214E9
D0050FE0EBF6F1F4
EAF0F6E110011EF6
1012EEDEE20817F1
E80700FCF60DE0E6
E8F3ECF0E10027FA
0A02EA0111ECFFFC
04F80BD111021C15
0000033200000DD1
00000D6C0000039D
0000145A00000BDC
000012DC00001228
F0E2F72D2209D115
20ECC0D80E34D833
F7F1BDF00806DD15
FCE2181E102DC80B
06EA0C080520DB11
F4D2E4E6E9E6D125
E820D011EDF60509
11E9F5E9160E1BFE
E2E71A08180F0B20
01D424030F1C0E08
F9071F021916F4F7
00D5FE0BF90F03D5
12F8EED82415DF25
DDF918E90E1AD2F4
0CF0EEFCDD0EF1E2
20F9F307FF321205
DCF3F1F71916DCFB
00001FE1D8170FE6
1AEBF7EEF015238B
26DB0E31C7DBE0B8
ED11F50AFE23FB2C
0D071A220E21E5BE
15E10A0FF22E1B03
04D41CF6E6EFE50A
E81FF513FEFCFEF4
0AD611FB140F1C14
29DD020DEAED14D9
ECEA27F115E2CF1B
12F925ED1D23E820
E7041F1BFBDDFC01
0B1D19E4E4E919EB
10ED17E011EA1103
042CF8DC00180F07
09FCE3EC04ED0C03
0A062306FF1C04F5
D40212E6DBF50CE9
1A123CEAD0171FFD
EE032713D72AFD1D
E8162901F74DEB0B
E9181F200506EFD9
EF16E8F8DAFDD8B4
FDD3241C08F7B3D9
0A190307D8CA31D2
E418D727050900CD
E7E8332D06130AED
ECD5FDEA1510F4F3
270EEBD7E9DAF211
F912EAEDEAEB1426
F2DDEAEEF10CD509
1CEE01E5DD0E13FF
0708C7FAF2E8E543
FF0CF3F215E71819
1114F223EDE0DC30
D824100A13F9DD32
0A2BE92B0BC5FBDB
F7160710F9D1DE08
1E2C3729200EDD24
1613F1F5EF28B9EF
E7F1260200F0E9E9
EF2A062314D9E123
032CF6DFF600F0F4
EFE40C1AF510ED1A
C1560EE62BFBF3D1
1C0B31230AEDF955
171614211AEFD81B
FE0B1DF8CF0ADBFF
F5DF1FFFFB022312
06EDF1F916EC0106
FEF3F2F0BFEF06CA
F8DC02E22202EF15
1606F1FF1011EE0F
02040A00C5E2F412
1EE72F231DD72518
28B948FBF517DB44
FAFC2E22DE20FEF1
02FDDF25E7D10E0C
F1FBDBF8DFF5F7F9
D30C3FF0ECF916E6
F533131CF3CFFAF7
E20500D5D90209E6
CF0B1B05FCF700DC
14E9121CF50612D4
EBF306F3F52FE8E7
151B02F2F4F5F4D2
EEC10A25EEF0F06A
F1F201F4F7072FF8
FBC8F4E00EDA18F2
E5DA10EC1C06E73F
06EF0A25CD2CF102
08D80F01DEFAF302
0C1823C9F3D3E7B8
08E1161509F103C7
E105DAE6E305EFD9
F31608FAEE0AC8DF
16030F16E509D8E8
D82813DC0725D005
052D1BE9C9ED15CF
010DFFE50C0915DC
0A2AF1131D09FDF6
02EF2BDC08FC10FF
2FCC04FEF70A33D8
EA1527E7EFF014E4
2C01EBF8F504D5DF
132DF6EA10E8E7FC
EAD506D10DFEEAD0
F60801180904F3DB
0C19E4272212F016
E9FB570AE3FD1C0A
FB2ACC2CD020ECC7
22F2E8E3F62CCCF0
3204D6DA0BF1ECFF
F9EBF7FC0113340B
F3F016F0E61433F6
3BFCCCD908F24E03
F6EC09F416C40012
33E60EF0EDE2FF4E
34D9FAE9431C0933
3EFC05B6000409D1
0E0EFBF918FC17EC
DDEF0F3AE5140CEA
E71A061F2312C5E6
D8EC30E4F70EEBB1
C4E2EF07FF1EC8D8
E7E5F1EAF620E639
F1BEEAE10B41DB43
29F2D8110E07F3E2
ED01E61D1410E4E6
2911170FDBEA1B01
20F211F6EF15EA03
EB151C00E8FFE627
17DDD919FBCFF530
01E7151419FEB90A
26ED19F3F2CE0EF2
12E4EBF1FD06D515
0DDE0126F71DF8CF
F6FEFEFF0DE62BFF
C315F817F2FB12F5
F5D91607EC0431D5
C71112F8FE05121A
0616171806012A27
1FF4E7121DEA2AE3
FE0A16EF10D825F9
FBFB09F0E31D1202
13F605F909F4F2FE
F632FC05DDFDC9F1
06F3FD13092CD013
EC1DEE25F1F7EFF6
06EB0CF80DF0FCFD
020636EB0214F6E9
DD2009E6E1E537C5
08040AF7EEE210F1
F135072F09B9FD17
0EE8FD060E04EDD0
F808E6E40518E1E6
EEF1DF09F3F603ED
1227F7ECF4EA1BDF
E60F2205F8D4EF28
FAE6EBDC0DF5F616
242E151915F1FA02
DBF1F306F3E92905
29021E14FEE4F305
CFEDEEDDE1F6F326
1CE81B2806E516F6
FCF2FC04EF0FFEEC
FDDF11D80601EAD9
4322B816E34DE719
F203E1E7EA4608EA
E2DF01F2F33008FC
0CECE10EF5190313
E20D06F815EAF806
E6160E05EEDFEAF3
E62731DA0216F31D
02E4F00B01E6F8F4
2AF71AEB0ED2ECEB
EB1D13CD1E271614
FC0F11E8E70235FE
29ED2BD9EF19EE24
F60E0DFF08EE371B
FBE403DAFAD21A06
D5DDD7F7F5D00F1D
E73B0EEAD3EA0FEB
0D3603F8F1050703
F9DCFD0EE428FC1A
130AD620F3E40B12
FC352CE5340D42DE
0F080501DDD9570F
1AF80000212BDAF6
FE330CF6100CD6F1
FA13FBF530E3FEBA
121615E4F4D305DD
F5FEC1D2FDE80CF5
D71DC504EBCF18F9
161FD8BFFF3EC639
FC11FDE51914A82E
341A00EB220FBB0E
F004F7F40B3D1022
FB14C4EAED03CC20
F502D0E31102E3F3
FE24FEF5D0F716FE
010CEDD515E5F3F4
020804FAE918F5E6
11F614131030BF00
35DDF3D71725C2D9
03E6EA044F0ED61E
36E6081D1FCF29FC
4814FCFBE8EB1939
C6F21FFA13DBFEF1
EEFEF9EC1235281E
EDF1E0E8D5EC001C
23DCC6F70513F71F
FE1A11E80635EA0F
F5E3E8F00C4BBFFE
05DBD7F703F4E13E
26040F1B08420708
15C7F916DE050BF8
2B0CFBD7182E4F3A
F4EB20CB030528E0
F2F2EA260AD21F45
D5FD0B07EB1D1E24
EB03E7FC12EDC320
CFEDD3FEF7EBE829
D3EED92EF1C2D6F4
F412F5DFFEF4CCF5
0C0906010911D9F5
FFF810EAF005E7D3
FAE0F80108F1E3E6
0ECF11F91108EDE8
1F14DA0418EC1EE8
D1E8E83117E63ABB
06D3031B1410E8FB
3BF0D3432DEFDFEA
FBFFD618D71008CC
47DED8E7FE12351A
EF0424FF0F032215
F5183556E10C2846
D627CC0AE41E0030
E2F9DFE0DD3AEB0C
EFE2F12EEC3AE947
C4E49D1ADFE6E7FA
F5DDF31AE619F5ED
CD011617FB13E1EC
01FCEC230DDB04FC
1603F001EA1BFD04
EE1AF6F2F31BCCE4
19043312CFD10CE4
F0E503140B05B8DD
F006EB00C3E8D7F8
E817F2E3FDEC112F
FA3001060E09FDF3
160913EFFE02E913
06170907E70C0FF6
0624FE0F1A0BF209
252BF73DF821C0F3
E2F90403DDE4E9FA
EC1DED07FF200122
E91E02C100EFEF1B
F91326101AD7DDEA
28F845280018EC15
F6EBFBDAF6E6189A
EFEF2BF7D1E01915
1AD7021005E9140C
46C9FCDE2EFE0239
4EF5D80D32A80754
DDC4F7000FD8024B
0A14EEE01C17F8E7
FCD700DBF2D0E7E1
F3EFF5E3EBF7F410
1616E5C907200F2C
F1F107F821250902
1D02D616FFFCF90C
2543D40100C9F527
E60B0DF0BED21D1B
165802D60B17E71C
C726C3EA07FA27F9
202114F5F8EAF2D2
FF46F7FE2E2403F6
06140AFEC1F5B2DE
0C3D0F0FEE24F208
F21F0B2518E6F81C
DEF6E70BEEE2F1DE
06F602E0D30FDEFB
FCE0D5F2E8D632FD
FB0A080C18FA0EFA
16F6D60BF7071FC3
F00DECE2DACE2703
01F616EFF2EED3EE
0EF50717FF0C13F7
180E12F6DD1325FE
00001AEDFFFFFE1D
00000F4FFFFFFEB6
FFFFFF0C00000B75
FFFFFE2C00000252
DEF21CDFF0F9E3EA
27E4111515C20FBC
25DAE90B2B002FCD
18BE19F603EB15F6
2DF00901FBE323E9
08F20A222CD4F20C
15080DF2E1071204
0606DFDA17DF3205
0D07F2FDFBF80712
1D0A16D4F1F801E3
0B00EB36FF02E20F
D5FED827F5F1E0E1
28FC13EE0F0D36F4
000921F103F8E509
DA0FF712EDD6F1F8
270BDECE000821DC
160EEEDBF700F1E8
D4FDE304FC09CDFB
CC19D6210EF6B201
360BF5DBEBF0DE00
0EF303C6EC03FBF8
2EDEE20F0B16BC29
EB200DDC0C18D8EA
F2F210B4F905F901
460530FC08EFF5F9
0B221CE21215DEF8
130F1A0BFDE802FA
F80BEEF5F702FB28
F11305F5F2F71EE1
F610E3E80FF8E706
FD01EB36F1ED07F9
17E1DF0DFDF405FE
0507F21EE8FCEFE8
18EE2209F1EE1E26
2AFA163018ED1D18
1A08111E1318091F
DBEC19F41FE0F527
BDEEEDDD340E1E1D
E4CFF1101B091A36
D4ED1044F20912E8
F3DD02E826F70311
0BE90000FFF10800
CBEFD913F336CF20
FDEFF60BF6F2F3FB
02EAF5EC02E7F016
1006192000E60BEC
5FE00EFA19020417
04D900FDEBCEF90C
1BEA060CEAEDEAF7
31EF08FBE6F903E5
E7D1072EFD08F100
080F170D0DDDF4E0
070DF5EBDFD310FC
DDFFD917FA0D2DF4
020705E7FEDFFE14
29EFFDED05EF03EE
17F206E103E8D9EA
FEDC04FAE2F4D6E8
EDD0EB0C09DAF9FF
E1CF02F8F0FB19DC
00C214D2041DF5F7
F2D61DDF11E030F4
02FBF610ED220E02
0D08313502D72714
131A03221E06DA01
EAE7FC050F0906F2
E21D0BF209DA360F
E7F6073FF5F8EFFA
F207ED1000E8FFE5
0BDF251717DFF302
FB1420E804DC0CFE
D704EE2C0812E736
2B1842090116F00C
F7082E011D1C2B16
08FBFD241A01F91C
3227F1CEFCED31E9
EEFD0305101E37DC
E9FA15191AEA19EC
E10811FBE52201ED
2200C304FEFF02DA
CDE6EBFF1F06CB09
01FBF2DA041EF9F3
2F2300F91829E7DE
EC1D0551FEF40F0F
2CDF161F061204EA
3D150CE7FAFAFEDF
2602EC2F04E1E6E9
3F1A2412EC0C4823
39FD280D01F608E9
F6EB0E180F23BEEB
F4DBE4C5D7D8E428
02EDE7C8E4FEF823
E1F1FBDBEA08D503
09FCFDDDFF07C01A
D6F1010EF213E9F3
E408D9F1EE0B00CB
F317E5D1E7F2E4EB
DE10F4DBF1F4DA0F
D9DDFDE8F8FAF4F6
1DECFC1404D3D5E8
22DD030DF7E4E223
26F1D8ECE8EC0A22
44FA1EFDF3F9E3E6
E900252BE5FEDAEA
0AD0EF11FFDDD7F0
0EF4F9FEFA15F6ED
E1FDECCBF210F920
DFD6EDDC1A0EFA21
F825C5CFEC20F4FA
2A14E6F805311809
23171A05ED19F9FD
2606F815E116FC10
25F4FFFF0BF5F5E4
1BE4E908CDFAFF0D
39FC0A110C0DE8E8
1F2102FE161823F9
FD191129E41AE1F5
0AE6FBE91602F515
1AE3FED40EFEE704
F0C6F6BCFC10E501
261606FC0CF7DF0C
EC12E12111EACEE3
CAF7EF20ED0FEF1A
05020AF005F41E0C
21F8E3080707DEF3
15FA21E1DCF3F1FE
E60102D3F2FCEA17
36021FEAEBF61721
1807EF00FAF90AFE
E2072829F3F2020A
27F22F0BF10BF713
2D062606FF021AFD
19F1280D180DF1E5
28EF02F6FDE315DD
FD0526F0E2ED0D1B
D0FBDCB4FBEFE91E
FAFDE2EBF5FBF2FA
FE1D00EE130A0EFB
0FEAF9130116F6EE
F60609F5FB0EE513
E70B0206FBF6E1E9
000C0FD4DFE5FBFE
4CECFEE1F708070F
E20211E2F8040210
00EF0DD41F06DEFC
28FC16272022FCED
2D1FFEE60416F9FE
0FF814E9E30708F5
38181BF2010FED08
26EBF33A1EF5D8EE
2617EE12EE231DF5
12F9E01AF411F411
F2F721DF1BFBCE0D
18DFDAFCF90DE9ED
E3E40F0C001EEEF0
E72304FE061C1703
042EF9F7EE050B01
091EE7F8030B23FC
F2F1D7F416F9FAF3
F64711F0E7F3181A
1DFADE170E1200F0
E907D4F10408F8FD
FDF2F3D30C0A0FFC
27F1250EE3F11509
E5F9E730F419E9EC
12EBDAC10EEDCFEA
E713E90BFADF05EF
E2FAFC14EE06E0F2
FD0EE0EBFDDB18FB
CF0FED0CE5F00C01
F2F7E225020FE5FE
BAC607EAEEFF29FF
0C14FB09E6151A2B
1438FA2DE90A13FC
073913D8EAFAE20F
05420BEA00F4F113
E4041DE4E7F3E513
D537F8DCF1FA04F4
150513F5FC2806F9
D6F4FB08E8FDDF13
DA091CEDF904CDF0
141E09FD1F12DFF1
302F000AF4110EDC
CEE1F6E7F0F8F6EC
E9E7E616EDF0E200
06CEF92E0D00D601
01F8E723E448FCEF
E2E9FA1F0209F2D6
DCE409E0FD1D00F1
C1F3F1EED80F0FCE
E5F6EE26D3EE04E1
FFF6DC07E4F006DF
C3FBE30FEBFFEEE1
001A0F1BFEE40D19
F0F61628FA2403F4
D4290ED9F61D36E3
E9EA0A0BF32B562A
F019F50EF4F2F6FB
16EADEDBDDE8F006
22E910EAF8E9F8F6
12F00C080103F9E8
4C09F131E4EAC6E3
20F6F5E7FE14FF08
F6FEF8030500EAF1
0A231AE2E2CF0225
391B09EF1704F603
06F9F9D818FD1705
D6EE07DE0E10EEDA
F3D408FCF8E9F4F9
FDF5EAE7F2F704F7
0A081D4810DD06D6
0921E92CFC1728D9
161A25210503160E
06F52531F20F31F6
E4180208FBF21EE1
131CFF21F3042AFD
042215D9F0F90FF2
EDC919D70CFC07D9
0BCED60FFDEF14FF
F6D3F90FF0E200F2
01F5131C1DF50FFF
F6D30D0EEFDFFDF5
1D151D0BFE022D06
00F8F4F41AE8EDE3
24F3FDF40F03FC04
28181E1BF8E9D9F7
ECF2F6F01DEE080A
EFF908F202F00213
D51CD72AF509EBF6
FBE4DCDDFEF00BEC
ECEFFEFCF9DD08D3
0D01123903E31E10
EA0101EA09E9F727
D41216FC00121C0E
DFEEF3E21B0F38E9
01F7EFE424132410
05EBD93725FBFDEF
02CBE0F7081A45F8
D9D1E42E1D0A34DA
D307EB19F9F322FA
E0E8CB06041C2A24
0DF6DCFB06F7FA0C
FB02E50705F1D213
DDDC1A01E713EA1B
FEF302E606FCF80C
13FCF300F5F9F3E9
2BE92F051501FCEF
2FF81ADDFDDCF718
01012CE9F0FCE504
21ED0C0E120EF81D
29F01017F9DC122A
17ECF22DEB19FA2C
020FE83AFE0110EC
F6EEF2F003F010EE
FFD7F8CAF70017F1
06060FECF31AF2EA
F7F31913EFE712EF
07F411F51BE61EE9
FD2EF045FEF2E419
07EBF72515F30B03
EE1A1305F9D6D628
0513201FF6C62401
3F071DC201CF1D17
13260DD2FEF514FB
FCFC04FDDFD41FF3
0AFEDF2803F2202D
EA0B1516F8F5020B
06F4CE01FBDFC239
4BF8F814EDFCDB00
17FC040D1CEFEB25
2C171A0EE80DFCF3
FA300E0AE10209EE
1FEA01E816F50EE9
F5F0DA1BFF09DFFA
08D7BCE0F9EC2701
E8E1D1DD08EAE918
DBD2E0D8EB0EC718
0DEADCD8DBE8CE0A
0515E1D7F7FAF039
FB00F31EF1EEF4EB
25072BDB0817EFE8
FCF93502F50EEC16
12F1F109FAEAE7EA
37E407E6EDFA1703
0503E2C71E08EB0F
13F7FCDB0D08F202
29F1291A0AEAE804
250A04FD0CDBE3E1
00000C3600000BED
00000B3600001257
0000034800000505
FFFFE97000001301
F3F9D6D3F20EFB04
18E912DFDAF8EAC9
1C1B0106D9EC25E1
FEF6EDE4D2FD00C6
EA27DACBBA0FFFDB
FF0703F113F22516
F401E9D3CDE80EE1
091AF4E6EFF51BDB
1325E50E20D30EE4
01F403F3DEE906F5
1E1015250CFC04F1
07F104F30321F909
0803F321FFDD04F9
FF240EE0DCE3E615
110AFA19EA0918E9
E3F2F7400D0F06F2
1D050C33231B1620
01DD10EE1BE7F0DC
E8D1062CDAF2F9E8
18DD1AF613E7FF0F
F0F31503CCDB2612
CECF240819EF0806
08E70A11BFE906E4
03BF0F40F102FC18
0CFBF711EC0BFD1C
F7EEE2EBDAF42F2F
F3DC1A102200FBE5
0E0FEEE4BFE21734
DA2CFC1EDCF70A12
FCDFF4E9CE072727
15030406220BFBF0
0900F5050114F303
D33902EF1B130FE8
E1F31A25DE0615D8
1CE1190EEAEC15BF
1C041FE5F1F7EBF4
1AE700BD28FF0422
DD1AFDA70D0506F1
3617F5810503DDE5
0405E8361EEBEB18
06F4F32C0004E815
F3E1F139DF0FEC3B
1917E918FFF0FAE2
14F1CFE62FF6EAF5
FEFAFD1F1504F03E
1E11DF1CCCEDE8CF
FB1502CEFD100BE7
180CF3E2052205E5
1415FF02FAFCD6F5
DF1E0502E6EAF706
EA39ECE1F41C06DE
03E5EFE4D9131424
1BF8233301FC05E8
F52F07DDCEF9F9FE
F8E207E42C3DDF01
DBF2FDE5E4001714
E2E5162AFBFA0500
F9D5F9F513241325
16F7ED25F6150901
1C220613E7050931
EE0AF6FAFA16131F
1BF8F9F4DDF0FC1A
EBFEE5F5FB0B1806
06450FC6F9FF08F7
1739EFE5E8E12A2F
1F0FF20DD1FBF011
0523FF12DDD903DA
0C1DFAF5D2E406DD
19FB14F903DE08D0
101213EBDBF30220
0C20FAFD140C1021
FA180010F7F21707
160C1D6F19EE1416
18091E3B2400EBEC
051310FAF6EEFDF9
2024140DECDEFA2E
1214EAFD0A0A0C00
13E7F0180DBC1E1D
02F9F7F50BE60A02
0BD7FF0AEA16DD09
1BCBF0D5FAE7DD10
F5CAFA350EECE206
FB0709D6D5F6ECE5
F70D1414F1E8E5FD
F7070A0B0EF8F7F9
0631E7220CD51009
F0FBEB0C03F9FAE7
0909FDFCD5FFEF00
011EF8462DF4E7EE
E6E7E811EE090709
D6C907F8D80BD435
EEC0EBB6D706E0DC
EFAC130ECAF3FA17
E8EB1C04F8EADB29
0FDCFBFEF80211E8
E4E6010DFEFCF822
E4DFEE04EF07DC0B
F0E7E107FD13E7FC
D1F5FB052B2DED0D
DAE403EC150FEDF9
FFDDF9B3F4090319
08CE0283EC0406F1
DA0AEFFDFA14ECF6
F7E80A0BE3F9070C
0406042FEFE61224
DC03F8E5F8F20F02
EEDC120C16DA2DF4
E5EDFB1D1FFA2C11
FAF30B6123E304F3
E9E7F13DFEE7E9E2
FBECF10AFFFB10EB
09E3E2131D22EBC8
0F13DDF70FF402DF
DBFAE92C0BEF0DE6
020503E3EC1F05F3
0032EE27E31315F7
0CF2E51127F100E1
D7F20BF3020902DD
01CE01DF2AF406F0
C1B7F4EAEC15E5DB
D903FBFBF2E5F0D2
21F6EB18101F1F15
10EA0EF6EB1B2C12
E02C10EF38DAE8CD
0016FFE10DE0FC11
0B1001B731F81A14
E115FEDA180702E8
05FA0A09FCF21A15
1EE40BD4FF070E05
062BF5E5EFEE0821
F8FB070AF6E3F319
1111FB0ADB0D30E5
07DA110ED5E00924
060BEE30EF1A3B07
EDEBE9EA0A0A3AFF
05D8003229FDF5FF
E7DDF91D15DAE721
FDE00F51FD25EEF8
EE25EBCFEC10E0DF
0FF2D6CFF1DBFBFD
0104F82D15E1F2DA
DD080F1814FE06F4
16F1EFECF4090515
002614D7FCEFF2DB
07EB182911EA0708
181F2819EFED0018
F71B16E60BDE04E0
1B03F7F922F107D9
FC34F601210E151B
0FECFA1016F51E0D
1C04E4DEF32B01E8
000303D4EF240CF6
E900E13413152714
EEF0E75215FA07F5
1AF4FCFD07DAFDDA
18F5EEB701D60306
D905F82C310203CC
08E6F0ED1DE2F1DC
010612C0FECEF0FE
03DEF4D6D22C07E2
FC01F1E712F9EB21
141FDEE80F15FCF7
E422E8E2E8F809D8
3802DB22CFDBE9FB
17EA0306CAF2FAF1
DB03FA042BE404E3
231EE8EE1B0D1104
3FF9E3DFF3FF11E5
EF05FDF5FEF416D3
1F0BE5F3F6EF0CF0
0205FBEDE6FCFBEB
F90C190D06F3E914
170604EAF3E502E8
1E23F7D216F2EB03
EE161604180DFF08
F0270205200DF200
F0E6EDF61CE6F0F2
DEF4EC2A1733FEF0
1E00EFF0242019FB
FC0FD8D9350F0C17
C8DB0E46380D03D9
0BF4F3262802FFE2
E7E60AF51E0AED0A
EBEA180039251AEC
FE070AD11C232114
0FEF02ED2115FD0D
0F1701DEFB1FF714
132118F7D0FF0BDB
FAF2EF2A22C71F25
F7FE08BC2201EBFE
1CFCF6E1F6F208D8
05E0F1C6EEF3E3D0
EF2924CF0B1AF10F
0D39F5D2FD44F3CA
F749E9940511E7C8
DB2702005A07D405
F91005D8103EF0D3
050100161B1900DD
E0C3F9A728F81002
F80209C603DB04FF
13F1EC09E6FF1202
00140215C72BFA0C
171F0AE8CEEF0B11
DDF801EAE321011D
2EF2E003DBF11FD7
FA03ED36CA0A0E1E
ECF7E210E9FA0CF1
FD160BE5DA1BFF09
0504E912E700E912
2D0DDF1404081DF7
DC1EF306122801D5
F547ED260E1800DA
FD4910D70D151CE4
F0E5DE0C3F35F5EC
FD21FBE539331B16
FEF3FB07F1F80DDC
D8D5EFCFF3D0E2F3
F416F8B2CD111E18
012FFCE7E1F1290C
0210F3FFDEEDF4F9
FC05FDFFEC0D03FB
FA04F7F9EF0534F4
F9F71415E8EB1101
0009FFFB111E3401
E0FE07E303181F0F
14F3FBDFCD041ACD
01D3EE20031206DD
0905F8D3D8F2FADD
1AF8182CFD14000B
E8D5F82ADFEBFFF1
F4F5FD40F907FDEE
FD1BF603FC2AE3EF
F4100C3C0727EFEF
F41102FB2B17DBF3
1B0807EB1219F5FC
031E0030FB11FB07
2D12FD4C1D17FAE2
1818E6330EE21A03
F62DD8DB131EF9F2
01E7F00401DDE214
21E5F51D16010ABD
1901021FDE03F81C
EEEA0FF2F7F5F5EC
DD0AECF3F90CFAE7
E0FFDF41E209FF24
CED0F2EDF2F7FFEB
F0E0EEE3151C0EFD
02F006DF110A28D5
D81A0CC5D1091A08
09180BDEE7132AFE
FFECEFFCFF113BEE
071312C117F0FA10
1D0815DA200717F3
0AF8F80B260123F9
091B112AE4CE0DF3
0F15E50DD10B090B
1016E6F1E50FF409
E611F7FE1D15F72E
1A0DE238CFFB20EC
25FBDD41CC19FAF2
D4E90008C5182FE9
FF19ECC8D8FFFEE5
0818FFA6B0F5FAEE
CF2CF0E4E306F70B
00C412FFE7021607
21E706EFE72020F7
EAF717E5B2DBF4E6
EC06F7F2FCF503F8
3030F21DF62D1E10
1B14F7EFDF21D5E4
00FDEBC812152A13
0D20F11DEDEFF20B
F910E7DF080DFD18
D7D5FDB30B44F4EF
00D3FDE31005E722
010AEFDD1F18DAE6
FDE413ED2803F316
FE0602D81801E223
FDE9F702E3FDF4EA
E90E10360EFEF8FB
DFEC0EEAE7F6E8E7
ED15FF17F1E5C110
EED0DEF1FAE80829
FCCCE5162AF2021F
ECDCE40D26FE11FA
EF05F2F3E9DA2AFE
0DCB0FF5F4ED14F5
01D0E5040FEC1703
FFFFF31C000015AA
00000FB9FFFFFFDC
0000189C000010DE
000006200000002A
0429D7F8E0EE1DF8
3A2B0AE7F5FD0BF3
0CFCEAE61139132F
001904F711F91FF8
F0380625021E0FF1
3CFC020FEC0B003B
F311ECF0F8D30BEF
DF2DE8F0E1041F1E
E311FD0101FE0E1C
C0E3FB0B28050C07
09FA07EB20F30008
2BFC04F8330C0608
330103091EF40704
EE0CF7EC1C10FA0E
FFF20506F10B1223
F7F0FECB04ED13E7
0B0DFEE1F50EEC11
201F05CAFDEF19FF
F91FF6120BFEFEF8
DB110EE4F3DC1EE6
E7F6FB151B200DFB
FE03FCEAEAFDFB1D
D1FE0AEB03FEDF1D
0AFFF3F5FF04ECED
E1FC05E6F1DF0120
C80004E9F3FAE71A
DF110CE824E50FE4
FBED02EAF809F90C
F1FB091E1F1305FD
DFFCF5EE0FD9E111
DE050A21FDFE04DF
10F7001916DEFDE7
10ED09102E01042C
2E1EFFE70F0FFEE6
F6030FE0E8FCF7EF
F50AFD231D070C14
F622F50A0417F906
EA341B152315FFEF
F9100A11101001FA
3A33EAF5D4F9F9EB
D017F60ECAFB0AD8
0E10FC1D1B1A0DD6
F901E4EC06002609
0728F9081DF21D09
C612F71407F520FA
F92706F70A042003
CAEF0A18FC1B10D8
F20C2921ED06E0FB
47080603BD0AF9EE
2C1CF712EFF9DB34
27ED1D17CC0702FB
FA090415DA0B0025
DEEFF0FEFAFCEB15
29121E0DFB100EEC
E7F9031A1A0104F6
E2F7F6D5E90314F2
CDF009FC0CEB0122
35020F3CCCDE09F5
DF0AF80D19E0FA1F
D8091BF1F9FD0D20
25FE12000FE80F1E
EFFDFD041D110FE7
1808F3F1F203F5E4
16FAFE062B15FE0B
1AFA0512F438EBE9
0A1CF9D4F0F31316
200B00ECF042FCEE
211605DF04160F19
07030BEEEBEEF1FF
DDF809EFEB19FCEF
0101FAF618150B01
16E20517FAFDF3F6
FDFF09F019FB38FA
322905EF332BEFEC
2CE40EF10E2200CE
15FF0E26E60104FE
EEFF030D161508DF
0A0B04D2E4F1FF00
BAD9EFD1FA0801FB
EBF704DD17EE0501
E4DF0D092508E9FD
D8050F0832D7F1E5
D1F3F6DD0B05ECF9
23FDF9D3270DFAF5
EA06F5F408EDFDFA
24FBFE0703040CFC
F6EDFAE019F802FB
DFFEF8E90EFEDCFE
E718E2E0EF02F110
FB02D9E1F232D7DD
DFDA100905DFECD7
D7FD07EB10CD08D5
DAF901EA20D20906
35FA13EAE0F6E0EE
F1EF0CFAE8F6F1F6
FF0000290EF2E8F0
E3E6140703D9DCDE
D406040122D60203
FCDE010CE5F1EEFA
DEFE030CDE1001E0
FEE80BE0FB0828DE
D6FD10D10BFE0F23
28E9F0FBF5E9FAE3
290800F1F1E3F429
0CF5F5D3140EFD05
EDFAEA02FFF30CF5
EF15FFFC02261415
FFFA07E2FCFBFF11
E114FDF82BF608FC
F20500DCF9190701
1BEFF70B4C2000F1
3117EB1E1CE51910
FA09EB01011BD8FB
F0E8F1100B170C15
1202ED0806FA0024
011BE91FD3FCF409
04E4FA07E401FF08
C3F007130F12ED00
CD0210EF33F50008
DC3312E533F51BFD
CFF9E924DB08EAFA
F1E4F7F2F113D7FA
F902FF1A23EB0405
0AF601FBE205F3E7
1FE0F5130B2DF7DB
3AE01410FA0701FF
1B11091F20F8F617
C700EFF6F906DFE7
18FA10F1F1F70D09
F10DF932430BF90E
391CFA2FF10D0FF4
0F0C0FFC28130F32
2EF4FE1CFAF9E205
000BF007F3DD14F3
00F50C26D9E018E5
D0EDFFE72DDA12F9
BFFD09D61BFBF8E9
CC08FDED0B0FFFFB
26DFE5211ABE1C09
2DEA1122FCDE2002
E4E8E50A2604E925
0AEFFAE5E5E2D3EB
11FC0C04EACD0E0C
D8E5DB020AE9F7FA
230E07F225F80901
17FEFBE3130FEDF9
0FF2FDEC1826E2E3
240909EB020C1522
100BF81A14250BF4
220213E1F102ED1D
EBE4F2F2FCE8EE1B
F423EA0BEDF808F7
DC12E714290F16F0
11120909EDE703ED
DAF1FAF300F2F5EB
2DE10B04FDE9F30C
3C020E27F70706F1
FA2506081AFEEBF5
DFF1E51616F0EC2D
E90CED1E0BF7FA19
F61406F122D90202
0EF500F2F2120409
F50FFCE9CEF9F6F9
0BD8E5E0F6F31BDF
05FBDDDC39F1F316
AD1201CACF05EE0D
ACE8EBF6F2F80928
0CFEF7E5E0ED0D06
10FBF324EBF41107
F3F3F9FFF4F4F909
F103E3ED1D1007E5
3CED16FBE618E3E5
4CF4FAFCE9FF17EC
F6050CEA14E4F9F7
F5E40116FA0DF5E3
2DF3F5ED013AE9D9
010BFF09162C0005
14F0EF1CF5DDF201
07EBF202F512E606
09F1E200FA0BEBD8
EF230DD529FE010C
25F7FDEA1A1BF81D
01FE0EE71B0412F6
29FF0406EAF71E25
FA140BFD1DE7F400
0A0004FCE10A1222
E8E0FE1400E8E204
E71BF5ED3C270E01
15E6F7E7E922EFFF
DDD61111EFF60117
FDE108FFC3EA01E7
FFE5FCE4EDE7FDEA
E7D21115F0E3C302
F1F5FC14C640021D
420B05FBDD0BF50B
DEF31F1E180DCF1D
28EB01FBE226F109
0D21F6F9CE31080A
CBE0F70722FC05E9
EFF0070F1DF1EE22
F7DCFEFC23E0FB12
50FB040D04F70A3D
2C04E82A0BEEEB4D
22EDEE0201F0EDF8
DFEEF900F8DCF92C
C630EEDE12E2EAD5
EFFFE700F7090A00
1FDC0BEE37ECD703
BBF80200F3FAFEED
C611FB023BEFF4E0
D9FE00F011F8FDF2
440AF410F41A07E2
5B00EE45FF1C0105
E1190BFAE82A0B00
ED0AF20CBB2DF1FF
15000A14DB3B06ED
D00DF200F5C4D7DC
00E9E023FF0BD9E0
351402D61EDC33F0
1401E5260700E5E8
04FC011824FDE7F9
FBEFF913C20BF41C
EEE9F9FCF308DCD8
02F001FEC606DE0F
E9FC0E30FF05F21A
D401FAF0CBEFE628
EE1206ECBAFF1110
C80D0D0EF91718F6
29190F0BE01804FE
EC0C0F25F6C20A0A
E809F2F6F404ECE2
180AFB20F11D1613
13F80428DF13F9FC
300C0315EDFD0ED4
1D3105FDF8F50F06
1721F821E5120F02
3128FEFAC42CF7D1
1531F80F0BF02AEF
051F0FF3CEF9FCD9
17FDF1F215F60704
D706E104F2F433EF
0409E4F1FC042FFA
3926FAF8E5F7171F
C0F0FBF019EAE1E8
E4F80D0537C9DCD3
E1F1F9E816F50707
D4ECFC191BFAE4DB
F5E8F200F3F5FD07
D21B10F017F60706
020B08FFF01AFBF7
13081C0A01F7DDEB
34F123061CE2F1F7
0A0B08FFEF0F24FA
EA1DF426EDDFF7F4
DC28FC1133FB1C18
1512EB0022F80213
03100D1E14090D23
EB22FF0933FE201A
0EF1F7DD02DFF111
FF16E90012F705EB
DE1DF204E7FD1CED
27EBF304FEEDFDF3
DDFBFAF9E1EAE801
23ED0D2416EA01E8
14EFFBF1D9E1F7EC
3AE4082DEDEE0CF9
05FA0024E8DFE00E
F6FFE814FA2710FB
14DF01E6EEFCE229
0DF5141419E41AF9
F3EF0ED722F5F311
FE0A0EEE2FF8EF1E
1A1009EFF816E3F8
C3FE21E6DBF8FC08
0DFA01EB14C72000
FF0A0AEAC6FE0507
0DEA120B01D91DE5
FAF9F70309041610
D415EAE910DBFE0B
FBF90CEB1FF003F0
1EF60F132FF90CF5
DC0F0804F7F00001
CCF5FF2C29CBE507
EA00F70354EF1719
BCF5F2043DDF0856
F2FB0012ED00DFE1
FF0A07F6F7E0FE06
C2040DE0DCE20E15
00000640000000BE
FFFFF52500000A8E
0000056CFFFFFFE8
00000A20FFFFFD28
02FEFDFD0101FDFF
FE0301030303FE05
FC060201FF030006
FE0102FD00FD00FF
FC00FF0103FB0304
0402FE0003FCFDFF
00FFFF02FFFCFE01
02030001FE03FF02
FC02020403020004
02FF03FC00030104
03FFFDFBFD00FFFF
03FFFC0203010001
FC05FE02FF000206
020000FE040100FF
0204FF02FD0200FE
F902010201020105
04FCFE0301FD01FE
000003FD0302FF05
FB02FCFDFEFDFC01
03FE01030102FEFC
FEFB0201FC00FEFF
FC07FB02FE020206
02FF01FBFC02FD01
030202FFFD00FDFE
FC06FF0200FBFD06
FC0201000201FB03
FE0700FF0202FE05
FD01FEFD02FEFC04
FD02FCFDFF03FD02
0002FBFD010300FE
030303020201FE01
040402FF01FCFF02
03FF02FEFEFCFFFE
FDFD020103FF01FB
06FCFFFF02FF03FA
FC0001FFFB02FFFD
03FAFDFCFEFDFE00
06FDFE00040204FA
FFFAFD01000004FE
FEFBFD0000FF03FF
FFFD03FFFE0300FD
01FE02FD0103FDFC
05F9FF03FCFB01FB
040002FD00FD0400
02FCFF02FBFE0000
03F900FDFFFC03FB
01FEFDFCFD0000FD
0003030002010300
FEFE02FD01FE0100
FFFE020203FDFCFE
04FDFEFE03FE0200
FFFEFE00FFFF02FE
01FDFC04FF03FF03
FF0202FDFE02FEFD
02FDFD0103030301
FF02FDFCFFFEFD02
000500FDFFFF00FF
05FFFDFFFEFD03FD
FDFEFFFCFDFD0100
03000401FC000200
FA0403FFFC040105
03000101FFFD0201
FB03FF0102010006
0201FC01FDFE0002
00050103FC000304
0002FFFD02FDFD00
0101FFFC0303FFFE
FE0100FC00FDFD00
FFFFFF0200020204
FF01FD030100FE06
01FE03FDFF0003FF
0301FD01FF0204FC
02FF02FB00FF0201
020301FDFD01FE05
FF06FD02FE0102FF
030200FF01010405
FE05FD030001FE01
000002FC0304FBFC
04FD00FDFDFF0202
03FFFE0302FE0002
05FD00FF0100FDFB
00FFFCFEFF0301FF
05FBFE0002FEFEFB
0101000001FCFFFD
05FE02020202FF00
04FE0300FC00FDFF
06FB02FD01FFFEFF
03FD01FCFC01FE01
05FCFEFE0202FE00
02FAFE0000FBFDF9
070001FDFEFF02FE
0303FE02FF0102FC
05FDFE0100FEFE01
03FD01FEFCFE03FF
04FAFDFF03FE02FD
020401040100FE00
010302010102FFFE
02FBFEFCFF01FD01
06FE0003020002F8
FD01FFFCFBFFFD00
0701FE0201FEFC00
04FC01FFFE03FFFB
07FDFEFE00FD03F7
03FAFFFEFCFC00FF
05FFFC010002FF02
04020102020401FC
FFFDFFFD0200FCFB
04FF03020100FFFB
FE020302FDFE03FD
02FC0200FCFD03FA
0801FE01FE010000
FFFF000200FFFF00
01FCFC03FFFD00FF
00FAFF020003FFFB
03FD0200FE02FEFD
FF02FDFD02020302
FFFCFD01FDFE02FB
03F902FEFD0000F9
FFFF00FEFD0302FC
FEFFFEFC000002FF
000001FDFC0300FE
00FD02FE03FC0400
FEFA0201FE020100
0400FDFC0203FBFF
FFFCFCFB0200FDFF
000201FCFDFFFD01
FDF9FFFEFDFC00FB
0401FC0002FCFB03
FD020202FFFD0100
FE03FD0103FC0105
FB01FE0300000104
FD04FD0201020205
FD04FDFFFDFBFE01
01FEFE01FEFDFFFC
FF02FD0200FCFDFD
FE00FE02FD0302FF
01FF03FEFE03FEFF
03FFFEFC030102FD
FE01040300FBFFFD
FF00FFFFFC00FC01
FDFFFCFE03020205
FEFD0300FF020105
FA06FCFB03FCFD01
FB00FCFFFC030002
FD01FC03FFFF0003
FE000200FFFDFBFE
FE0201FBFEFDFF05
02FFFDFD03FC0003
FC00020304FDFD04
03FF01FE02FC0302
00010001FF01FF01
FA04FE02FE020006
FF01FE00FF000201
010303FEFD03FC04
FF070201FF010000
F703010203FD0306
FB050101FCFFFE02
FE05010200FEFD01
F903FEFEFE02FC04
FD0000FDFFFF0206
00FBFDFC030300FB
05F90101FDFDFDFD
03F9FDFCFE01FCFC
03FBFEFF030002FD
FCFD01FE02FE03FB
02FEFDFBFD010000
FEFDFC03FD0300FB
04FCFEFFFF01FEFB
06FDFF02020001F8
FCFC03FEFC000000
04FDFD02FC01FDFC
01FF00FC02FCFDFB
00FF03FDFBFD03FB
FEF90000FFFFFFF9
00FAFEFEFCFEFFF8
01FD03FCFBFFFDFA
0301FEFD03FB01FC
FE01FDFCFEFD03FF
0103FEFCFEFFFC01
FFFF0204FD01FDFD
00FEFBFFFEFDFDFE
FF03000200FDFD06
0302FFFD0200FC01
04FE04FE00FCFDFE
FF01FCFD01FDFE03
FD07FD010301FD07
FE05FEFE02FCFF03
0503FDFCFD020302
05FE01010002FEFC
FF0203FCFE030305
02FF00FD000300FF
04010102FC000200
0304FF00FD04FF00
F904FDFD0101FC06
FA040304FC030106
0403FF03FEFD0300
FEFCFBFF0302FBFB
060201FC01FFFE03
0303020101FCFE03
03FDFDFE0002FDFC
00FFFEFEFEFDFF01
FD03FD01FB03FAFE
0600FFFBFB0201FB
04FD000300FF0000
010000FEFEFD02FE
00FF0002000103FD
FFFEFCFD01FC02FE
FD0203FCFD01FEFF
00FFFD0103FDFC00
01010202FEFD01FF
FD020203FEFDFE05
FB000300FFFCFFFF
FF00FC00FF00FF05
0601010302FFFEFC
01FFFE03FF02FDFF
0104FC03FF04FE05
02FC01FEFF00FD00
0102FC0100FF01FE
020101FDFFFF0103
010102FDFD010004
00FCFDFA02FFFFFD
03FEFE03FEFDFF01
030302FDFB03FC00
FD0400FC03FE0002
0401010001FFFDFF
05FC02FF01FCFFFB
06FB01FB03FDFEFE
00FEFDFEFCFF03FE
01FC0202FD010301
FC06FE01FD03FDFF
03FD03FC00FE0103
05FA00020201FEFB
FE00FEFEFDFE0201
FD060302FFFFFE05
FE03FCFCFDFD0302
00FCFEFE00000100
060200FEFF0201FC
0502FEFEFCFD0302
02000300010200FC
0000FF0202FEFEFF
03FC0101FC03FDFC
04FAFFFDFB0101F8
06FA0000FB0102F9
000001FDFEFD0100
05FC03FDFE02FFFD
0300FD00FE00FDFB
03F8FDFFFE02FFF9
FBFB00FFFFFDFD03
060102FD0101FF01
01FBFFFE00FE03FD
02FC0103FCFE03FC
05FFFFFCFE0300FB
FFFB00FEFC020301
05FA00000202FBFC
04FC02FB05030100
03FF01030102FCFF
0101FC03FDFBFC01
0102FDFF02FF02FE
02FA03030101FEFC
000102FC0103FDFE
FFF7FEFBFBFCFFFC
FFFD01FBFFFDFEFB
0200040000FCFFFB
04FE02FFFBFD0100
FE0002FF02010102
0401FDFCFC0000FC
02FFFF02030003FC
01FF010300FD0002
FC0300FCFEFCFF03
00F8FF0102FD01FD
FCFDFF00FEFF0401
0103FD02FEFEFF01
04FFFCFF00FF02FC
FF01FCFFFF010107
FD08FBFDFE04FD02
FF00010303FFFDFD
05FC0301FE0301FC
00020303FF0001FD
FF030100FC03FFFE
05F70301FEFC00FB
00FE02FFFDFDFF02
07FD00FDFFFCFEFD
05FE00FFFE00FDFD
01FA00FFFCFC04FD
FE04FEFE00FFFD02
05FF03FCFDFDFDFD
01FF00FCFFFD00FF
03FD000102FEFEFF
FD02FCFC0003FEFF
FD0602FD00FFFF05
F905FD020401FD08
01FE02FC0204FBFD
FD0002FEFE0101FF
FC01FF010302FE04
01FF000100FE01FF
000303FCFC0200FF
00FF01FF02020201
030000FDFD020100
040201020202FFFF
0000FF00FD0102FD
FC0600FC03FCFE02
FFFE00FCFFFF0003
03FFFEFBFEFDFE04
03FD000103FFFF01
FC07FB010102FE03
FC0600FF0104FD08
FC0200FB05FE0108
0100FDFCFF03FE02
050101FD02FF03FC
FA06FCFF0303FF08
FFFF0203FF00FD07
050301FFFFFFFFFD
01FEFF00FC00FEFE
01FE00FEFF0001FE
03FFFD010002FD03
02FE0203FF0300FF
FB0102FFFEFEFD01
FFFCFFFC0001FF01
FF00030102FEFCFF
FD05020200FD0002
00FF0202FD01FF03
0105FCFC02FDFF00
FA0200FF03FFFF03
04FBFF0300FDFEFC
F906FCFFFFFD0107
FF02FD03FE02FC05
00030002FE0301FE
0202FFFEFD010003
FBFF0003FCFE0305
FFFD00FF03FD0103
030100FFFF000003
0301FC01FEFE00FE
FB08FC02FF010104
0401FEFB04FDFF04
FA00FE0200FD0201
03FE0202020200FE
FEFCFC0104FD0204
FB050201FE03FF05
F90603FDFF04FD01
FCFFFDFE02FE0202
FE04FC0002020003
FD04000202FE00FE
0501FDFE01020203
00FB0101FDFDFE01
FE04010202020000
020203FDFEFDFD04
00FDFE01FD010104
FD050300FC000003
FD04000101FF00FF
0105FDFC0101FE03
FCFF00FC0103FF03
000604FE0400FEFE
01010302FDFF03FE
0000000204FF0201
FE06000303FEFC01
0201020201010204
FF0002FDFEFF0104
FFFDFD0202FEFE01
02FE0204FCFE0200
FC00FFFE0400FC00
0400FFFCFEFD00FF
0100FBFBFD04FC02
FC02FB01FD0202FE
FD0300010000FB07
02010103FD040103
02FFFCFF04000200
0304FC03FE04FD03
FB0AFFFDFDFCFE06
01FF03FC00FEFD00
FD0201FB0100FB02
F709FCFFFF04FC02
000600FB04FFFD07
04FCFFFD04FC00FE
01FF030003FEFD05
FE01FFFF02FEFF04
02FF00FC01FE0205
01FE02FDFD010300
030003FCFEFFFD03
FD0303F9FD030104
0005FD00FEFD0205
02FA000201FCFFF9
FF0500FE02FEFF08
FFFFFF020100FE00
FC01FFFDFF010103
FDFF020001FBFE05
FF05020003FDFB04
F90201FDFF010301
FE01FFFD02FF0005
FF06010202FFFC02
F806FF0202FE0202
FA04FE0202030002
FE02FCFD01FDFCFD
030201FBFE02FC01
FF00000202FB0001
0204FF020002FE03
0302FEFC0403FB03
0405FD0103FEFF02
0003FFFD0101FD02
FD02FDFC02010004
FD00FFFCFDFE0106
FDFEFD0101020104
FA05FCFFFC000205
FD020102FE03FC01
00FEFEFD0201FE03
FD01FFFCFDFDFF01
0001FCFF0201FF05
0204FCFDFFFD0001
FCFF03FE01FF04FD
FE00FD01FC000106
02FFFC03FDFCFEFF
020301FEFFFE0204
020102FF0301FD02
FA04FFFDFF03FC01
FE04FCFBFCFEFEFF
03FFFCFF04FEFE00
0204FEFCFD0003FF
02FBFEFCFDFBFC02
01000002FD04FD03
0001FCFCFF00FD02
FE02FEFFFD030004
00FFFD02FE00FE01
FC03010203FEFE02
FB050001FDFFFE04
FC00FF01FFFD0001
00FE000301FF0100
0009FF00FF02FB06
FD010303FD03FE04
020303FF0200FF05
FF01FF00FF04FFFB
0302FDFF0302FC00
050302000101FD01
0105FCFF02000203
03FAFD02FF0304FA
0206FE01FFFEFF00
FFFFFCFEFDFF0302
07F9010103FF00F9
000003FF0201FFFF
FF0002FEFD01FF03
0005FFFCFC03FF06
06FE0200FDFF0000
000401FF00FE0001
FDFFFE0002FEFC04
FC0600FEFF020103
020203FFFF01FE03
00FE00FDFE01FDFE
0200FD02FDFEFFFE
0401FF00FE01FEFF
02000102FDFB02FC
030003FFFEFC01FB
FE00FF02FFFDFDFF
FF0601FC00FDFC00
01FEFDFC030000FC
FF0100FFFE0100FB
FC0A0201FEFEFF0A
F707FF010002000B
FF04FE0201000100
00010101FDFEFFFD
FF0BFFFDFFFDFD05
FF0600FD02FD0103
FF05020100020006
03FB03FD01FEFE00
FB050102FD010009
FA07FF030203FB01
02080404FE03FC00
05040502FBFE00FE
FF03FE03FFFEFD04
0401FFFCFE000202
07FEFD01FD01FDFB
0401FEFF02FD01FE
04FF02FC01020102
0500FEFFFBFEFCFD
0102020001FEFE02
0302FC02FEFEFE04
FE0100FD0203FF04
0400FDFFFCFEFEFF
0300FEFD03030004
FFFC03010102FD03
06FAFC01FE0401FC
04FCFFFEFD03FE00
FB02FDFD01FF0000
02FA02FE00FC0401
0202010004010003
04FBFD00FDFCFC00
01FB0102FC03FDFA
00FC0100010200FC
05FD00FD0102FFFC
FF00FDFF01000301
000003040103FEFB
FEFDFE02FEFEFDFA
05FCFDFA000304FC
04020201FFFE0102
05FEFF04FD0205F9
FEFD01FE03FDFF01
05FCFCFF01FEFE00
05F7FE0301FCFFFC
02FEFEFC00FF01FC
04FFFFFF02FDFEFC
FDFFFDFB04FFFC03
FF0401FDFEFCFC07
02FF03FCFFFE02FF
06FB030102000000
0400010102FFFD04
FF02FEFE00FCFC02
01FCFEFC0001FCFD
FDFBFF010301FE00
FFFE0100FCFF00FD
02FB02FDFC02FCFE
07FD000100FFFDFC
0602FF0101FDFFFA
0800FF04FF0103FB
0600FD000001FCFF
02FEFC01FE0003FA
01FE0403FB020202
02020200000203FC
0102FDFEFC040102
03FA02000002FFFB
05FD02FD05FDFCFF
FB0CFF01FD010009
FF08FE0400FDFD0A
01FFFFFEFFFEFE05
FC020301FFFDFE03
030002FCFEFE0102
FA07FC000200FD03
000003FD00FEFFFD
050001FD0102FDFE
0003FD0002040104
0102FF0101FC0204
0001FFFFFFFC04FE
FD02FDFF03FE0300
F907FDFC00FFFF0B
F907FF02FC05FE08
FD0A0003FD00FF07
FFFF0201FFFC0103
020002FEFCFEFFFD
FFFAFFFFFE020002
FEFF01FE030102FF
FF00FE00FD0303FE
000100FFFD0101FE
FEFF02FC02FEFE03
06FF020001FE0301
0203FFFEFC010104
01FF00FEFF02FDFF
0304FE000402FE05
060104FEFDFFFFFA
00FC00FC0102FD00
FC01FEFC01FF0102
F901FFFC02030306
02FD03FCFD01FE01
FEFAFCFA00FD0000
01FFFC02FD00FB00
03FB02FD000202FD
020401FEFD03FEFE
00FDFEFCFFFF03FB
FF0100FB02FFFF01
020000FF01010200
FC02000403FEFD05
FEFDFFFB00000304
00030102FE00FD04
01FC010100FC03FC
0002FC0102FF03FE
01FF0201FCFF0103
05FEFCFFFCFDFCFF
03FE00FFFEFD02FF
030303030103FEFF
FF00FEFBFD040002
05000100FC01FFFF
FE03FF02FDFC00FD
02FD03010203FFFE
00FEFFFC02040100
02FF03FFFFFCFD01
FE070202FE02FE03
FF030303FCFF0400
00000202FC03FD01
01FE01FFFFFFFE01
0103FD000300FE06
FEFC04010201FE02
FB00FFFFFDFE03FE
000103FDFEFE0004
FB01FC0300030207
F904FD00FE02FE02
FD00FCFFFD000203
02FFFD02FC03FCFE
FE03FC0001FC0000
03020100030103FF
010201FDFF030302
0203FEFFFE0103FE
010101FDFB01FFFE
0207FE020103FF02
FCFEFEFFFD0004FE
030000FFFE000302
0203FD0200010102
FE0502010201FF07
0001FF0501FC03FE
FF03FEFFFEFD00FF
0101FC020203FBFF
01FEFEFE02FEFF00
00FE0004FEFC02FE
04FEFD03FE04FDFD
06FCFDFFFCFF0102
0003030100FBFD05
0200FF00FBFE01FD
03FAFE01FE0003FD
06FC0103FBFEFEFF
FEFD02FEFDFBFE01
FD00FD01FE030302
0301FFFEFFFEFFFF
FE00FD02FCFEFEFF
FF0703FD0300FC01
FD00FE0201FDFEFC
07F8FFFE00FC00F9
01FF0001FD01FDF7
FEFDFEFDFBFC04FB
01FF000302FF03FD
0500FCFFFEFFFDF8
03FEFE0202FFFFF9
FEFFFD0302FCFCFC
01F90101FFFB03F9
FFFB01FD030202FA
01FAFC02FEFC03FA
FE00FFFFFD02FDFD
03FC00FCFB0301FB
06FCFD0200FDFDF9
00FBFE01030201FE
FCFFFE00FBFCFF00
00FF000301FCFF03
FB01FD030001FC03
010004FEFF00FEFD
03FF0102FB03FCFE
FBFF000200000201
0002FCFE0402FFFF
FF0100FD00FC0302
FEFE0302FF0301FF
FB0402000301FD06
FD0003FCFF03FFFF
FF01FF00FEFFFD00
06FAFE0300030300
F803FFFC02FE0106
FFFEFCFF030200FF
FF05FF01FCFE03FE
01FF03FD0202FEFE
0300FEFEFEFE03FE
FEFF010100020205
03010102040402FD
08F90302FF0402FC
010102FF0002FD03
040402FF03FE0304
FEFE01FF01FEFF03
07FFFCFBFD0002FE
020202FFFE03FDFF
01FAFCFDFD02FEFB
02FAFE0200FD00FE
FF020301FFFEFE02
0101FEFC00FEFE02
0900FD0003FF02FA
02FB0202FDFCFFFA
FCFF02FCFFFB0300
01FF030201FC0304
FF03FB02FDFE0101
F806FC030201FE03
00FD0100000000FA
FF02030401FD03FD
F90C02FEFDFF020B
FE07FE0201FD000A
0402FF010002FDFF
FF00000200FF03FE
FB00FCFFFDFF0200
0003FE02FCFEFE05
FE03010301020103
0301FFFDFEFDFE04
0201FD0104FF0105
FC05FE0302FF0000
02FF0200FC020003
01FE01FB00020300
0102FD0203FD03FF
0100FD03FE04FBFE
FD0000FDFFFFFD01
FEFD01FD03FEFDFB
030300FD030201FD
FF0101FC0202FEFE
01FD020103FDFD00
04FF0000020301FB
FEFD03FCFFFE02FC
05FDFE0102FF0400
04FC00FCFF03FDFE
FE05FDFCFC0403FF
02FEFF0002FD02FE
0501FCFEFEFDFC00
030100FF03FEFEFC
FEFE01FEFE010200
F90602FF03FF0205
FE09FE0202FF0209
FEFFFC0201FBFF01
01FEFBFCFE01FD03
FF00FE03FEFFFCFF
0104030303030203
0206FC03FC0101FF
0000FD0002FC0003
0304010201FC0005
00FDFCFBFFFDFF03
0001FDFDFCFE0201
01FC0001FCFFFF01
000200FEFF02FE03
04FBFFFEFDFD01FD
FD0601FFFE010004
02FEFF02FFFCFE02
01FFFFFEFFFCFBFF
0401000002FD0001
FEFDFCFFFDFEFCFE
FE00030101FCFD02
F906FDFF00030306
FA09FC020200FC0C
FB07FF01FC00FC02
FF03FDFCFFFDFD00
FF08FFFD01FEFC03
0006FBFFFC02FE06
030000FEFE01FD01
03030004FD03FC03
02FEFD02FFFF0203
03FE0000FFFE01FF
FF0102FCFF0001FC
FE0002FD0102FC03
FF0301FBFEFFFE05
FCFFFFFFFCFE0102
FFFC02FEFD01FC02
FE02FE000101FE01
0106FEFEFE02FD05
FF05000201000201
030301FCFE03FF05
F90400FBFCFFFF04
FE03FEFEFEFEFE02
02FF040403FCFFFB
03FFFFFBFE03FF00
FB0302FFFF020400
0003FCFCFC010205
FC02FD0304040403
0103FEFCFF010105
F9FFFC01FEFFFD05
F90DFBFB0004FF08
FB06FB0300040006
FE01010300020302
00FC03FEFC000304
FD010300FE010201
00020002FDFC0302
FF0100FFFEFFFD02
030400FFFDFD02FE
000001FEFB030004
0205FD0301FF01FF
010302FCFBFE01FF
FF00FCFDFC030105
000101020102FDFC
FC05FD0203FDFF00
00FAFFFDFEFF01FA
FFFD03FF01FFFD04
FCFF03FEFF02FF03
FE0202FE00FEFD01
FE0302FF00000002
FA01FFFC0102FC01
FF02FFFEFE020202
03020403FF020403
FE03FD0000FC0301
FC0401FEFFFD0202
020201000001FD05
04FEFF02FFFD0301
01000101000203FF
FF0603FEFEFE0005
0004FF010101FF04
FE02FF0102FFFE03
FD02020104FDFEFF
04FB00FE0000FD02
FC020201FEFD0001
FE03FD030402FF03
02FC0200FBFC02FB
0103FE0201FD01FD
07FDFDFCFDFDFDFC
0500030202FDFFFE
00FFFE03FB0100FC
04FB01FEFCFDFD01
05F70302FF0003FB
04F9020303FDFCFB
020201FD0200FCFC
0204FDFE03FFFCFF
04FA02FFFDFEFDF9
04F902FF03FE02FA
FDFE00FE03FD0404
FF02FF03FF010102
0203FF0201FE00FE
FA02FC01FCFCFF02
05FC0203FBFD01FF
FE0003FEFBFF0306
FE0402FC03FE01FE
FEFF0000FF01FE05
01FEFE01FFFEFD00
FB0400FFFC020007
030200FF01FD0306
FE0401FF0101FC03
F905000001FDFD06
0103FFFEFBFEFE01
02FEFC02FE0200FF
0007010203FEFE02
FC0002FD03FFFE02
06FCFCFD00FFFF00
FFFA00FCFFFF0100
04FEFC0201FCFFFC
05FBFF0103FF02FF
01FCFCFFFF01FFFA
FE00FDFDFEFEFD00
0003000400FCFD03
0100FEFDFEFC0101
01FD020203FD0201
FB04FC000300FCFF
03FF03FDFEFC01FD
01FFFC0301FDFFFB
0401FFFFFFFEFDFF
01FD03FEFD02FEFB
01FDFEFCFEFC0101
02F8FDFFFFFCFDFF
03020101FC00FD01
FC0003FF0100FF02
FD05FDFFFE0201FF
FA01FEFE02FD0201
03FD02FEFDFF03FD
04FDFEFFFFFD01FE
01FEFCFD0102FFFC
01FD03FDFF040101
05F9FDFC03FF03FF
06FD01FDFB010300
00FF02FB02FF03FA
050000FE01FDFFFE
02FEFEFCFE02FDFC
01FE00FCFD03FCFC
01FC01FEFDFCFC00
0503FF01FF03FDFF
03FF030000FFFCFC
FB01FF0101020102
F908FBFDFF000008
FD00FCFFFE010004
FE08FB01FFFDFF03
01FC00FE010204FC
01010300FE0203FB
07FD02FD01010200
FEFDFC00FF01FC02
06FC00FDFFFEFEFC
03010202FFFD01FC
05FDFC030303FE00
FE03000202FF01FE
FE040101FF02FC05
06FAFBFC0202FD01
01FBFD00FD000201
03FD030100FFFDFF
010501FDFEFE0102
00010000FF0303FF
FE02FFFC0200FEFE
0303FFFEFD010300
02FD01FE02FE0003
0601010000FD0300
060100FB00FE0201
FF0304FFFF03FD02
06FC03FF03FFFEFE
08F901030301FDFC
03FFFC01FFFEFBFD
0403FDFE0001FF01
02000103FE02FCFD
03FF010203FF0100
05FFFD02FE010100
02FCFD0303FB0102
02FC00FD02FFFC01
05FD02010502FDFC
0301FFFD01020001
000103FDFEFD02FD
F908020202FD0309
F704FF020000FE0A
FE000100FF00FB04
0204FEFDFFFD0100
FF0803030002FF06
F90AFBFD01FE000C
FF08FFFE0100FE04
030103FF000201FD
03FDFD00FCFF0200
0205FC0102FCFE04
0501010002FDFC02
01FD01FF02FDFCFF
FB02FE00FC02FC04
FD02FE0003FCFD07
FFFDFFFE01FE0001
FFFD01FCFE0300FF
FA03FE0204020103
FEFFFFFE0202FBFE
FEFE0100FFFF0202
03000302FF01FEFC
FA0D0201FEFFFC05
F905FEFD03020204
FF0103FD0503FF03
05FCFDFC02FFFC03
FA06FEFE03020005
FB04FDFCFB01FC09
FE04FC03030302FF
02FCFEFEFE0100FF
01FEFF02FD03FFFD
FEFEFF0201FF04FC
02FD01FE030300FE
F904000000FD0204
FDFE00FEFDFEFE04
FF03030200010002
0105FC0100030001
FD0503FFFEFEFB07
FD05FC000201FD02
FD0703FBFF000205
FF0503FD00020104
FB040000FD01FD00
FB02FDFF0100FD07
FD0400FD0000FC02
FC0303FCFFFE01FE
0003FC03010302FD
FB04FF0202020203
FA01FC03FD030304
FC0100FCFE02FE03
FD04FDFC02FFFD01
FE060203FCFEFE03
0402FEFFFEFC0203
0102FE01FDFEFC02
00FCFFFFFFFEFEFE
FC00010103FFFC06
010103FFFD01FF05
FA02FDFC00FFFC01
0402FF00FCFD0202
0100FE000002FD04
0004FFFDFE02FE04
F80A0000FCFCFF0A
070001FFFE0201FE
FF06FE0200FD0004
F70902FBFCFD0007
04FD01FE03FEFDFD
FEFFFC000400FF02
F907FEFCFDFFFD06
FB030103FF00FC06
030600FC0202FD04
06FE0103FE02FC00
020303FE0002FE06
0003FEFFFCFFFE04
02030201FD02FCFF
06FC03FE010000FC
04020200FC0102FF
01FA0200FDFC02FC
0402FDFC02FE04FF
01FEFFFFFEFCFFFF
FFFEFFFBFDFFFFFB
01010200000002FE
03FEFF01FE01FCFF
FF02FDFD03040102
0100FF00FE0204FD
FF00FEFDFFFD03FE
FB0201FEFEFEFD00
FE0001FB00000302
FD000300FFFE02FC
04FE0302FFFD0100
0101FF0202FF0300
FC07FBFBFEFCFF01
0102FFFBFDFF0006
FC05FE00FEFFFF02
FE05FEFDFEFF0000
0402FF03FFFFFEFE
05FD0402000201FC
04FF00FFFD0200FC
00FD0201FEFCFD00
0101FC03FD03FF03
FD0101FD02020104
FF04020102FFFF03
FEFEFCFF00FC0005
FEFE0300FE000203
FB02FDFE00000101
0002FCFB00030400
0006FCFEFC00FC04
02FFFEFFFE0201FD
00FD03010302FFFF
FE0100020000FE06
0201FD02FE03FDFE
FFFDFF03FDFD01FD
06FD02FD0301FCFE
01FF0101020003FC
04FF03FE0202FF02
00FF0301FF010101
07F903FB0000FDF8
03FCFC010201FEFF
03FFFEFF00FFFC00
FE00FEFC0200FFFC
040001FD00000100
040000FD010004FC
0200FFFF0004FD00
0300FD0202FFFF00
0000FFFB010203FC
08FAFFFC02FE00FE
06FE0100FDFE0202
04FF00030100FF02
F904FD030203FD07
FD0601FF03FD0205
FD0102FD0402FEFF
FC02FEFF05FEFF01
FD03FDFB02FFFDFD
FC01FDFE02FE01FD
03FF01FB00020304
FF0002FC01FC00FF
020301FF0004FC02
FEFF02FCFC000204
FB04FCFFFC01FD03
02FD03FD020200FD
00FE01FFFCFE01FF
0203FDFCFF02FE04
0200FCFD04020102
03FF0100FD02FDFE
0500FF020002FDFB
01FC020001FC01FD
0301FD020203FDFE
03FF02FC0100FC03
FE0201FB0000FB03
F909FEFDFF04010A
020102FF02FEFEFE
04FC00000001FFFF
01010101010002FD
020503FD02FBFF00
04FDFEFD020103FB
02FCFE03FEFCFC02
00FF01FBFFFCFDFC
02FFFEFF04FFFD02
05FCFEFD0102FDFE
FFFFFFF9FFFFFFC0
FFFFFFF8FFFFFFE6
00000018FFFFFFDA
00000023FFFFFFBF
06FD01FCFE010301
FF0002FE02FFFEFF
FDFC0101FFFD0301
08FFFDFF0001FDFE
04FEFCFFFCFFFC01
03FE01FD00020301
06FFFFFE01FFFC01
0401FD000202FEFD
02FD0004030603FC
01FDFDFD010100FD
0001FE020302FD01
FEFDFFFEFC02FD03
FFFD0302FD0000FD
FB0102FCFD01FC01
02FDFD00FEFFFC02
0101FD0001FD0202
02FCFE02FF05FF02
FE03030300FBFEFD
FCFD000200F801FD
FE020303FDFFFEFD
FC00FE03FFFFFD01
F802FDFDFDF90000
FE030301FBFC0202
FA0300FFFDFF0300
FAFFFBFCFCFA00FE
FDFDFFFFFDFFFE01
FFFEFBFDFFF5FE00
FE0102FE01FDFDFE
FDFF01FDFDFC0003
FC02FF00FFFC0100
00FD010100000200
FFFCFDFDFCFDFCFE
0302FDFCFF020202
FE0200FF02010202
03FF00FFFD000100
FB03FCFC03FD0004
03FDFE01FDFF00FD
04FD0100FF0502FE
0002FBFCFE010000
05FCFD03FE03FDFE
FFFD0100FEFB02FF
00000201010203FE
0001FFFEFF0102FD
FB03FF02020002FD
FD0200FCFF040300
FCFC0302FF0403FC
00FFFFFCFE000202
00FDFEFEFE0203FD
FDFF02FEFD0205FF
00FCFD03FEFCFDFD
FFFE0204FE00FDFC
0402FF00FE040301
FC02FC00020000FD
03020102FD00FDFC
FBFCFDFC010101FF
0101FF0001020101
FFFDFDFE03FE01FD
FD03020002FC0002
FF0102FE01FC0100
FC0001030201FF02
FCFF020203FCFEFC
FF0304FDFBFBFD04
FEFD05FF02F80003
F90101FD03FFFB02
FDFCFCFEFE03FE01
0000FE030007FF02
08FBFF0100050200
06010003FE03FFFE
04FF03020201FE02
0400000400FD0202
05FE0400000700FD
04FEFC03050604FE
00FC04000203FF03
FFFCFDFFFD02FF02
05FFFDFEFB03FFFE
0300FD03FD02FE03
FDFEFDFCFF04FEFC
01FE04FEFD03FEFF
060004FE0305FF02
04FEFEFFFD0101FF
04FE00FC030201FE
FF0003020205FFFE
01FDFFFEFF05FDFE
0602FB01FF08FFFE
05FDFF05FC07FEFC
02010104FF03FC01
0302020300060002
02FBFD00FF060300
FF0001FCFD0502FE
FFFD02FFFF0802FE
00030300000003FE
01FF02FD0205FCFD
02FC01FD000405FE
FEFD00FEFD0604FF
03FE0100FD01FCFE
0300FEFD010701FD
070001FC0206FEFF
0301FE04FC04FDFF
02030102FE06FF01
01FC02FF01070301
05FEFE00FB0102FD
04FC01000000FD02
0803FE03FC0703FC
04FC0003FD01FD00
000100FFFF0302FF
04FF02FFFD01FC04
FE0203FE02FF0303
05FEFEFCFD000201
FEFDFDFFFB00FF00
FDFC0203FD050000
03FDFF020105FBFD
FF00FDFCFE02FE00
FEFEFFFDFD010302
FE000200FFFD0200
0100FFFEFDFF0203
02FEFF0302FB0302
FF02FFFCFC05FEFF
FFFEFE010304FF00
03FD0102010400FC
00FC020201FF01FD
FBFC02FCFEFF0202
00FD02FFFEFEFCFE
04FE02FF01FFFEFD
01FF00FF02FA03FE
0001FFFCFFFE0300
FDFE01FDFB02FEFD
FB03FFFD01FB0302
FF01020001FEFE03
0301FD0104FF03FD
02FF01FCFE00FD01
FE00FFFF0301FE01
030203FCFC04FFFF
FF02FE0300FFFC01
0000030103FEFC02
FD0300FF00FB03FF
FF0302FCFF03FE01
00000000FDFDFEFF
FE02FFFFFB01FC01
03000102FEFF0202
FAFE0201FFFB0301
FCFCFE00FCFE0302
F6FFFE01FCF702FF
FCFFFE0100F90102
FA01020102F8FD03
000103040201FD03
03030402FE02FBFD
FF020501FDFEFEFE
000000FE00020301
00010001FF030302
FC01FDFF04FCFCFC
FB030003FEFBFE04
FAFC0101FCFE0001
FEFFFDFC02FF03FD
FEFEFF01FCFEFCFD
F9FE040300F90003
F7FE01FF02FAFD01
FE00FB03FF0003FD
FDFFFF0201000102
FDFD0302FCF7FE04
F6FFFE02FEF8FEFE
01FE01000000FEFE
FEFE0200FFFDFFFD
020103FEFF02FC00
FB00FEFFFC0204FF
03FC0104FD01FE03
01FB010404000302
FF020301FC040200
0101FC01FD01FFFB
0500FB0301000100
02FB00FFFDFF0303
06FDFD0101020003
FCFE01FE03010202
04FEFFFE01FF0002
FC0100FD02FDFD00
0102FDFF01FBFF02
00FD010000FF03FF
01FF03FF010101FF
FF01FBFE0206FFFE
FC0302FEFEFF00FF
0203FF01020503FD
02FEFD0302010201
0101FFFE02050204
FF03FD00030200FC
05FEFF02FC06FF00
06FF02FDFBFFFE00
FEFEFE0001030101
FEFFFE040101FDFD
050304FD0300FE02
0401010403FE0102
FE03FE02FFFEFFFF
060002FDFE030401
02FD0200FC0003FE
0300FEFD02FFFFFF
FAFD01FD03F900FF
FCFBFF0001FDFFFD
020102FD0103FCFC
030302FFFDFEFE01
FCFE02FE020201FC
02FF04FE0000FD04
00FCFE00FFFEFD00
01FDFFFC0301FEFF
01FF00FF0101FC01
060302FDFF0102FC
03FE01FE0000FDFE
FAFFFE0300000300
FE0302FCFDFCFC02
01FE02FDFDFD0003
FEFCFC0201000201
02FCFEFF000103FC
FCFBFEFFFEFCFEFF
FB03FBFDFC00FEFF
FEFFFFFE03020502
040301FD03FE0100
03FE01FFFFFF0201
020002FDFD030000
FFFC01FF00FEFFFE
FF0200FC0103FFFE
FEFCFFFE00FF01FE
02FE0301FEFE0103
FD02FCFEFF040002
02FFFF00FE020200
FD00FE0301F9FDFC
FB04FC03FCF9FDFC
F9000302FC00FD03
0400FEFD0302FDFC
FF00FD00000700FC
02FEFF01FC05FC00
020303FFFE0102FE
04FF00010205FFFD
0100FCFF0307FD02
02FCFF00FD07FE00
FF02FE00FD000202
000102FC02080301
FF020403FF06FE00
FE04FDFD0202FEFF
030201FF010102FE
05FEFBFFFF020302
FF03FCFEFE08FF02
03FC01FDFDFF04FC
04FC0302FE05FD00
FF030302FD0303FC
04FF0104FC04FFFF
02FF02FD0105FEFF
01FDFCFCFE06FD00
0203FD010006FD00
03030000FE030101
05FD0301FE040300
00FEFE03FDFD0502
0200FE0002050401
05FF000102050203
0101FC030206FFFC
01FCFC04FE0004FC
FE00FE03000303FF
01FD02000100FFFD
FD03FFFE0100FE00
FD04FCFEFE03FF04
03FCFC02FF0204FD
0000FBFEFF0403FE
04000000FD01FFFF
FF0202FF0204FDFE
04FCFD00FDFF02FD
0600FCFFFC04FC00
01FCFEFFFFFF01FC
00FD02040001FC00
FF01030002FDFBFE
FDFFFB0202FEFFFF
FEFD020001FEFEFF
FF01FF010104FEFC
FD02000201020202
FBFF000200030401
FAFE01FFFEFCFFFE
01FEFFFD0202FCFE
020102FEFF0401FC
020100FD00000103
FBFD01FEFFFAFD02
03FE00FF0205FDFD
01FFFDFFFC0401FB
03FE00030004FEFE
05FD000102FFFB00
0400FD020206FFFC
04FDFC00FC0100FF
040300FF01000100
0502020104FEFD03
02FE02FE0101FBFB
FEFFFF03FE02FE03
0200FCFEFF02FE01
FFFD0003FEFFFBFF
FF01FD00FEFDFF02
FFFF000001FC0301
FDFE02FD03FCFA02
FEFDFDFEFCFCFEFF
FC02FFFFFEFE0101
FC02FE00FBFEFCFD
FE03FF02FFFDFCFC
FCFE0403FEFFFF01
FFFBFDFD02FA01FC
00FD010002FFFFFF
FFFF02FF00FEFCFD
FD0101FEFD00FDFF
FEFF0300FFF9FE03
FA0100FEFCF7FC02
F901030201F3FF03
FDFCFDFFFFFB0203
03FCFE0302FCFAFC
FC01FE0201FF0301
F80002020300FB01
00FC0102FE0301FD
0702010200FFFDFE
03FD0203FC030102
F800FFFD02FC0200
0301FEFDFE03FEFC
02030000FD02FFFC
070201040203FDFF
FDFEFDFE0303FB00
02FFFEFD01FBFC01
0401FDFFFF000201
FF02FD0002FE00FB
FD01030303FC02FC
01FC01FD0102FE02
0301020000FC03FE
01FFFCFD00040402
FC0400010101FFFF
F90001030201FF03
01030302FDFFFF02
FD01FFFF0000FC00
FD01FD01FCFD0304
00FFFEFCFCFE00FC
02FBFE0302FD00FB
02FFFEFCFCFFFF02
FD0204FCFFFFFE00
FBFF02FE0001FD03
01FBFDFE010001FF
FB00FEFFFEFFFE03
FD0001FCFEFF0001
FA0000FE03F80204
0100FEFF01FBFFFF
03FF0103FDFE0103
FE00FDFBFDFF01FE
0101FFFF020103FD
01FEFD000000FCFD
FFFDFEFC02FD02FE
FF020301FFFDFD02
FEFCFE03FFFB05FF
FFFF02FE000400FC
FA02FBFEFEFF0303
F9FEFC0302F701FC
0102FD03FDF902FC
FDFF020003FEFFFE
F301FDFE01F40100
FDFD0101FDFB01FE
FF01010201FAFCFE
FD020203FCFDFC00
0400010200020000
01FD01FE020001FD
FB010301FCFFFC03
FBFE01FE03040102
05FDFF01FCFEFD03
01FF01FEFDFCFCFF
03FFFCFF02040402
070101FD03FFFEFC
FDFCFD03FB0601FD
FF01FEFD00FD0302
0304FCFE0202FDFC
0203FCFD01000003
01000403FBFE02FF
FFFE020103FEFE01
0002FC01FE010102
FE03FE0100FA00FE
040100FEFDFE0203
00030002FCFD0203
FE0502FEFF00FE04
FEFB0004FC01FDFC
0403FEFCFB03FC02
02FEFE02FFFAFD02
FEFC0200FEFD01FF
FF04FC03FFFEFE01
01FCFD01FE0100FD
FA0202FFFBF903FD
0302FAFC00F90203
FE02FCFFFE030000
FD0202030202FFFF
FAFFFD00FEF800FF
010102FC02FEFFFD
02FF0300FD0002FE
0101FF02FEFFFCFC
000001FDFD0100FD
FDFCFD0101000103
050401FEFC02FDFE
FE00FDFC03FEFF01
FC02020102FB02FF
FFFDFEFDFF01FFFF
0002FDFC0002FD00
02FCFD040101FE00
FBFE020301FAFFFD
00FB0100FDFF02FD
0501FDFDFF04FB01
FF02FD0401040102
0004FDFF00FD02FE
02FF00010000FF03
020003FF02020002
FDFCFDFDFEFCFF00
FCFEFF020000FDFD
0600FEFFFD0400FF
00FEFBFEFF050201
FD01FEFE0203FE02
04FC00FEFF020100
0402030001FCFEFE
FFFFFDFDFD03FE01
0002FD04FC0301FE
06FD010202FD00FE
FFFDFC0202FBFD02
0001FDFC01FD0201
F8FDFF00FFFB0104
FEFF0003FFFA0402
FCFFFF04FFFCFF04
FF03FC0001010100
FBFFFE03FEFE0100
FF02FCFC01FFFC01
01FE0403FCFA00FF
F904FDFCFB0100FE
FB000302FCF701FE
FA00FCFD03F7FD02
FE03FF03FCF90003
FB0304FF02FC02FD
00020103FFFEFC00
FCFDFFFDFFFB01FC
FC01FC03FDFB0102
FD03FCFFFCFE0002
00FD03FF02F9FC03
FDFE0302FEFF01FC
03FE020202FE01FF
FF01000202FFFDFF
0201FCFDFC03FDFC
FE020202FF00FD00
FE02FC0002020103
020100FCFD060303
FFFC01000201FEFB
0400FD00FF010002
FF0001FEFFFDFE03
0202FDFEFC00FDFC
01FDFDFDFF00FC01
0400FC020000FDFD
01030302FDFC0201
0102FDFF02FDFD03
05FCFDFDFC010000
0700FE01FD01FCFC
FF0200FD000400FF
FEFE0200FE0403FE
FF010101030505FE
01FD02FEFEFEFC02
020004FCFDFD0000
0303FC03FD01FC01
FEFFFF020400FF02
FB02FD01FCFB01FE
01FEFE01FD0102FC
FE01FC0102FC0001
0002FCFDFCFC0400
0000FE00FF00FF03
FE00FEFDFEFF02FD
00FF020101020104
02FD0201FE04FC03
FAFDFD01FD000001
0200FE01FD020101
FE0102FEFDFC0001
07FDFE02FE01FFFB
01FC0102FE0604FD
06020303FE04FDFD
050201FC030404FE
FF04FDFD0205FF03
0703FD01FD0700FC
01FDFEFF01070203
00FF03FC00060003
02FC0203000500FE
0102FDFDFD060002
04FFFC030009FCFF
00FD00010005FF02
030101FEFC050200
02FF03020303FE00
010101FEFD0600FE
01FE01FEFC01FEFD
FEFDFDFFFD010300
02FEFF0002FD01FE
02FD00FDFE04FE02
0501FCFDFE010101
00010202FC020000
FFFD00FE01000101
03FD03FE02FEFCFF
FDFFFDFD01000101
01FFFCFC0300FEFD
0002FCFF0303FCFE
02FF00FE0001FB00
FCFE000300FF01FF
05020000FE00FDFE
03FF010403FDFF03
FE010002FCFEFEFC
00FC0001010002FD
0001FBFE0205FD03
FA030201FE0101FD
000203FD0003FDFC
05010003FD07FE01
08FDFC040304FD03
0101FCFD000600FE
02000001FF00FCFE
FD0002FF010502FF
06FF02FCFDFF0101
01FD00FD0004FEFC
0103FFFCFEFE00FE
060201030006FE00
0101FD01000404FF
040104FD02FE0100
02FE02FD01000200
0200FE01FD01FDFF
030201FCFD000203
01FC02020202FBFD
01FDFE010100FF01
01FFFE0201050401
06FB03FFFE02FDFC
FF010400FE010103
FCFEFD0000FFFD02
00FC02FE00FFFF03
040101FD02FC0202
FE00FF02FDFD0104
FC00030102FBFDFD
04FFFEFDFE00FDFD
04FCFDFD030403FC
03FE05FF0300FF03
FF0100FEFDFCFE00
00FC00FD0203FEFE
02FFFEFD02FDFD02
F9FE010200F800FF
FB030302FDFDFBFF
FC00FC00FF0101FE
00FEFCFCFD02FE01
02FCFF02FEFD02FD
01FEFD0302FE03FF
FFFBFF03FF02FD02
FCFD0200FE03FDFD
01FF0203FB00FF00
FD04FE0201FF0201
FFFCFFFEFBFFFCFC
FF0101000000FFFE
FD0102FD02FAFF04
FEFFFC0102FBFD03
FE00010300FFFEFC
00FCFD0200FEFFFE
01FC020200FFFCFC
0202010001FB01FF
02FCFC00FE02FD03
05FE000101020004
02020203FE0002FC
00FB00FFFD04FAFD
0001FFFD01FDFF02
05FDFDFD0202FD03
0600FE0101FDFCFD
FB0302FFFF0000FD
0003FFFB02FFFC02
FE02FC03FBFEFC02
FE03FB0002FCFEFD
FDFE03FCFC000102
0002FE0204FBFE01
02020200FC000201
03FCFDFDFFFFFEFF
FDFF0300FF0302FF
02FEFEFF00FF03FF
0201FC0302FEFDFF
00FC030203060300
06FF01FD00FDFCFC
01020103020604FC
010201FEFE0601FE
06FDFEFD0107FEFC
FDFF0500010101FF
010202FDFF01FFFC
FB01FFFD03FF0303
FF030101FBFD00FC
FD00FEFE0300FB02
010002020401FF02
0201FCFFFD010100
FD00FC0001000301
FA0004FC00FCFF02
00FFFDFD0101FF00
0001FDFEFC00FF01
FDFFFDFC02FD0102
FD00030001FCFFFF
03FCFA0202030100
0303FD030101FDFD
0203FFFCFFFEFE02
04FE000102FF02FF
FD02FCFEFF06FD00
FF00FCFDFD020200
FAFEFF0203FE0300
FD03000202FBFF00
FCFEFD0102FAFE04
FEFF01FA010302FE
02FC01FEFFFF03FD
02FD0102FCFEFD04
0502FFFE020400FC
05FE0004FC00FFFC
01FCFE01FF03FB03
02FC0100FD03FDFB
02FBFB02000303FF
FE03000200FE02FD
03FB0300FF0501FE
FE01FFFDFD0501FE
0401FD0101FFFF01
FD0102FCFF020401
FEFCFEFDFEFE03FF
FD00FFFE01FE0200
FB01FCFC03FE0300
02FD00FDFE03FF02
00FE02FD02FC0203
FDFFFFFEFF0102FC
00010200FFFE02FB
04FEFF0402030103
FC03FEFEFF03FFFC
05FDFEFEFC02FEFF
01FFFFFEFFFD03FC
FCFF0102FBFEFE02
0200FE010303FE04
01FCFDFFFE03FDFE
0302FF01FEFC03FB
FEFC00FDFDFC00FD
FC03FD000000FF01
FBFC03FFFFFE0201
01FD0301FDFFFFFE
FD03010200FE0402
F8FE0200FCF90104
0001FDFDFE02FEFC
FEFDFCFFFF0002FF
FFFCFFFDFD0303FF
020300040003FDFE
07FC0300FEFF04FC
05FEFFFCFEFFFF02
FB01FF01FDFDFC03
FFFDFD00FCFE02FE
FF0101FD02FF0203
03FDFCFD02030304
FB010002FCF60104
F501FE00FCF7FD02
F8020103FC01FFFE
00FFFDFFFE000203
08FDFFFE00040300
00020303000700FC
0501FE02FD06FE02
06FC00010003FE02
FEFDFC04FD07FF01
04FFFE03FD03FB02
03FEFCFEFC01FFFF
08FCFEFD0101FD02
0101FD0300070001
0301010200FFFDFE
09FDFF02FD02FE00
0304FEFCFD01FDFE
0003FCFD02FF0100
0401FFFC0004FCFE
06FD0302FD060200
0002FC0004FFFF01
06FDFFFD01030300
05010100FDFEFFFF
FF00FE02FFFA02FE
02FC01FCFD01FEFF
00FCFD0100010401
FC00FF0203F9FD02
00FEFE0103FCFC01
FE02FEFE01FC0100
01000003FDFF0000
FE02000101FEFC01
FCFDFF0003F90400
FEFFFCFC000001FF
FF030003FCFE0201
0203FEFCFE00FEFD
03FC02FE01FEFF00
00FFFDFF01FBFFFC
00FFFB02FCFF0202
FDFCFBFD01FA02FD
FF00FFFF03FEFF02
FFFEFEFF000301FE
0101FEFF000301FE
04000003FD000400
FFFD01010303FFFF
FE000003FE03FDFD
FE030201FB01FE03
04000002FEFFFD01
00FDFC03FF05FCFE
03FDFBFF03FEFFFE
FCFFFDFC00FF01FB
FE01FDFD01FE0103
030202FE020202FF
FD03000100040000
030303FD03020202
01FDFDFDFF04FD02
F8FE0201FDF9FFFF
00FF01FF01FFFE00
FF03FD00FEFE0103
00000102FD00FE03
00020301030201FB
FEFCFDFF0205FCFD
0002FEFC03040001
FD03FCFF00000103
00FF0202FEFC0302
FF010004020001FE
03FF030202FDFC01
0001FEFFFE01FC04
0102FC00FFFFFF02
0003FEFC03FFFDFD
04FB02FEFE01FE00
02FC01010003FD01
04FFFD03000404FC
03FCFFFCFD04FEFF
0103010303FF0301
00FC040101FE0200
010303FFFFFD0300
0504FDFE010100FE
0000FEFF0303FEFE
FCFFFD02FBFCFCFF
FD0303FFFE0103FD
FCFEFE03FC02FD02
FF0301FEFCFEFC03
04FE0200FB010102
0200FF0301020001
FFFBFE01FDFE03FB
0402FDFD040501FC
03FF0300FFFBFEFF
0200FDFF01FE02FC
03FFFF0000FEFF03
03FDFC010305FF00
FC020003FCFDFCFD
00FCFCFDFDFE0000
04010203FD02FEFF
FFFD0202FCFFFEFF
FAFF000300FD0001
010203FD0301FFFF
02FFFF0301000301
0000FEFC0201FC03
F7010001FDFA0001
FDFCFE03FF000203
FAFCFEFCFF0104FF
FC0203FCFEFB03FE
F802FFFEFFFBFB04
0000FCFF0000FBFC
FDFCFC00000001FE
00FCFCFF0102FCFC
FDFCFCFCFF030000
FFFEFE02FFFB0301
FF03FBFE0401FFFE
000000FC0100FCFE
FB00FEFFFFFCFEFD
03FC000000FDFDFF
0103FF0100FB02FC
FCFCFDFD02010003
FAFF00FC0201FE01
03FF02FC01FEFDFE
000100FDFFFC0103
FFFE0001FF0301FD
000100000004FD00
02FF0103FF030201
04010301010004FF
01FEFCFFFF01FE00
FF02FFFD02FE0103
03FE0000FC0305FD
0200FEFB000302FE
F7FEFD0102F900FE
00FDFE0000FB0402
03FD020302000500
FE04FDFC010001FF
F4010000FFF801FE
F6FC040004FAFDFC
FB02FC0002FFFEFE
00FE03FEFE01FEFC
FF0000FEFEFF0200
FF010002FF03FC01
010200030103FFFF
02FDFCFEFF010002
020204FCFF00FEFF
08FE01FF00FFFDFC
02000102020200FF
0602FC0103070102
FB020200FC0001FC
02FE02FE000501FC
0100FCFDFF00FEFF
00FE01FFFF050101
02FCFE04FBFF0201
040004FFFE04FFFE
020104FD0202FC00
FFFE0102FE030200
04FE01FCFD0301FF
0303FDFC02000302
06FDFD00FF0001FF
01030101020400FB
FCFEFE01FDFD0300
FFFCFDFEFEFEFF01
FEFEFD01FFFE0201
0001FDFEFE0202FB
FCFFFCFDFFFCFEFF
FF0001030102FF03
FC00FDFD0001FEFE
F8FE03FC01FF03FF
F7FB0203FCF805FD
F7FD02FC00FB00FC
F6FFFDFC03FE0203
FBFDFE0004FB00FC
00FF00FE0105FEFD
FC0202FC010001FE
04FE02FF02FDFE01
FFFCFFFEFD05FF02
04FEFEFD02020401
020003FDFF000101
0202FCFEFEFEFF03
03FBFF0000000102
0002FEFCFC06FDFF
02FC00FF02FF0103
01FF03FFFEFEFFFC
FFFCFF01FE01FE03
000202000307FFFE
FF01FDFD000204FE
FCFF000002FCFF03
050200FE00FE01FD
01FC0201030304FB
FBFC0101FDFF0204
FBFEFDFEFCF90100
020202FE0102FE02
04FEFFFCFB0002FC
FF0200FD01FFFCFE
000102010100FF01
01FCFEFCFF03FC04
0701FC03FFFEFD03
FFFB0300FC020203
07FB00FE01FFFD02
FF0200FE000100FE
00FC0000FFFBFDFD
01FD00FDFC0401FD
01FB0103FE010103
04FB0002FFFCFCFF
FBFFFBFFFF000200
FFFC02FEFFFDFD03
FAFEFF0102FBFF04
FBFC01FEFFFC0003
000202FC0102FE02
01FF0101020004FC
FEFDFEFCFE0001FE
0002FEFFFC040000
FE02FF010001FB03
0400FD020005FCFE
0203FDFCFFFE0002
03FCFBFC01FFFEFE
02FD04FE00FE0300
0201FE0201FEFF03
F900FC01FCFD0101
FF0100FDFD02FE00
090001FDFE0501FD
01FC02FFFF050103
0901FD03030800FE
0103FC03010403FE
04FDFD040106FD03
FDFE00FD010102FD
000301FDFE0302FD
07FDFEFD03050103
06FF00FFFB0802FF
FF0001FF01050200
02FF0101FC0802FD
FF0303FC0204FE04
FFFD01FF0207FE02
04FDFF0203000201
01FDFFFDFF0501FD
070204FDFF0300FF
0001FBFDFF02FF01
FF00FCFE02040402
FDFC00FCFF03FF01
010000FD0202FF02
040000FF010303FF
FEFB0203FEFD03FE
0002030302FFFE00
00FC0303FDFD0001
040101FE0305FE03
FD03FD0101FBFDFE
F900FEFCFCF90202
FCFFFCFFFB01FFFE
040203FD03040303
0102FD01FCFFFEFE
01FDFF030202FC04
FBFCFE01020302FD
02FF0002FF07FF01
FDFFFEFF02FBFC03
FD0101FFFD00FFFD
FE000000FE01FE02
02FEFE02FB0201FC
FF020303FDFEFCFD
060102FDFC0200FC
FD03FFFC0200FF01
08FC00FDFE0400FF
F90400FDFBF900FF
FA04FD00FEFE0200
FF0003FC01FC00FF
01FF0000FF01FF00
FE0301FE00FCFEFF
FEFF0000FEFE00FC
01FFFE0201FDFC01
FF03FC03FDFFFEFB
FF0101FE0306FEFE
05FEFCFCFD0203FC
030201FCFC0102FB
FD02030401FC01FF
030101FF00000005
02FE01FF020203FF
FCFDFF00FE0003FE
FB00FD0000F803FD
F90301FDFFFD03FD
FFFFFF03FEF9FE02
0102FE0102FFFF03
F6FDFEFDFDF7FD00
F7FF03FCFFF3FCFE
FC0003FE02F9FEFD
00FDFD0002FFFB01
060300010205FF03
04FD0301FCFF0000
FE00FFFDFEF90101
04FDFC00FFFF0403
00000003FEFEFC00
FE0301FE00F9FFFC
02FCFBFD02FF03FD
FE02010401FDFE01
FEFD02000204FF03
FFFD020003FFFF01
FE0302FCFFFF02FD
00FFFFFC0000FD02
06FF03FF03FF03FD
FAFE010102FCFFFF
FA02040104FEFDFE
F900000200FCFB01
06FCFEFD0102FFFF
FBFEFBFE00FC0001
FB010002FDF80101
01FFFDFE0303FF02
02FF01FE00020002
FDFCFDFD01FDFFFE
FDFF0100FFFA0302
FEFF01FFFE000201
00FBFF0000FEFFFE
0201FEFFFFFB02FF
FC03FFFD02FC0002
04FE0403000400FE
04FE00FE01FFFF01
020200FDFC0302FF
06030201FD0301FC
0301FD00FD02FF02
0100FD01FF02FFFF
030200FCFCFF03FD
0002FD01FE040203
02FCFCFF000201FB
F9FFFC03FF0400FD
0501FEFE04FD00FD
0302FCFDFD01FEFD
02FC000000FCFFFC
FDFD01FE02FB0000
FF01FFFE02FC0000
01FEFEFCFE020200
FEFCFE01FE000200
FF00FDFDFE00FDFF
F70200FF01FA01FD
FCFD01FD01FFFE04
FD00030003FDFDFC
020101000202FEFC
060301FEFC000303
080201FCFC050100
02FFFD03FC00FF01
FFFE00FDFFFF0300
FEFCFD03FCFD0102
FCFF00FDFBFEFE04
01030303FD010300
F9FFFE0101FBFEFE
F903000000FF0300
F7FE01FF03FA0103
FCFCFFFD01FD01FD
FD0000FDFE0103FC
FBFD00010303FD03
F90100FFFDF7FDFD
FB000001FFFD02FF
060302FE0306FE04
06FC020300020001
02FEFEFD0303FF00
070001FDFD070201
0003FEFFFF020203
0600FDFD03060002
050204FE0007FE04
01FE03FD020603FB
01FFFCFFFC02FE03
0301FEFCFD020101
0202FD03FE03FE01
FC00FCFD02FEFFFF
FF02FE02FC04FE01
06FEFDFCFF0304FE
03FD0103FF05FFFE
0002FD0201FE01FB
FE03FC02FE00FF02
FAFFFEFF00FE0000
FAFD0101FCFF0000
00FFFD0300FCFEFE
FCFDFD0002FB0003
FCFC01FFFDF8FFFC
00FF02FCFDFA0101
01FC03FFFEFF0002
0200FCFDFBFEFCFE
01020402FEFCFCFC
00FCFE00FD03FE00
01FB00FFFD03FC02
FD0000FC0003FFFF
F9FC03FBFDFAFF02
FD04FFFE0201FDFF
FF010101FEFA00FC
02FD0200FD060101
FD0100FF0204FD01
00FD0101FC020202
FDFDFCFDFD020100
040203030200FCFC
02FF0003FE02FCFF
FD00FE01FCFCFBFF
0101FC020200FC03
FFFB0102FE06FCFF
0301FC00FE02FEFD
00FB010002FF01FD
03FF0302FCFF02FF
0302FC03020505FC
FE01FF00FE01FDFD
00030200FC030102
03FBFE04000500FD
FFFFFFE3FFFFFFDC
FFFFFFE60000002D
00000004FFFFFFD6
00000031FFFFFFD9
02000102010302FC
0402FE02FC02FE01
010203FEFD030506
04FF0301FEFDFFF7
020301FD01FD03F7
01FE020200020002
020301FD01FC0200
0203FC0103FEFFFD
03FF0103FDFFFE04
FD00030401FD00FA
FDFFFD0102FCFCFE
0201020102FFFEFF
07FC02FC0100FFFE
0100FE0002FE04FD
FD03FC02FC02FC04
0200000303FC01FE
FA0302000100FE04
050100000300010B
05FB02FE02FC0002
FFFCFC0103FE010B
FD030401FE02FEFA
02FEFFFC0301FEFD
01FDFBFF00FE02F8
FDFC0001FCFE02FF
FFFE010302000003
0703FEFDFDFF02FC
02FDFDFD040000F5
04FDFFFD01FF0302
04FEFDFC01030003
000403FE03FF00FC
00FC0301040102FA
04000002FFFF00FE
F903FEFEFC02F8FB
FB0402FE0100FEFD
F9040103FEFCFEFF
00FCFDFEFEFCFF02
FC0301030003FE00
FDFF00FFFFFD00FE
FE0300FF00FC0205
FF01FC0203FF01FE
FC02FEFEFE00FEFF
FFFCFE00FC01FC0A
FE0003FC03FCFB03
FAFDFFFEFEFCFEFD
FA0001FD03FEFFFF
FBFCFC01FFFE0201
FA01FFFFFE0201FA
FF0300FDFE01FD05
FA05FEFE0102FEFE
01FB020200FDFDFF
0002FFFC0201FF02
0104000103FFFDFD
FEFF01FF000101FF
FFFDFDFF02FDFCFF
000202FC0202FB01
000303FEFD00FBFE
050002FEFD0100FC
020001FD03FFFCF5
020102FC00FEFF03
00FE000004FEFE02
05FCFE00FB0204FC
030001FDFE00FF01
01FF010202FC0404
FF03FD03FE000104
FF01FFFE01FE04FA
FDFB03FCFD02FFFE
030203010202FFFE
00FC02FDFE00FDFE
0001FDFBFDFD01F5
03FEFCFFFE000404
FFFD02FFFEFDFD06
00FD05010300FDFC
0100FC03FE0102FD
03FFFDFEFFFF0009
FE01FE02FF020200
04000101FDFCFFF9
0301FDFE04FE01F6
FD03FC010301FF04
FEFFFE02FDFCFDFC
05FE0302FEFDFFF6
01FFFFFCFF01FCF6
0202FCFE03030002
F90103FF04FCFDFC
FFFE03FCFEFEFE00
01010300FEFE02FC
FE0101FCFB02FB08
01FBFC00FC020305
02FD00FC03FF00F8
01FCFF0303FFFC02
FDFF0200FFFC0006
F9000003FDFDFE08
FE00FDFF0202FD02
FB0101FF0200F9FD
FD01FC0302FD0004
FBFEFCFDFB03FC03
FFFA02010103FFFE
02FF00FEFDFD02FB
FF03FEFF01FDFD06
F7FEFFFD03FDFE05
0402FD00FCFE00FF
020200FDFF0302FD
FA000100FDFD0401
FD02FCFF0400FD08
FFFEFC00FEFD00FD
0003FCFEFEFC0203
010001FD04FC020F
FFFC04FEFD03FD09
FB00050000FCFD05
FDFEFD0301000004
F9FDFFFEFD0100FB
FA0001FF020401FE
FCFB03FEFB00FF00
F90102000003F9FD
F802FFFC03FDFDFA
FCFCFD00FF03FCFC
00FFFC02FE0401FB
000302FEFF01FDFB
F901FFFFFDFF0402
FEFDFDFF0100FCFF
02FEFFFEFFFFFF04
FDFD0003FE02FF01
0002FFFCFF03FA02
FB02FFFCFF00FA06
00FCFC03FFFDFFFE
FDFBFEFE03FDFEFD
FEFCFE0302010006
FAFE00FD01FE0203
03FBFF000201FEFF
FE010301FDFDFFFD
04010100FEFE00FC
030301FCFF010706
02FCFE02FD0000F8
FD03FE010300FDFD
0101FD0201FC0200
01FCFCFEFEFEFBFA
04000002FEFD01FB
00FF03FF000203FE
01000001FFFCFB03
FEFD02FE0001FDF7
0602020003FD05FD
FEFE0302FF0100FD
05FEFB0400FD0106
04FCFEFE00FD02FA
01FCFD000403FD00
05FFFEFC0300FBFE
FF030003FCFCFAFE
FFFF0001FD00FF05
FDFFFF03FDFD0505
000101FFFD01FDFE
FDFF01FC01FE00F5
03FEFEFE02FD0000
01FEFCFDFEFF0206
FEFF0202FEFE00FF
0401FEFC020205FD
03FE01030100FCFD
0402FFFF00000405
FFFD02FEFF030303
03FF02FF02030007
05000200FDFE0102
0102FD0201FCFE04
FDFE00FD00FBF902
F8FCFC0201FCF9FB
F8FDFD0303FCFF03
000002FF02FF0202
F90202FD0201FC03
FC030100FFFD0000
FFFE020001FEFDFC
FE02FDFEFCFFFFFE
FDFF0404FEFCFE05
0202FEFCFDFCFCFD
0103FD0301FFFFF8
FCFF0103FF000305
FA00FE03FF030103
FD01FE01FCFFFCFB
FE03FCFD03FD0101
FC0001FEFF020106
FDFF0202FF04FC01
00FE03FF0100FDFC
FCFF010403000504
0003020102FF0001
03FCFF03FC02FD07
00FC000303000602
020202FFFE000208
01FE04FEFCFF0207
FE02FEFC02000102
080302FEFE030405
0700FEFDFEFE0905
01FF040200FF0106
FC0302FC01FF0306
04FE02FFFE02090C
05FFFF01FC000102
FCFD020301FEFFFF
01FEFFFCFEFEFC02
0102FE0302020104
040203FF01FF030C
FFFF02FC000203FD
03FC00010000FDFD
FF0304FF01FE0504
0301FE0301010509
FBFCFEFF0202FFFC
02FD05020002FBFC
FDFBFCFCFD0200FC
01FCFE03FE00FE00
FFFD03FFFC0202FF
01FD000003FE00FD
FCFFFDFF02FFFD04
FEFE000200FF00FF
FF02FFFEFB010201
FFFE00FC0103FBFC
03FF00FD02FFFDF7
04FD0103FFFC06FC
FE01FF020000FFFB
0301FC00FDFE04FE
FAFE01FC0103FBFB
0002FDFE00FD00F0
04FF0203000104F0
02FEFC02FEFC05FC
01FF020001FC00FC
FD0101FF0002FCF7
0401FE0001FFFEF6
FFFC0203FBFB01FF
010302FD01000103
03FFFDFFFFFD0002
0501030302FC0301
FE00010403FC0100
FCFDFD0102FEFE00
FC0201FEFFFCFF03
FE00FD02FCFE0004
FF02FDFF000102FD
00FDFF01FE000209
03FD04020101FF07
FAFDFF0102FCFFFF
03FDFF02FFFE0201
04FC010003FF0305
0400FEFE01FD0506
FDFD030103FFFF04
01FF0003030300FC
FC0004FDFFFEFF05
010003FE0304FFFE
FEFEFF00FCFFFF03
0101FD00FCFF0007
F9FF0001FEFE0000
F90202FDFEFFFDFF
FA00FC0200040106
FF0102FEFE01FEFF
F8FDFF0203FDFB08
FAFBFDFCFDFD000C
FCFD030302000607
FCFDFF03FFFCFD01
FA0202FD01FE0108
FB0300020501FE04
01FE01FD00FC02FE
FE01FF00FFFFFDFD
FBFC0000FEFEFE06
FB02FFFCFFFE0106
01FDFFFC02FCFF00
01010200FD00FCFB
FBFF010003FE02FE
FDFEFE03030000F8
03FF020001FE0102
FE0201FD02FFFDF8
FCFF0100FEFD02FF
FE03FDFF04FD00FE
FEFDFEFEFF01FCFD
FFFE02FEFBFC01FF
FAFFFFFD01FEFAFC
FC00FB03FF00FBFE
010100FDFCFBFDFF
FF02FCFD0001FAFB
010002FCFD01FC01
FE03FFFCFCFDFF04
01FEFD0201FC01FE
01FEFF03FFFD00FC
04FFFEFCFEFC030B
020003FD02FF0309
00FE02FEFB01FFFC
010204FD02FE00FB
FC0100FD03000008
02FD0100FEFD030C
FCFB03FE00FFFAFB
02FDFDFFFE03FD01
FA00000002FCFBF7
FDFFFDFE02FD0101
FD010201FEFCFC00
01FDFEFDFF03FDFC
FCFD0003FBFCFEFD
0000FDFE010102FD
FEFD01FFFE02FF02
03FFFD0103FFF700
08FF0001FDFD0908
01FCFFFDFF000500
03FFFC03FB010301
FF03FCFEFD0401FF
0000FD02FDFFFEFE
FE020100FE03FDF8
FEFE01FE03FC02FE
0201FF0200FE0002
FF040002FC0202F7
02FDFE00FD03FFF9
FE00FB000101FE01
FFFFFD0302FD0004
04FFFD02000400FF
00FFFC0203FDFF00
FB0001FF02FCFBFB
03FCFF000200F9F3
0A02FBFEFE000708
04FE0002FDFF0A04
04FF00FE02FFFFFA
030100FF02FC02F8
03FDFCFEFDFE060F
06FF01FD0200090C
FF01FCFF00FE01F3
FE03FEFFFD01FBFB
FFFC0000FE0302FF
FF02FCFF03FE010A
FBFBFD030103FEF8
00FD0102FDFE07FD
01FB03FE0002FF05
FCFD0202FC03FCFB
FF0303FD01FD03F4
FEFE00010300F8FB
0403FB01FF000202
03FD04FD00FC0005
FCFD02FDFC01FCFD
05FF0203FFFE02FD
0201FD01FDFF00FE
FE0500FD03FDFC05
03FEFD010104FE00
04FCFD01FCFE03F9
0104FEFFFDFF00FB
04FFFF0000010408
01FEFD02FEFDFC02
0603FEFEFDFF00F6
FF0200FEFD010303
02010004FFFF0709
020001FF03FEFFFC
0402FD03FFFCFFFA
03FF02FCFF020304
00FE01FE01FF02FF
FFFEFDFFFE02FFFB
01FEFBFF00FCFE00
02FBFE02FEFF03FE
FFFC0002FFFF00F9
02FEFD02FD0200F7
FFFE0404FC020500
020000FCFE0302FE
03FCFBFB03FC0301
02FF000202020000
00000302FD0400FF
0100FE0003FF0301
0100FDFDFD020008
FDFCFCFE02FD00FF
0300FCFE02040202
04FD030101FD00FE
06FD0101FDFF0604
FFFDFC00020302FF
0400FDFDFB0101FC
FF010102FDFF0109
04FCFFFDFEFFFE02
010003FEFE0002FD
01FFFC03FB020009
04FCFD0302FC0605
01FD02FF02FFFDFD
05FC03FEFE030601
0003020000FE0000
FEFBFE01FC02010A
0300010101FD0108
01FEFFFD03FF0700
FCFFFDFF02FFFCFE
06FD02FD010200FC
08FF0001FB010300
04FF0102FFFE06FB
FCFD01FE0302FCFA
020000FC00FF0100
04FB05FC00FCFF02
FEFF03FDFCFE04F7
FD01FEFD02FD0301
0101FCFF00020603
05FF03FEFCFCFFF9
06FD0101FEFEFFFF
FDFF03010001FFFE
0503FC03FD000508
FFFDFE03FD000102
00FFFC03FBFE0404
03FB0300030204F8
06010103FF00FFFD
040102FBFCFF0200
04FF0301010003FB
0201FF01FD000100
03FFFFFE0201050B
0002FDFE02030208
030204FEFF0203FE
040203FF02FD00FA
02040103FE000606
00FFFD0204FE0201
02FD01FEFE0103F6
03020300FBFC0100
FEFF0303FE000204
030302FCFCFD0202
05FD00FDFFFEFEFF
FF0200020202FFFE
0500020103020701
03FFFD01FC020301
FE030200FFFF02FB
030203FF0202FEFE
0501FDFE03FEFFFE
FFFCFF0100FE0201
02FFFFFF040401F9
0002FD00FFFE01FB
0301FC01FDFDFDFD
00FEFCFC0303FF07
04FDFBFF01FE01F9
06FDFCFC000007FC
05FD0002FF010406
03FF000302FE0306
FCFFFEFDFFFFFE03
00FB03FEFEFEFD03
0502FD00030000FF
04030002FC02FF04
0101FF03FC0204FE
050102FCFFFCFE00
FF00FEFDFC01FFFB
02FEFDFD02FBFBFA
000100FCFEFFFD00
FEFFFF0003FE0003
0202FD03FE0106FA
02FC00FDFBFCFCF5
0601FCFEFFFE03FC
01FDFDFD01FD0104
05000003FC000002
020003FFFBFBFEFF
0401FC0302020203
FB04FE04FF00FBFE
04FC0100FCFDFFFA
FFFFFFFD000304FC
FC0002FE0203FC03
FDFEFF04FEFB00FD
FDFF02FCFE010203
04FEFDFDFBFDFF01
FAFCFDFEFC01FFF7
06FE04FF01FD0103
04FD04FDFCFBFF06
0A0203FD01030205
01030201FEFD0101
03FE0004FEFDFFFC
FBFD00FF01FF00FE
03FE0301FEFFFF03
FD02FE0203FF02FF
FE0001FE00FEFF04
05000301FC000006
050303FDFFFEFD01
FDFC030003FEFE01
FB040200FDFF0402
050402FDFE000208
05FF0001FFFC0409
03FEFEFDFDFC0504
FE0003FF02030401
04040202FFFE060C
0702FC00FE010507
04FC02FD00FE03FB
FB00030000FF0301
0602FD0202000B0B
030004FFFEFC070D
06FE04FCFD010104
FE0201FE04000300
FF040101FFFF0000
0201FEFBFE030203
00FE0301FE0401FE
0100FE030002FEFD
0003020002000009
FF000200FF02010F
FC03FCFFFF01FE00
030203FF0201FCFD
01FF02FC0301010B
FEFD0300FDFE010D
FFFDFE0002FE0200
FFFFFC0103FFFE01
FBFDFC0000FFFD02
01FF03FFFF03FDFF
FFFFFFFE02FF02FF
FDFC02020003F802
FF02FBFE01FEFEFC
FB03FEFE03FCFAF8
FD02FFFCFCFFFAFE
FEFE02FF0002FFFF
FB01FD0302FFFAF9
FAFF01FE000101FC
FF0100FD00FFFFFE
010201FDFF00FFF8
FE02FBFDFDFC00FB
FBFCFD02FF00FF00
00FFFE02FF00FCFE
01FD01FF0201FCFD
FC03FDFFFE0001FC
FA01FEFE010001F4
FAFDFC010200FDF8
FA00FF04FFFCF901
0402FDFFFF030104
0100FD0103FF0207
FD0300FFFD02FCFC
FDFE01FFFE0201F9
FDFE03FC02FD0204
030201FF01FD020B
FA0302FEFE02FDFD
FBFF020002FEFB00
02FE000002030000
FE010001FEFFFAFD
00FC010100030000
FDFCFF0200FC0006
FD00FEFDFC0204FE
00FF03FEFF00FFFD
01FD02FEFEFEFFFD
FCFC02FF01FCFEFB
01FEFDFCFFFEFEFE
FEFFFEFCFCFCFF01
FCFFFCFF000303FF
0400FD02FD0301FC
08FD01FF02FF0C12
0700FF0100020A11
05FCFEFEFCFF01F9
01FFFBFCFBFDFEFA
01FD020002FD0403
0900FDFCFCFE0510
FEFE02FE01FE01FD
FD0101FDFB0303FC
03FEFF030001FE06
04FCFC03FF03030A
0301FC0301010104
01FEFC0100FFF3FD
0A0002FDFEFE05FE
0500FFFE01FF08FD
02FEFF010200FFF8
01FFFEFDFFFCFDF7
02FFFC03FF0000FA
FBFCFD0000FFFC02
FFFFFBFCFC03FEF9
0502FCFE00FCFDF8
FD0200FFFE00FAF6
FF02FDFC0100FDFF
FB0203FD0204FAF9
05FC030000FD02FC
FF02FE030102FF02
04FCFCFDFD020004
FFFFFD020000FFFD
FDFF0003FE03F9FC
05FD00FF00FEFF08
060203FB01FC0504
010103FEFFFE03FF
01FFFF00FDFFFAF9
FE0202FDFD010104
FAFD04FDFCFFFEFF
FFFC00FD0000FBFD
FBFE0100030200FF
02FB04FFFEFCFCFB
060102FFFEFF01F4
0603FBFD03040202
FD01020200FFFE02
04FCFF00FEFD0401
FEFEFFFD02FEFDFA
01FFFD0001FF02FC
FD03FEFD0400FFFD
0001FD03FDFDFC00
FD000002FE0101FF
0301FDFE01020201
02FC0303FE000208
0002FEFD01FEFF00
03FD0201FD020512
FD01FD00FEFF03FF
0204FD01FFFFFEFF
FD0201FFFE0002FF
06FB03FCFBFC0809
FFFD04FDFEFF00FD
0201FD03FD03FCFC
01FB0002FFFEFE01
01FD000003FF0305
00FDFDFD0302FFFC
FDFDFBFE0300FFFC
0102FCFE0202FCFE
0802FDFCFCFB07FF
0200FCFDFD0000F7
FD03FB03FC03FDFA
01FFFF0301FFFB03
010200FD0100FEFF
000203FCFFFC01FC
FEFCFD00FFFC0001
FE00F901FDFD0305
FEFD00FFFEFFFAF2
05FC02FD0002FE01
FF0303FEFCFDFD00
04FB01FFFBFDFF05
040100FF010201FF
02030302FD020101
0002FF0203FCFEF7
00FF0102FD0103FE
0100FBFE02FDFFF9
FFFDFEFBFD0000F8
FD020003FEFE00F9
FEFC0102FFFC02FC
01FCFEFD0303FC01
04FF03FF0300FFFD
03030100020004FD
FFFFFD03FEFCFDF8
00030103FFFEFEF9
FF020001FE01FCFC
010301FFFEFE00FF
01FEFE04FFFE0401
04FC020000030409
0302FC0302040102
FA04FC02FD03FE04
FA0101FBFE00FEFB
F60202FF0200FFFC
FEFEFEFD03FBFFFE
FD0001000103FFFF
FCFE000100FFFE04
FA040102FE04000A
0201FD01FE000000
F9FD01FDFB030004
FEFF00FF0002FE03
FA0302020001FA04
FE04020103030000
FFFEFE010001FCFE
F80000FF03FFFA08
FDFEFE01FEFE0107
05FD00FDFFFFFDFD
0302FE010300FBFF
04010101FF010307
FD00FC00040200FE
FB020302FEFC00FF
FFFDFE0100FE0001
04FE01FD01FF0405
FEFEFDFEFCFDFE03
00020001FFFC0201
01FD0003FCFB01FD
01FE00FDFEFCFFFF
01FEFEFF00030304
FEFCFF00FB01FFFC
050200FF02FF0401
0502FD00FDFD0507
03FCFCFCFD01020C
FAFC020000FF0000
00FE010200FC04FC
0201FDFD01040403
FD0200FFFCFB01F7
FF02FD010101FFFD
02FDFEFD00FC03FC
FF000200FEFF0409
00FEFCFDFEFE0405
FBFF01FFFEFC03F8
FDFE0102FD00FFFE
FBFD04FEFE00FE09
FFFFFFFD02FFFF05
010300FDFD020000
FDFDFEFF02FFFEFB
FFFD03010103F802
F800FE01FCFCFD03
FD0000FC0301FFFE
FE02FDFCFF01FEFC
04FF0303FB02FEFA
02FEFE00FEFF0804
FE0001FE00FF03FE
FE02020103FFFFFD
0902FFFF00000A0F
060201FE0303070C
FDFCFE010000FCFE
03FD0302FD00FE02
040104FE0003070B
05FBFF030100010A
00FCFE030302FEFB
01FD0003FF010300
03FCFE0002030707
FFFE03FB00030203
02FEFF03FD0303FD
FF00FEFEFCFFF9FA
FF0202FFFE0104FD
0601FFFCFCFD01FC
FF01FEFDFFFCFCFE
FC010000FCFFFCFD
00FDFD02FF01FDFA
010000FEFFFFFEFB
FCFF03FF00FBFAFA
FBFC0000FC00FA00
000000FF03FE03FD
00FD0100FFFFFBF5
FAFFFE01FFFEFFF8
02020103030000FD
FE0302FDFD00FFFE
FEFDFE030201FDF9
FEFCFF00FCFDFFFC
000400FFFEFDFEFE
010400FD00000400
04FFFBFEFFFF0304
02FDFD02FF0101F8
04FFFC0200FB01FC
FEFE0200FE00FF01
02FFFEFFFF00FC04
FE01010200FF05F7
FD01FD0303FF0300
00FD010000020207
FEFCFD000303FEFA
0001FEFF020102FC
FFFFFEFDFCFF02FD
01FC02FFFEFC0201
03FF01020101FDFE
0202030304FE0101
FE010100040101FC
FDFF01FE00FDFFFF
0002FC01FFFDFE00
01FEFCFFFD020300
030104FE02FF01F4
0A0001FD03FD0D0E
0CFFFEFCFC010811
03FFFCFFFEFFFE00
03030201FFFC0201
04FCFD00FC02070E
02FE02FDFF020107
FE010000030303FE
FFFF01FF01FF0400
04FC02FCFDFDFDFF
00FFFD02FDFC01FB
00FE03FE00020204
02FCFE02FD03FCF8
02FCFE03FEFDFD00
0603FC0200010007
00FEFE02FEFCFE03
01FF040001FE02FC
0302FE0302FC050A
FE02FDFD020201FF
FD01FDFC02FF01FD
0202030202FCFEFF
FE00FC02FFFC0200
FB00FE010302FC00
0301FC01020305FC
04FCFCFDFE0000FB
02FDFD01FC00FE08
01FFFDFF03FC0105
03FFFF03FF0401FF
0603030201FDFCFB
0900FE0101FF0803
020100FC00020801
0402FD0201FC02FB
0102FA03FE0200FB
030102FCFD0204FF
020001FE03FCFC04
FFFC03FCFF02FFFE
030103FF0102FD06
0101FEFEFBFC03FC
FEFDFD0303030301
00FE0100FC0004FF
FFFEFEFFFC040400
FD0100FE0001FEFC
FEFD010103FCFEFF
FE03FD030300FE00
030504FC02FD00F7
03FD0303FE0002FC
FF0301FF0302FEF7
FCFF0201FE04FEFD
070201FF0401FFFA
060201FC01FD0300
0201FD0102FE02FA
FDFFFD01000400FA
03FDFC03FCFDFE00
FF01FD00FEFF01F7
03FC030104FEFE05
0000FE01FCFEF9FE
03FDFCFEFEFF04FF
06FDFFFEFEFDFE01
01FF0002FFFDFCFF
02FFFC000202FEF6
01FE00FDFFFFFCFB
0503FE010103FDFD
02FDFF02FCFCFF00
FD040201FFFF00FF
FE02FEFE000003FE
FF00FEFFFE01FB02
FC000201FCFD0008
FF01FF03FC0002FC
01FC02FC04FC01FB
F8FC020104FB0102
00FEFD00FEFCFEFF
02030003FEFDFD00
FEFCFDFDFB02FC00
00FFFCFFFE02FF04
FDFDFDFC02010206
FFFE00FCFD00FCFC
02030303FD0200FB
02FEFD0401FF0000
05FE000102FF0507
000102FEFEFEFBFA
0603FD03020205FE
05FD0402FFFE02F8
0403FDFC0202FFFF
0402FC0301FF02FC
0200FF00FE030208
01FFFCFDFD0203FF
FF0300FE00030000
09FE02040300FEFC
01FE01FC010003FE
0102FC0103020305
0402020102FD0406
00FDFE01FEFC0001
FE03FF00FCFC0106
F801020202FFFC00
FE0104FFFEFC0000
000301FEFBFFFE05
F90001020104FF05
FF0302FDFD03FF09
02FDFF01FD000708
FAFE020103FEFE05
FC04FDFFFEFEFF03
00030300020403FE
03030200FE00FF08
FD00FFFF02FBFE05
FDFEFE01FEFEFEFF
FCFFFE020004FC04
FF02000301000109
FFFDFD02FF020100
FCFDFF00FEFEFBF9
030103000202FE00
0501000203FD02FC
0205FF02FDFEFFFD
FFFCFDFDFE01F8F5
01FE020202FC02FF
0303FC0100FFFEFF
FF00FEFE03FEFCF7
FDFCFF0002FEFBF8
FE03FCFC01FC01F9
0001FFFC04FDFCF4
FBFDFD010102F9F9
FE01FD03FE00FDFE
00FDFDFFFD04FEF9
FE0000FDFEFC02F9
FF03FCFCFCFFFCF9
00FF03FFFF03FBFA
0701FEFD01FDFD01
06FDFCFF00FD0D01
0600FCFD00FD01F4
FE00FEFC010200F9
FC02FEFC01FEFDFC
00FC0201FD0001FA
FDFDFE020000FDF6
FF02FD00010002FD
0300FF03FD03FEFB
FFFC02FEFEFBF8FB
FC01FF0101FEFEF9
FEFC00FEFD01FF02
030200FD02FFFE03
02FEFE0300FE03F6
FB000004FD0200FC
FEFFFD0200FF01FA
0501FD02FD010301
0202010001020406
000000FD02FF02FE
FE03FDFD010202FE
0001FE03FEFB0105
FC0303FD01FD0107
FE02FF0100FC01F9
050400FFFCFEFDFB
FCFC03FF03FFFF02
F8FEFD01FDFB04FF
FE01FD0102FF01FD
030300FFFDFDFDFF
FEFF00FD04FE0002
0101FDFDFF040105
0001020100FFFE02
01FF01FEFE0102FE
FDFDFB01FCFEFFFD
FD01FE03FDFE0000
FE0100FD0101FF04
FFFD01FCFEFDFFFC
0DFE03FE02020C17
08FD03FC01FC080F
01FD0102FFFF02FF
00000101FFFF0302
0804FEFCFE040B07
07FF0201FC030913
0100FC04FD030001
FD0300FF02FDFFFC
FB03FFFD00020402
FE020102FD030203
02FEFE000200FE03
02FF03FDFF0201FF
01020003FD030205
06FDFF01FEFE01FC
030103FE02FF0402
FE01FF02FFFFFFFF
010102FD02FE020B
04FCFEFFFF01FDFC
FF0202FBFD020200
0002FFFE0101FEFD
0703FE00FFFF0613
05FE00FD00FE0106
0200000301FFFC00
FD0101030404FDFE
0100FFFEFF020408
04FFFF02FDFF030B
0502010400FD04FE
02FD0104FFFEFFFF
FC01000102020001
FEFE0101FFFDFFFD
00FF01FDFEFF0300
03020002FF010602
020005FEFD030003
03FD030200FD0300
06FBFFFDFFFCFFFF
05FCFD0301FE0308
060203FD00FFFFFC
06FEFDFF00FD0404
06FD02030102FEFE
0602FF0201000001
04000101FE040404
030001FD02FC0606
01FE02FDFE010100
FFFCFCFEFD03FDFF
FEFD0002FDFFFBFE
03FBFDFD0104FF00
03FF04FBFDFF03F8
02FB01FDFBFF0201
00FE01FEFD02FC02
FEFCFDFDFD0100FC
01FFFD00FC0100FC
00000200FE010200
010001FEFD00030A
02FFFE03FF00FEFE
05020404000301FE
0001FFFEFE02FC01
05FE0102FD010407
0101050200040004
0201FEFC01000404
FD0002FCFEFEFB00
02FD0203FDFF0402
070002FE01000B0B
FEFD02FE03FDFDF7
FE02FE00FDFE0306
0802FEFDFFFC070D
030302FFFCFE0510
00FDFE03020103F9
010102FFFE0103FF
05FFFEFD030406FE
FE000002FFFD00FB
FE010301FD000104
00010303FE040200
FE000202FD030100
0002FCFC0300FEFC
FC02FF01FD010206
FDFEFD03FF00FFFB
0201FFFDFBFC03FF
FC03FFFDFFFF03FE
01030101FFFD01FA
010201FF03FD01F7
FE0201FE020302FC
FF02FE000000FCF2
05FE010300FC02FB
01FFFF00FC020002
01FEFEFD00FCFAFA
FD0201FCFD02FDF6
05FEFC03020200F5
04FD0202FF03FDF6
01FE02FD01030202
06FE00FFFE010004
04FEFCFDFCFEFBFB
FCFEFE04FDFF0203
FE00FBFFFE010000
0002FF00FF01FD00
000000FEFE0300FE
03FF00FE01FE0006
00FDFDFF02FF0303
00020002FCFF0307
02FCFFFDFEFD0102
02050200FB010001
0602FC02FDFFFEFB
04FFFDFFFD03FDFF
01FB0301FEFD0605
FD00FD040300FC00
02FCFCFDFCFEFF01
02FFFD0000FFFF07
FC01FEFE02FFFF06
0003FD010103FF00
FBFE0002000300FD
F900FDFDFF03FB01
0101FD02FF04FEFC
FB03FFFEFB0001FC
FA0303020502FE06
FCFEFFFE0004000B
FAFDFE0101010404
FDFE00FD0403FEFC
02FD020301FD0005
FCFC04FE04FD0001
FAFCFC02FE0202FF
FFFDFF01FF020100
FAFD01FDFF01FE03
FAFBFE04FE00FEFF
02000000FE0201FE
0002FD020003FFFB
0304FB02FD01FDFA
0601FFFDFE000307
FDFB03FF02FB0301
04000002FD000202
0201FCFD01FEFFFD
FE0103FDFD00FEFB
02FCFBFE00FC0101
FF03FBFF02FE0402
03FDFDFF01FC0206
FF010202FEFFFAF7
02020101FFFD0201
FEFCFD0201FDFE01
03FE0103FBFD0006
FFFDFFFD00FF0100
0602FDFD02FF0606
FCFFFD01FB03FE02
FA04FEFF01FDFFFB
000203FB02000201
FF04FEFDFD020002
050203FEFC00FEFC
03FDFEFE00FB0310
040200FE02FF0418
04FE01FDFE0104FE
0001FF0303FD04FD
FFFFFD02FCFC0009
FE00030302FD0808
FD00FD040001FBF8
010303FD0203FC05
FDFD00FDFC00FE06
0300FEFCFEFF0105
01030201FEFDFFFD
FFFFFFB7FFFFFFE6
0000000CFFFFFFFB
FFFFFFF7FFFFFFE3
FFFFFFD4FFFFFFD7
FD07FD0000FFFDFE
FE0003F9FBFE03FE
00FF040000FC02FF
FEFE0003FA02FE04
0201FDFDFF03FCFC
FD02FF03FD0102FD
FD010303FE0101F7
020602FEFEFDFCFC
030204000003FE02
00030204FA000001
03FFFF02FBFE0304
FF010302030202FE
FFFE00FBFCFE0003
00FF01FC03FDFF07
0000FE0005FD0002
FF02FF00FEFEFC02
03FFFC060101FF01
00F7FDFD01FDFCF5
FCFCFFFC02FE01F4
00FF01FE06FF0200
FCFDFD00F9FC01FF
FBF604FF000202F9
04FB0102FD02FBFD
FD0000FFFEFCFB00
01FC07FE03FD0305
03FC0401FCFC0203
FCFD06FE01FE0201
00FF02FEFF01FF02
FFFD02020102FDFF
FDFE020104FFFD00
00010100FC00FDFD
FCFE0302FEFF0200
FBFDFD030100FF00
02FBFD05010002FE
FCFEFA05010200FD
0100FF0201FFFF02
FF04FAFFFDFD02FD
0302FB04FFFFFE01
FD02FC01FF01FFFC
0102FEFD01FEFDFF
03FEFB06FEFCFC05
FF04FBFE02030101
FE0201FFFC0302FC
0004FC04FF0201FE
0106FB0301020004
0201F90203FD0004
FD04FA030103FC08
FBFD030103FDFE04
FF00FFFE000302FE
FF01FCFF0102FD03
00FFFC00FBFEFEFA
FF02FB0404FF00FE
0000FFFD08FCFEFF
FDFB0102010100FD
FFFFFEFE05FFFDF5
FDFEFBFC0302FDF8
03FDFFFAFEFDFF03
FCFD0301FA01FD02
02FD03FE0201FC02
01FEFC00FFFF00FB
01FB03FEFDFC0004
FE00010204FF0100
04F801FB0504FF02
01FD020101020102
010704FD00FF0407
FF01FE01FC02FF02
03060106FE010002
030201FFFC00FC03
FD05FF00F6FFFF00
02030201FF0100F9
02FFFD0204010000
FD04FB01FEFC0303
FD0105000000FDFF
FCFF030005020103
FF0503FF01FF03FD
FC04FF03FE01FDFF
FEFD00FDF7020204
FE03020100040001
FF04FA05F903FE04
02010200F9030005
FD08FC05FD000002
FD06FF02FF0501FD
01FF0002FB000300
0008FD04FDFC03FF
0104000805FCFD03
FE04FF0105FDFD02
0105FB0407010203
FF06FCFFFFFEFC00
0300FC05FEFFFEFD
FF04FF0306FE0205
0005F80204FD0301
FE02FF0202FD03FF
01FFFDFE0003FE00
02FEFA07FEFFFD05
FE00F90100010102
FA000103FB000403
FC03FD02FFFF0003
0001FD0001FC01FD
0202FE0500FD0101
FB02040302FEFCFE
FC02FE05FF01FEFD
00FEFA00080301FA
FE05F70407FCFE01
FE08FA04FFFDFC00
0102FF0603FD0302
0005F70008020300
FC03FE0505FCFF03
0005FDFFFF0103FF
FF00FE05FF010101
0102FA010002FD07
FE04FA050403FD08
0004FE0202020005
FD01F90401FF00FA
FDFF0206FC02FE00
00000102FB0203F9
FFFD0201040104FA
FE02FE010201FCFE
FF01FE0503FDFF01
0205FC05010200FA
0101FF0000FBFFF7
FF0400FCFF01FFFC
FDFEFD04FBFD0201
000401060500FC04
FDFD020302FDFE03
FDFFFFFC0201FC05
FE0002FE06FEFC03
0103FA000501FC04
FF04FD03F9FDFC09
000201020102FC05
04FA03FEFCFCFFF7
FDFD00FFFFFD02FD
0002FFFC02FEFCF9
FF05FFFC00FBFD01
FEFD0101F80002F6
01FFFCFDFEFE03F6
0303040000FF00FB
FD030502FDFD0302
FCFFFEFFFDFEFE08
00020100F8FEFF00
01FF02FFFE02FF05
030002FD0101020A
02FD0100FDFCFE07
00FD04FBFEFDFF03
03FC02FBFCFF0205
01FEFEFB0401FCFC
02F8FC00FA00FCFF
00F9FDFCFFFFFFF9
000001020102FEFA
00FEFEFEFF010101
0000FDFEF9FDFBF7
02F9FFFEF90100F7
FCF805FFFE0201FA
00FC0200FE0200FB
00FB04FD0302FEFE
03FE01FFF802FF04
04F706FA01FC0002
02FD03FF01FC0101
03FC01FB04000101
01FAFFFE01FD0204
FEF903FAFFFE0301
02FF00000603FEFF
03FCFC0600010301
00FDFD04FFFE0104
02FFFC0305FF0103
0002F901FEFC01FF
FE01FD0306FDFD02
00FEFBFE0200FE04
FFFEFE0301010002
02020001FFFE0105
FCFFFEFF030304FD
FFFEFD01FFFD0205
FB03FD0002FD0106
0303FA0204FCFF03
FFFD010202000207
FD01FE0603FE0305
FD01FA0204FE0108
FF00FF05FFFDFE01
0205FF0203FC0303
FB0100030501FF04
FF03FB06FEFC0203
0004020402FD0105
0301040105FEFB01
030200FE0300FE06
01020201FF00FD07
FE05FF0100FFFE03
FFFC06FC04FFFFFD
FEFF0000080103FE
FE04FD060201FE06
0101020002FE00FD
FEFF05F908FC01F8
FE02FEFD060002FA
FFFF010303FEFF00
0300030304FEFE01
02FC07F80600FEF2
FDF806FC05FD01F4
FC06FCFF0303FFFD
FEFDFE02000101FF
FDFDFCFF0401FDF5
FF03000209FCFEF4
01FF000000FD00F6
0303FFFB0002FEFF
02FEFE00FEFDFEFF
01FD0006FF000300
FE05FC00FE01FF07
0202FFFE04FD0007
01020202FF020303
FDFF02FE020002FD
FE00FCFFFCFEFDFE
030000FDFE000300
02FE03FDFDFE0200
02FC06FDFBFD0100
FD0104FBFD010100
000004FCFEFEFDFD
FE07FE06F700FD01
000207FEFBFFFCFE
000502FFF7010100
FD0502FFFBFF0104
0204FD04FCFFFC04
FC01FFFFF6FEFF03
010506FDFE010107
0003FE04FC01FEFF
FD02FFFEFF01FF02
FFFB0202FE010207
030207FAFFFF0002
0104000501FEFF00
FF04FA03FCFC0003
FE03FC0501FFFEFF
FC00FE0100FE0103
FC060102FE03FC04
FE0400FF02FE0303
FC03010107000102
FD010000FC00FD08
020505FFFFFB0000
02FF01FF01020302
FD04030004FF0205
0000FF0303FC0308
FFFEFA02FE020108
0001FB01FCFC0102
00FFFB02FFFE0205
0200FB0502FD0203
0206FE0500020207
00FEFD0701020202
01FEFA08020101FD
0203FFFF07FD0100
FB04FA03080302FE
FF05F90806FEFCFC
0205F70807FEFCFE
020102FC06020000
0407FC06FFFEFD04
FC00FEFF04FFFB03
FFFEF7FF0502FDFD
FE04010105FFFF01
04FEFF05FDFD0007
FC02FE080404FD00
0101FA020701FF06
0305FB0304FFFC03
020201FFFFFE0102
0100FD0300FEFF04
03FBFBFFFB03FFFF
03010102FE00FF01
0000FE03FA0103FB
FFFFFD000300FDFC
0202FC02FC00FDF8
FCFFFC03000002FB
0202FF0200FB0300
00FEFB02FD000002
01FEFA000301FCFC
03040102FEFE0202
FCFEFEFDFBFC0207
0402FC0003FF0009
010100FB03FCFF02
FDFFFC02FEFDFC01
0008FC0400FCFE03
040204FA020201F8
01F901FD0103FDFE
FEFFFDFEFD0201FE
FF020004FB02FD03
0100FB01060000FB
00FF01FF06FD01F9
FF06FF02FCFCFDFE
0105030300FCFC01
01FFF909F8FFFCFF
FE04FF01FD020102
FC06020403FE0001
010102FEFFFBFF03
FEFDFF03FF000107
FC00000704FE0305
03FE0305FCFC0202
FEF9FF0200FC04FA
03F502F904FD01F9
04FC07FD000102F9
01FCFCFE04FE01FE
00F9FEFEFF0103FD
FFF701030001FCFF
FDFCFFFFFD0100FD
FFFA010001FEFDFE
000500FF03010104
03FC0003FC01FFFF
FE0003FF00FC02FF
04FA03FDFFFCFC00
02FB050004FFFC02
FCFD05FFFDFF04FD
FDFD010101FF0305
020100040201FE03
FFFD01FFFEFC00FB
03FE0AFA010003FD
FDFA05FFFCFF00F9
FC020202000201FB
02030401F901FF04
FDFB04FC0EFCFDF8
FF0106020A0300F6
03050302FA00FF05
FB040102F9010302
FD0100040000FEFF
030102FF03FF0105
0206FF05F9020009
030100FEFD000201
03060204FCFDFC02
03FEFF04FD01FB03
FEFFFE04FDFDFD03
FCFEFFFFFE0001FB
02FE08FCFCFF00FD
FFFAFE0103FC04FD
0301FD03FE030301
01FE06F90102FCFA
FEFC03FEFCFFFCFC
FE01FC00FDFD03FF
FE0204FF02FD04FB
FEFE0400FD0203FE
FD0205FEFC020000
FFFC04FD05020205
01FE03000203FD00
03FC09FAFDFDFF02
FD0103FF04FCFB04
FEFF05FDFFFDFD02
FE01FBFD04FE01FE
03FB00FD00FCFDF9
00FC03FAFE0100FC
02FF06FCFAFEFCFE
00FF0301FFFFFC01
FDFE0101FBFD01FB
02FCFB04FAFFFDFB
03FEFE01FA01FDF5
FEFF01FFFAFDFCFA
01FD04FFFC0001FC
0000FE00F703FEFF
FFFEFDFD00FD0200
01FE04FF000101FD
FEFD02FC00FEFE03
FDFA02FEFFFB0206
FEFFFDFE07FDFB03
0204FFFF0101FF02
FE01FDFFFDFF0101
01FB04020003FFFE
FFFA06F80003FDF3
FCFB0300FD01FCF8
0204010402FC0101
FD01020000FBFDFB
030003FC020300F8
000102FF0101FCF6
0203FCFFFEFEFF03
00F903FE0601FEFD
FFFC0504FFFFFCFA
010102FB03FDFCFF
FF010003FFFE0104
FF01FF000602FFFC
03FFFC0102FEFDFD
01FD05FC00FDFCFF
000100FE03020300
FEFC03FDFD0101FB
FFF709FA01FEFDF8
01FE03FDFFFE00FD
FC01FEFEFDFEFCFF
00FD0100FCFFFDF9
00FC00FAFE02FEF7
000103020003FCFE
0007FC0704010201
02FEFF0200FC0102
FCFB04FEFA0201FD
01FF02FD00030400
FC01FC00FD01FF03
02FE06FF04FBFC04
010002FEFFFD0200
020006FE02FC0104
000000FD000201FF
04FD06FDFF01FFFC
FDFB08FB02FDFDFA
FE0005FEFCFFFFFB
03040403FEFDFDFC
FF0004F90A0102F9
FDFF03FD07FE02FD
FF00FEFDFBFDFCFD
03FE0401FC00FCFA
02FE0203040200FF
010102FC09FCFCFF
FF000500F9FEFC03
0102FFFD00FE01FE
01FF0200FDFEFD03
03FD040001FCFDFD
FD0305FFFD030208
FCFC050200FFFDFD
00FC02FBFCFDFCFA
01FEFDFFFAFDFDFC
000103FCFF0002FF
FDFD01FFFCFEFCFB
FEFBFFFCFB0000FF
010402FFFB00FCF7
FFFEFCFCFE02FFFB
FEFE00FCFEFE0200
FF030202FAFF0000
FF040001010301FD
FE0100030103FEFD
040105F9FF010304
02FD05FAFE03FE08
00FBFDFF04040105
FF04FEFEFB03FDFE
FFFEFF0004FC04FA
FDF70601000300FC
FEFA05FF0105FEF7
02FE0101070100F7
FEF9030303FCFE00
FEF4FDFC0000FDF8
FFFC0300FB02FDFC
02FE0100FEFE01FF
0001FFFD06FCFF03
03FA06FF02FEFDFE
02FA05FE00FF01FC
FD0102FE0500FF06
00FEFC0404FC00FF
02FE05FE04FB0101
00010000FE03FFFB
FCFD05FF04FE0303
FDFFFA080502FD03
000107FE05010403
03FD01FD000303FF
00FFFA050301FD03
0201FF05FCFF0105
FF01FC01FEFEFEFE
03FC05FA02FFFD03
FB00F905FF000103
030302FD00FFFCFB
FFFE03FC04000201
00FA04FA0CFCFEFD
01FF0300FF02FF00
02FEFE0000FCFF02
00FFFF03FEFC0206
0103020502FE0200
FDFE000000FFFE03
FE02FF0404FD0000
FFFFFF00FBFE02FE
00FE00000303FF01
0000FF000201FC03
0001FE0400FCFFFF
00F802FD05FE0300
030009F90B01FDFE
02FE040006FC0305
0202000406FCFE00
00FE0AFF070003FE
FE0002F90603FFFC
FC0403FC0400FE00
FFFEF90701FF0002
FFFC08FB08FFFFFE
020206FA030101FA
03FE000002FC0504
020203FEFE000005
0303FC01FF02FF04
00FFFB00FAFD0000
FC03FE0101010109
FE02FD06FB030206
FE08010404FCFCFF
0100FF0302FE0003
0204FB04FDFE0302
010500FF0101FC03
0301020305FD02FE
02FFFE070101FE00
03030002FE020002
0306FFFFFEFE0304
FE04FF080100FE03
FE040105FF01FD03
02FFFF03FEFFFEFD
02000104FDFCFF00
02FCFC03FD000401
02FE0002F803FD02
FCFBFA04FDFF0003
01FFFD03FDFD0004
0207FA0301000300
FCFE0103FD030304
FDFEFF03F9FF0300
0007FB0402FCFF07
01050106FBFD01FF
00FEFFFF0101FD07
0202FC02FEFDFC07
FE030000FEFDFF04
02040005FC000307
0305FF08FE01FE0B
FF06FF01FFFD0307
FD04FD0301FFFD02
030200FC0500FFFD
FFFD01FBFF02FDFD
02040001FEFD0300
02FEFF0801FEFC00
FFFF04FE07FDFD02
FF000204060103FF
0003FC0203FFFB06
0205FBFFFFFBFE01
0102FC05FD02FDFD
FE000008FDFFFE03
0103FD05FEFFFC06
FBFFFE060201FF06
0104FF0403030001
0205FD01FBFE0008
FC03FE0001FEFF06
0301FD03FBFEFDFE
FF0000FFFDFEFE00
FDFFFEFF0203FDFE
FCFEFF01FE03FF03
01000205FFFD01FD
02FD0AF5140003FA
020105FB0C02FEFB
01FF04FDFA0100FE
020001FBFAFD01FE
02020404FF03FF04
02FB04F80C0003FE
02FF0100F9FFFE01
FD02FEFEFD02FD05
0302020006050100
FDFF00FE06FE0202
02000202FAFEFD05
FC000601FDFEFEFD
FEFA0DFBFF02FDFD
00F80AFEFAFE00FA
02FD03FAFEFD00FB
FFFDFD00F700FEFC
02FDFD04FBFFFCFD
03020101FF00FC02
FE0200FD01FBFCFE
FF0003FE0200FF00
FF020205F9FD0303
FE0301030001FF01
FF0201FEFBFC0003
03FD04FBFD02FC07
FFFFFE0101FDFE05
FD02060301010001
00FCFD02FEFDFD02
0101FC03FE0200FD
FFFBFCFC02FC01F5
02FE04FB09FC02F7
0203000205FFFEF8
02FCFD05FB03FE00
03FD0201FEFE03F9
03FCFB060101FDF9
FFFF030000FC01F9
FC0102FF00FDFC04
FB01FE01F70200FF
01FF0400FC03FE03
010604FF01020203
04FD00FD05000204
FE06FF010200FC0B
FC02020401FD0103
FE040503FF01FD07
FDFD00FCFEFEFE00
01FEFD03FDFC0004
01000001FFFEFB05
0205010101FF0302
FFFC040304FD00F7
FD01FC05050202FF
0002FEFD0BFF00FD
0205FB03FE030206
FD04FBFD03000300
FB06FD04FC03FF00
04FF040106040005
FE04FBFE02FE03FD
FEFF01FC0002FCFD
FF010000FF03FDFA
FD0103FB06000203
FF05FFFEFC02FD01
010202FDFD010302
02FA04FFFAFC0002
00FB06F90403FDF7
FEFF0402FE0301F9
03FF04FF00FD0300
02FF0101FB0102FC
FEFA03FE00FF00FB
FC0302FCFEFF03F7
0101FD0203FDFDFD
FF010103050203FD
FE01FD07F6FFFD00
FF0105FC0303FCFC
0103FE0403FE03FD
FDFC00FD0403FF03
0301FF010101FDFD
FDFA05FC05FEFE02
FF02FE03FDFD00FE
02FCFF00FD0003FB
FD0004FFF80300F9
0001FFFFFCFEFDFE
FE04FD02FB0200FF
FD06FE05F903FEFD
010600FFF5FF0200
FE0002FDFC02FDF9
00020000FDFE0106
FD02FA06FBFE0204
03010002FA00FE06
FB0101FFF9030307
030201FF00FCFE04
FE02FF0105FE0207
FF04FF030002FF03
03FF07FDFFFE0300
000400FC0100FCFD
FEFEFB0401FD02FD
01FFFD040301FF00
0201FE00FDFCFFFC
FFFCFA05020203FB
0300FD07050004FD
FFFBFCFF01FFFFFE
FC03FDFE010204FD
0100FD0404FDFD01
0204FBFE0701FC01
FD01FFFF03FEFE01
0001FD0203FFFFFE
FE03F903FE04FF01
FD02F8020502FE06
0001FD0406FF0101
FE02050200FCFF02
02FC02FD05FE04FC
03F807F90A00FEFC
FBFA02FFFE02FF00
00FF010502FF01FD
FD0202FD02FF02FC
00000402050201FD
FDFF0002050001FA
FE03FD0100FFFEF9
03FE040200FD02FF
03FC0400FCFD03FE
FEFC04FC060001FF
FEFEFB00FF03FDFE
02FE05FF04FEFE03
FDF7030005FEFE01
FD0004FB0A010401
FF02FF00FF020200
FE080500FBFFFD0A
FDFF0303FF01FE01
FCFEFF0302020303
FE01FF09FFFF0105
02070302FF020102
FE00FF0603FC0303
020301FE020001FD
FE060005FAFDFF01
0002FFFFFE01FCFC
FC00FF0302030005
FF01FB01010101FC
FF03FE040000FFFD
FE02FCFD00FE0203
FE05FA050002FF05
FF02F702FEFCFC03
0002FAFCFC020103
FE0001040002FE04
03FDFE01F9FE0000
FCFA01FF0303FCF9
FE00FE0300FCFFFE
01FFFDFE01FD0004
FCFC09FB12FD02F9
01FF07F80B00FDFE
FEFEFB04FD0000FE
00FF020200FF0005
FD02010106FEFD03
FE00040009FFFEFA
FB0302FFFB03FC05
00040302FCFF0201
04FF020407FBFF00
FFFBFFFE020100FE
FE01FC0301FFFFFB
FEFBFF02FC010301
02FA00FBFEFCFEFF
FDFC0401FDFEFFFE
FEFFFF03FEFF01FF
FE00FD03FCFC0202
FEFD00FEF9FBFDFD
FEFDFB04FC0100FF
0205FD01FDFD0005
0102FC04FE00FF03
FDFF0102FDFEFF03
0003FF00FC010104
FC05FF03FA030009
FEFF04FFFEFF0206
0303FE06FF030109
0303FC02FE010107
0301FF06FFFFFD08
FC0403FCFD030100
03FF00FCFE0202FA
03F608FC0100FCF6
FFFD05FEFDFFFCFE
FD02FE01FFFFFC04
03FFFF00FC00FBFB
FFFF02020101FFFA
01020302FD00FCFD
FE04FC00FF01FE01
00FCFFFE030002FA
02FA01FEFCFB02FA
FC00030001FF0501
FE02FEFFFC020302
FD02020207FCFFFE
FFFB03FEFEFE01FB
01FA01FB05FB0201
01FDFF04FE000004
0103FFFDFDFB0004
FE040204FEFC0300
FE050203FFFE0305
0204050001FB02FF
01FA05FE07FE04FB
FC0109F51202FDFC
FDFE02FD01FF00FD
FCFF0304FFFCFF05
030007FC09FFFEFC
040006FE0103FFFD
03FFFE02FBFDFE04
000402FF01000407
0300FE0503FD0106
FD010404FFFE0105
FD04FFFF00000208
0104FE03FFFF05FF
FCFD01FFFD02FDFA
FE0304FCFEFE0200
FD04FEFE03000204
0002FEFDFF00FCFD
FE03FF01FDFF04FE
FC04FFFFFFFDFFFD
FC050302FFFCFE02
FDFB01FE0203FD00
FFFCFF05FC01FD01
FE04F904FEFCFE05
FE0100030202FDFC
03FC03FAFDFCFE09
FEFE030205020206
FCFBFEFD00FE02FF
0201FE0000FCFFFE
02FDFFFEFD0001FA
01F607F702FE01F9
FEFA04FDFA00FDFF
02FAFDFEFAFCFDFC
FCFDFF00FEFD02FB
010000FDFF00FFFE
FEFFFFFB000200FB
010201FEFE01FC01
FF0402FF00FD0204
02FD06FF000201FE
FEFD0202FF00FFFF
020000FF00030201
02FEFE03FF010301
03FEFBFF05FF0103
FFFEFF0005000101
FF02F90600000203
00010300FEFF0001
FF000201FAFD03FD
FFFE03FEFCFDFF00
0204010301FE00FE
00FF04F8FF00FFFF
FDFD02FCF8FFFDFF
FF030303F9FCFEFD
FE0002FEFCFC01FA
000007FDFAFE0002
020404FEF2FFFE04
FE0300FEF9FFFE05
0301FEFD0301FD00
02FE02FB02030309
02FE000101000207
00FEFFFF02FCFE04
0204FF01FE020103
0304FEFF0000FB00
000402FDFB01FFFD
04000500FF03FBFF
FE06FF00FF0103FD
FE010305FC000203
FD03FC0401FCFDFE
0102FE0101FDFEFD
0104FF0001FCFD00
0105000401FBFD04
FF02FA03FEFDFB05
FF050004F9FC0205
FF06FC0102FFFEFE
03010000FCFC0101
0004000601030304
0000FF04FEFF0103
04FE010100FFFF06
FD0000FF01FFFFFB
FC0004FDFE0100FB
FD000000FDFE03FF
0006FF03FFFE0104
FDFE05FFFCFEFDFE
FD00FDFBFB0301F9
FE01FE02F8FD03F7
01020102FCFD00FB
FEFB03FB00FCFCFF
01030100FFFEFE09
FF0003FEFB010101
FDFC06FA02FF03FD
FE0100FEFDFF0204
FFFD01FBFE03FE06
FCFB01FA03010200
FDFF02FBFF020107
0201FD0508FFFD00
03FEFC0305030304
0301FC0905FC0401
FCFD000506FEFDFF
FC01F80205FF02FC
FD0002FF08FFFCFB
FDFEFEFE0BFF04FB
FC05FB0305FF01FD
FF06010102000204
FC0000FD05FE00FE
030000FC09FE02FF
FF03FB0007FCFE03
0204FC05FEFB0305
FB03FA0106FF0206
01FAFE010600FF02
FF03FE0901FF0301
FCFD00FE00FD03FD
FCFB0402FDFBFE02
04FC04000002FEFE
00FCFDFE02FD01FD
FDFFFA01F5030103
03000103FDFD02FB
00FDFD030202FCFC
FF0102FEFA01FD06
01FFF801FEFF0300
FD060003FEFD0204
FF030006F7000404
0007FF03F9FBFF06
FE0200FF02030005
00FF02040102FB03
FE02FC02FEFC0105
FF020204FC00FC05
FCFE00FEFBFD00FC
03FB0500FE0303F9
FEF809FA01FFFEFB
00F703FFFEFEFEFF
FEFD0400FE0002FE
0203FF03F3FCFFFF
0004FD01FAFF02FE
FE060201F90200FF
FD060006FB01FD05
0203FD06F903FD03
02030400FB020206
0304FE04F7FEFC07
020100FFFF02FD01
04FC0202FE00FC05
FC01FD01FC01FE01
FB01FB02FA02FF0A
03040205FF00FD08
FD01010001020003
FD02FD0103FC0005
FF03040003FC0106
FC0601FFFEFEFE02
0003FF0304FDFF01
FC04FB0502FF0302
FC05FB040101FC02
FE050005F90202FF
FF04FE0201FCFB06
FD03F9060102FC01
FF06FD0402FF0001
FD00FF05FA03FD01
03FFFD02FC02FE04
0204FD0200000201
0200FD01F901FC05
02FDFE0500010304
FD01FC0402FE0204
FD03FD030203FF04
0305FE0102FEFF03
0305030000FEFD04
02FC0CF813FDFDF6
FDFE04FA11FD03F7
010003FEFDFFFC05
FD05FD04FA0302FE
FFFB07FC07FDFEFD
FFF908FD080204FC
FC0006FCFD01FF03
FC00FFFD0302FCFE
0200FE0102FDFC03
FDFD02FF04FFFCFF
03FF04FE01010407
FC04FFFE0200FD07
04FF00FE04FB02FA
FF0103FAFD00FC00
030000050403FD03
00010404FEFC0000
01FB03FA07FC00FA
FFFD01FCFFFC0001
03FD020000FDFE02
FF05FB0402FFFE06
FEFB07F705FDFEFE
02FC07FC01FF0301
0004FF0305FF0103
00FF010303010007
01FD02FF0403FFFB
FDFD09FA05FFFEFB
FCFC03FCFE02FD03
0004FF0001FDFF02
0200FF02020000FF
FFFE00FEFD000201
00020003FFFFFDFE
FEFC00FB000201FA
03FF03FF00030101
01FF0501030003FC
01FE08FA05FF01F9
FFFE08FB00FD01FF
02FC040001000000
FDFE03FF040101FF
03FD02FD02FEFDFD
0300FDFD00020106
03F705FA02FFFBFC
FEFD02F90503FEFC
01FDFF0000FFFC05
FE020303FEFEFF03
02FEFF00FBFE00F9
01FD06FD0100FFF8
FEFB00FCFDFD00FC
FEFF020101FFFE03
FDF8FFFBFFFEFDF8
020102FFF7FDFDF8
000307FC00FC00FA
FEFCFC02FEFCFCFE
01FB02FF06FE01FB
FE0104FFFC01FEF7
FDFF06FCFFFDFEFF
0101FC01FF02FE03
FFFE040104FCFCFE
000103FE02FD03FF
FCFC08FC0202FDFA
FEFFFC07FEFDFC00
03FD07FA0BFEFEF9
FEF605F704FD02F9
0302FEFF0403FDFD
FC0102040202FE03
FEFC05FD09FD00F7
02FD04FE0CFE01FD
03030202FFFD01FE
0003FF060302FC07
0000000006FEFCFB
FF0004FDFF0001FD
FC02040202010005
0003000202FEFDFE
01FFFC03020004FD
FFFFFC0101FF0302
0001FDFE02FBFF05
FD030002FEFD0001
04FD0205FE010000
FF0101FFFFFF03FD
0003FE04FDFC00FD
FFFF04FEFFFBFC00
00020200F5FE00FF
02010303F501FBF6
000000FAFE0101F9
FEFE03FDFFFF0302
010601FFF1FD0201
FE01FE05F7FEFC07
030105FCFF01FD02
03FE05FAFCFFFD04
FDFD060101000205
04FE02FB0103FF03
FD0202FBFFFD0208
FB03FF01040104FF
FE00FE02FFFCFC02
0001FF04FFFF0102
FC00FF04FEFE01FF
FFFEFFFC07FEFEFD
02FB02FCFEFFFEF9
FEFCFEFDFFFEFDFF
FCFE04FF06FEFFF7
00FC0300030204FE
01FB05FAFD00FDFA
03FC02FFFF020301
01FF01F902FDFBFD
00FF0201FA030202
FD01FF0301FEFE02
02FD01FB03FF01FE
00FCFBFCFEFF0302
0006FD0503FB0302
FC03FA030601FF02
0101FD02FFFF0301
FD04FD0400FEFF04
020300040100FBFB
0101FB050401FC00
01FFFF0606FB00FD
0300FF01FEFEFEFE
0004FB05030202FD
FEFFFD0504040202
0201F9030403FB00
01FFFAFF0100FFFC
03FE0001FF000201
FE05FE06FFFD0108
FCFFFD010203FC05
0001FB0501000107
FFFFFB03FEFE02FE
01FD04FFFCFD00FA
00F906FE030200FC
FEF9010008FF03F9
FFFA0002FFFDFDFF
FFF700FC0201FEFE
03FCFCFFFE01FFFA
02FC00FE0101FCF9
FDFF0005060301FF
FFFC05FC0602FD01
030200FDFA0203FC
FC0500FEFD010202
FE00FA01FFFFFDFD
000202FF02FC0002
02F9FF02FFFDFCFE
03FF040104FF0201
FD02020400FDFB00
FD01FF0603FFFEFE
FD03020402FC0300
0003FE040101FD03
FEFE0003FB02FC00
FDFD03FB0DFDFDF6
01FB04FE090100F9
03FE01FDFF020304
0308FD05FFFE0201
FF00FF010000FD02
FDFF00010300FC05
FC04FF04FEFC0102
FE04FD00FBFC0208
0104FCFF03FCFD05
FC02FD03FEFF0103
FD040005FD020305
FFFFFFDA00000030
FFFFFFBAFFFFFFFB
FFFFFFA900000039
FFFFFFFD0000002E
00FF040100FDFDFC
FFFF0400F901FF01
FEFB05FEFD0001FF
01FD00FC01FDFE02
02FD0200FC02FE02
02FD020201FF0001
FD02FC010001FEFF
000003FCFAFB02FD
03FC0000FF0302FE
FCFDFBFE06FDFBFF
FE03FA000600FEFD
02FDFCFE0100FF03
0202FEFD0203FEFF
0200F8FF00FE0003
FC00FB00FDFE0202
FDFDFB03010201FC
FDFE0100FC02FEFD
01000000FDFD0003
FDFCFDFF0003FE01
020101FD01FC00FD
03FEFD00020102FC
00FFFC00FFFBFCFD
01FE04FD01000303
FE01FD00FDFDFC03
01FDFCFEFE000203
FC0000FF03FEFCFE
FD04FB020001FDFD
01FE00FD01020200
0003F5FB01000202
FCFEFB03FDFD0201
FC00FEFE03FE0104
FC00FA010201FC02
FF0104FFFF04FDFD
01FFFFFDFD010200
FCFF0303FEFCFDFC
FB020200FEFC0000
020004FEFD03FCFD
000000FD00FF0102
03FF04FD0502FF03
0002010201FCFE00
FEFE00030401FEFD
02050001FEFF0103
03FD00FD05FD0103
0001FEFEFF01FD01
FE03FFFF00FEFB01
02FEFEFE0500FEFF
FE03010001FEFDFE
000300FF0302FDFD
FEFCFE01FF02FCFE
FF02FF0100FDFF00
FE010402FBFF02FF
03FE03FFFF01FC02
FDFEFBFCFDFC00FC
00FE02FD00FDFF01
03FE00FCFB02FBFD
FBFCFE01FE02FD01
FC02FA02FDFC0001
FCFFFD020402FD02
01FF000304FD0103
0001FDFE020303FD
FD03FA03FFFFFE01
FF03FC0102FE0000
FCFEFDFF0102FDFF
FC02FAFCFFFF02FE
01FD05FB0302FEFD
00FE0300FEFF00FD
03FDFEFEFFFFFB01
FF01000002FFFEFF
02FF04FFFE0301FF
00FF0100FFFCFF02
01030601FFFCFDFC
FD0206FE0101FF02
FDFE08000203FC02
FE020101FDFCFCFC
FD0301FFFEFD01FD
000103020102FFFE
01FD05FCFF01FF03
FEFE0501FDFC02FE
02FD04FD050001FE
FD02FFFDFE040100
FFFC03FD0502FDFC
FD0104FC01FEFE02
02FD05FB02FEFDFC
00FD06FE03FE0103
03FD03000002FC00
FBFC03FC040201FF
FCFD05FC01FDFFFE
01FE02FB01FC01FD
03FD04020201FD02
FDFD02FF06010200
01FE00FF0202FFFE
03FC050200FF03FD
01FD04FC03FF02FF
01FF00FF06010302
FDFC0600FFFE02FE
FCFD010104000302
02010300FD01FCFD
FDFE0201FD03FB00
02FF03000100FF01
FD0203FCFDFF0403
FFFF0300FCFFFDFF
00030400FD03FD00
0202FFFE01010301
FEFE040002FF0003
020003010103FD02
01FEFF02030203FE
0101FBFC0303FC00
FD010203FCFFFC01
0102000302FDFC03
FC0006FE04FEFC02
FD0205FFFF01FDFE
0203060005FFFEFF
FE010001FEFEFF00
0003FDFC0102FD00
FD010002FEFD0301
FFFFFD01FFFEFF03
0302FDFCFCFF02FF
FD01FFFE02FC0201
FDFD00FF0101FDFE
0002FEFDFAFC00FE
FF01F9FC01FF00FB
0101FFFC0003FF02
FF01FFFB06020200
01FEFCFE01000000
0200FDFF02000301
03FDFE0103FF01FF
0201FC01FE0000FC
FE03FE020100FC01
04FDFFFD01FCFFFD
00FFFE01FB00FCFD
FFFEFE02FA010202
FFFE0102F9FC00FE
00FD01FBFE04FEFD
FE02FD02FEFC0200
FE03FC030000FEFC
FDFEFCFBFF00FF00
FEFE02FD040003FE
FB0201FC02FE02FF
0301FB020201FFFC
FC03F701FDFF0204
FC0303FE02FEFE03
FC02F901FEFD00FD
FC04F6FFFBFE00FC
FF02F8FF0300FD00
FD02FB00FD00FF03
FD030400FEFBFCFF
FCFEFD01FBFEFEFF
FDFCFEFFFF03FFFE
00FEFE00FEFCFCFE
000200FFFFFCFFFE
FB04FB0000FEFB04
00FA0000FB03FCFF
0300FB01010300FE
FD01F500FEFDFD02
FDFDFF03030303FF
03FDFBFDFF0301FE
FE00FBFC03020202
0001FCFC0001FE00
FEFFF7FF0100FD01
FEFDF7FDFEFDFE01
0103FB02020101FD
FC00FFFD0101FE01
FFFE02FF06FC0003
01FCFF0205FC0202
FD04010201FFFD01
00FD0003FDFC0102
FDFDFEFF02000202
FE0205FB0200FFFB
FD0100020601FE02
020405FB0000FE00
FF04040104FDFBFF
FEFE01FDFF04FD01
0001FCFCFEFF0301
0303FF020501FEFD
FD0301020901FF00
00FC02FF0101FDFD
FC0000FE070300FC
0203FEFE05FE0200
FF030001FFFD0202
020303020101FD03
FEFE060306000203
FE0007FFFDFD0203
000006FF05030100
02FD04FF03FF03FC
010004FC0100FE00
000306FCFD03FB04
FB030401FF01FC01
02FC05000001FE01
FFFE06FCFE00FFFD
FEFCFDFBFF03FC00
0103050202FE0103
FCFE06FD0201FD02
FC030301FA0001FF
03030200F704FD01
FE000100F600FF00
FEFD0101FF02FC01
03FEFE040001FFFE
FE01FDFF04FD0000
020103FEFCFC0200
02FCFB0200FCFBFF
020001FD00FCFF00
FB0100FEFF030203
02FC01FD03FDFC00
0301020207FE0203
03FEFBFE02FF00FF
FD01FD0300FFFC02
FDFEFFFE05030200
0203FEFE020101FE
02FC010201FFFDFC
040201FF0203FDFD
FEFA04FEFDFE02FD
FFFF04FDFEFF02FC
FDFFFFFD03FEFC03
03FF00FDFF00FE01
FEFEFE0000FEFD01
02FCFCFFFBFD03FF
FCFEFFFE060000FE
00FD02FF0400FD01
01FF0102050201FF
020102FC06FC03FE
02FCFF0005FE0202
FCFEF8FFFE03FD03
FD01FBFF06FCFC02
03FFFB000103FFFF
FF01050004FDFD02
FD0200FC0101FD01
FF03010006FFFDFE
010204000702FCFD
04FD02FD01FD01FF
FF000601FFFC0101
FDFC05020000FF00
FEFF02FF00FFFD01
000405FB00FE0103
02FE08FDFFFFFF03
FCFF01FEFDFF00FE
03FD09FD0103FD02
FCFE00FC07FD01FD
01FE05FD0201FD01
01FC04FE0300FE02
FEFC000102040102
FEFF0502FE030000
02FD0001030000FD
FCFC01FFFE000000
02FF0300FFFEFCFD
01FE0501FCFEFFFD
02FDFFFEFEFCFF00
01FE0500FFFDFF02
01FFFFFFFAFDFC01
FF01FE03FEFF0101
00FD04FB05FF0002
01FEFFFD0103FC02
FEFBFCFDFF00FE02
00FF0802FDFFFC01
FC0004FE02030402
FFFD05FDFD01FE02
010303030003FD02
030000FFFBFF0000
FCFD0501FFFDFC02
02FD01FDFCFE02FD
FDFC0601FF0102FC
03FE0002FC0103FD
02FCFFFEFEFEFE02
FDFF0101FD0203FC
02000102FB030103
FEFDFD00FF000302
FDFFFFFE030201FF
0400F9FEFF010203
01FD000101000102
00FDFC01FC000202
00FCFD0204FF0100
FEFEF8FF010202FF
FDFBFF020103FFFE
04FD00010302FE02
FC0401FEF90200FD
00FF0403F9FCFBFD
030407FB060303FF
0102FE000000FFFC
01FC00FF020301FD
FD0202FCFCFFFE02
00FD08FDFEFE0101
030200FE05FFFEFD
FE0003FF06FCFCFE
010103FD0904FBFC
FE0305FF04020002
FE0401FF0101FFFD
FF03FF0105020201
FE0303030202FF02
01FE00FC02FEFEFE
FEFE0301010303FD
FBFFFB02010001FD
02030503FBFFFDFE
FC020001000002FE
FE03FEFE00FDFD02
FDFF0101010001FD
02FF00040100FFFD
FBFFFF02FBFEFEFE
0400F900FD010103
0300FAFF0101FCFC
020003FE03FD03FD
FE03FEFD00FF0101
FDFCF7FF01FCFCFD
02FFFBFB0502FCFD
0103F9FC01FEFDFF
FFFD0104FDFE0204
01010504FF0000FD
FF020100F7FCFF00
FEFD04FEFE00FDFC
FC030600FD010303
FF0401FE0201FF01
FF01FDFFFCFD0300
030101FFFD020200
03FC07FC0303FE03
FFFCFEFE05040201
0305FD0200FF00FF
FCFC00000002FEFF
01FC060204FC01FF
00FFFFFF0100FC00
FEFEFFFC05FD01FC
FDFE03FCFE01FBFC
0002020106010003
FEFFFF010103FFFC
FC02FE03FC0202FD
FCFE03FBFC01FB00
00FE05FC00FF00FD
00FEF900FAFF02FF
0402FFFEFFFD0201
FBFE00FDFCFFFE03
FEFE00FE01FE01FD
0102FD0202FF0202
01FCFC0205010101
00000200FE03FFFD
01FDFCFC02040002
FE00FEFEFB03FD02
FD01FA010102FF01
0201FA0303FC02FF
00FE01020400FDFE
FCFBFD03F7FFFFFE
03FEFF00F5FEFE02
01010502FAFEFFFD
010102FE02FDFEFC
FE04FA02FB02FC02
00FEF9FDFBFCFCFE
FCFF00FFFE0302FF
03FFFB02FCFD0002
0200F704FF0300FC
FF01F9FD00FFFC00
FCFFFA0300020303
01FEFD00FFFCFE04
FFFCF50200FC0101
01FEF802FEFD0003
FF03F800FEFFFD04
01FDFC00FEFFFCFE
04FE02FC00FEFE01
02010301FD0001FC
FEFDFCFBF701FD00
00FCF9FEFEFE0102
02FF02FDFFFEFD03
0103FEFEFBFD0102
00FD0101FDFF01FC
02FDFB0001030301
01FE02FD04FC0100
FFFFFAFEFF00FC03
02FCFCFD00030101
00FDFD02FFFCFD00
FDFD02FE02FCFBFD
FEFDFE0204FF0101
FC03FBFE02FCFD00
FD03F8FFFE020202
FEFE06FE05FD0202
FC01FEFEF90103FD
FF00F8FDFDFCFE03
FE00FDFF00020100
FD020003010100FE
03FDFDFDFBFFFD03
0002FE00FDFE02FE
FCFD01FF00FEFC03
FE03000201020203
02FCFA02FD03FF00
01FFFC00FC02FFFC
FF020400FE02FBFF
03FFFCFE0400FCFC
FCFCFE02020300FF
0203FDFEFEFCFCFC
FCFEFEFBFF020103
03FF06FFFF010201
000100FFFD0301FE
FF00FFFDF9FF0203
FEFC030100FF01FF
0002FF000203FFFF
00FEF7FFFB0201FC
01FFFFFFFE02FDFC
FE0101FF030302FF
FF0000FF0103FF03
FDFCFF010504FFFF
03010000FEFE03FF
FF00FDFE000303FC
FD02FEFC03FC00FE
0102F800050203FD
FCFEFD0103FEFEFE
0203FFFE01FFFFFD
020204FFF8FFFFFE
0100FEFFFBFFFDFD
000102FDFA03FC00
00FF03FEFEFCFEFC
0301FE02F600FD00
000304FFFB01FF02
01010103FB01FF00
FEFC03FEFBFD00FC
FD00F901FE010403
02FFFE020003FC03
FB02FD0103010100
03FDFAFE01FF0103
0203FA00FEFE02FD
FDFFF802FEFC0103
FF01F90000FD00FE
02FEFC00FEFF03FF
0301FFFF0303FFFE
02FFFE00FAFEFC00
01FD01FFF9FE0303
00FF00FEFFFCFEFE
FF01FB00FF01FF01
0203F9FDFF01FD01
FB02F9FEFA0300FD
FE01FFFFFC010202
FCFCFEFDFF00FE01
FC03FC03FFFB0302
01FEFD03020101FD
02FFFE010303FDFE
03FDF7FC0203FFFC
FC04F90305000002
FEFCFDFE0300FFFF
FB01FF02FEFEFFFF
FE0305FD05030302
FEFCFB0100020201
FCFFFFFB03FDFEFD
02FE08FD050300FC
FF0306FC030001FD
0200070004FF0303
FC0202010200FC03
000305FD02FCFC02
01FDFFFD00000402
0301000000FF0200
030303FDFAFE0301
FE04010401FD00FE
FEFF00FD04FEFDFF
010308FFFFFFFFFE
030203000102FF03
FD01050200FF0301
FFFE020000FD0100
FCFF03FE04FE0302
FD0403FC0102FD01
02FD06FCFFFF02FF
03000100FF02FBFF
03FDFF00000203FE
FEFDFFFCFBFEFCFE
FF0102010202FC02
04FE050001FFFCFD
FDFD0401FB03FDFD
03FC03010202FCFE
000003FEFFFF0304
FDFCFF020404FCFC
02030202FCFDFF02
01000203FF00FE00
FB010301FF0202FC
04FE040205FD00FF
0303FFFF0202FDFC
01FE02FEFF03FDFC
FDFD050204010301
FCFF04FF02FDFEFD
FDFC05FBFE0203FD
FE0206FD01FE01FF
0002070007FFFE00
010106FD01FC00FD
00FC040002FD0203
00FF01FE03FC0002
FD0200020200FDFD
FFFF090201FE01FD
FFFE010203FEFF02
00020200020301FD
030005FD03FEFBFF
0100FF020400FFFB
FFFDFFFD0403FD00
030302FD0200FCFE
02FC04030103FCFF
FFFF0100FE00FCFC
FE0003FE03FC0101
020002FE00FEFE00
0101FDFFFF01FB03
030301FC00FF01FC
03FCFDFD0301FF02
FEFF01FE04FCFCFC
02FCFDFF04FDFE00
FF03FF0005FBFF00
FF02F90100FF00FE
FEFC03020202FD00
000206FE0401FCFD
00FF00FC020101FE
FF01FDFD01000204
FCFCFDFDFD00FEFE
0303030000FF0000
FCFB090302FCFDFD
FF030502FEFDFC01
FD0301FCFDFFFEFE
03FF04FBFEFC0300
FEFF03FF00FF0101
01FF07FE0104FDFE
000103FFFFFF0301
010307FD01FC0303
0003000200030000
FDFF00010102FBFE
FBFF0002040202FD
0200010206FEFF00
020306FBFD02FDFE
0000050003FD03FD
03FD070100FC0303
03FD03FC0101FFFD
FE01010000FEFFFE
FDFEFEFEFBFDFE01
FFFC01FCF90100FE
03FD050002FEFCFE
02FFFE0302FCFCFD
FFFCFDFD04020201
FE03F9FDFF03FE01
0003030007FF01FC
00FD02FB02000000
FD03FCFC04FF01FF
020202FF04FBFCFF
FDFF020202FF01FE
FFFE0401F9FD01FE
0000F701FD0103FE
FAFDFEFEFAFEFBFC
0301FD00FFFDFE02
FD00FCFFFDFC0100
00FEFCFFFFFE0100
03FD000303FF0101
FE0105FCFF040202
FFFFFDFF040201FD
FD01010202FCFFFF
FF04FD0003FCFD00
02FDFFFC0302FFFD
FD00000103FEFBFD
FD03FD0103FDFE02
FCFFFEFF0202FBFC
FF00000008FF01FF
03FE06FE00FD0203
00FDFF00FCFFFDFF
03040700FBFFFF03
FFFE06FCFB000002
000401FC0002FB00
0202FF02FE02FCFD
FF0300030102FE00
03FDFC01FB0203FC
0101FF0104030104
FCFC01000303FF00
FF01FFFE02FEFE00
01020201FE00FCFF
FF01F90001020000
04FEFB0002020200
03FFFA00000002FE
FC02FD0003FCFF00
FDFD02FB0402FF01
FC000203040102FD
02FE020101FCFF00
FF0103FC05010001
0102FB00FD00FCFE
03FF0403FEFCFF00
00FF020003FEFF02
FDFE0802FFFD00FF
FD0203FF04FDFE02
FCFE00FB05FEFC00
01FDFDFF00FF01FF
01030702FDFF02FE
030000FD0001FD00
FC020404FE02FEFD
0000FBFC00FFFCFE
030201FDFFFC00FE
03FE01FD010000FC
030201FCF9FF03FC
0103FCFFF7FD0203
FC02FFFFF9FDFCFC
0304FEFC00000203
01FEFEFE00FF0001
FDFDFBFFFF01FC02
FDFFFDFD0000FD03
FEFFFFFD0302FF03
FF00FB0202FFFDFD
030303FF00FE01FE
FEFEFC0301FF00FC
FFFE01FE02FEFBFF
02FCF9FE00FCFFFF
02FFFE0303FFFEFD
03FBFB0002030003
FCFBFDFF0203FBFF
00FCFD0201FD00FF
FB0101FCFA01FC00
FDFE03FF030101FE
02FDFDFE02FDFDFF
02FEFFFFFEFEFDFC
01FC01FD0403FEFF
0201000201020201
FEFFFC00000201FF
FF02FCFC0800FCFF
FC0300FC0502FE01
FEFDFAFCFEFFFDFF
FCFF0201FF030201
FC01FA000300FC01
0001F9FD05FBFD02
FC010000FEFE0001
FE02FB00FC00FFFD
FC0202FE0300FF01
02FE0101FCFEFE00
FCFD00FD00FCFE01
0102FFFFFE00FBFE
00FEFF0301FFFD00
FF0002FDFD0003FC
FCFEFE030002FCFC
03FFFC010202FE01
FE0102FD01FC0201
FE02FDFC03FD00FF
030002020104FC02
00FCFE02FDFFFBFF
FEFDFE0002FF03FF
0200FF010104FDFF
000404FE01FE0103
FDFF0101FA0300FE
FD0001FDFA03FEFC
010200FD00FE01FF
FEFE0202FE02FFFE
02FCFC00F9FEFD00
FC0002FFF6FDFF01
02FCFD00FAFCFFFF
FF0105FEFB03FFFD
FD00FD01FC0000FC
04FF05010100FE00
0101FEFE04FF0201
FF0000FEFFFF0002
00FDFDFDFAFDFB01
FE02FB02010002FD
0100FBFB0303FB01
FC03FDFDFF00FEFC
FDFC05FEFF000302
02FD01FF00FC02FF
01010101FF020002
03FD07FBFFFCFCFE
FF0301FCFE02FD01
FD0106FE01020202
FF0204FEFE030302
FF02020207FFFEFE
FCFE02010203FE02
02FF03FD060302FF
04FF04FF05FD03FF
0202FF0402FB0402
FE0102FE03FC02FC
0203FDFE05FFFD04
FFFE02FD00FE00FE
FE000000FE000301
FD030400FE0001FC
000105020200FCFC
0000FBFDF900FEFC
03FCFE0301020001
FDFC04FC05FD0104
FD02FBFEF8FDFEFD
03FCFDFDFFFEFD00
0303FD02FFFC02FD
0403FFFC04FE01FE
FEFC00FD02FE00FF
FFFFFC00FFFE0103
FF0103FE010203FC
FEFC00FF0201FDFB
FF000200FF01FFFD
01FFFD0303FCFDFE
01FEFDFD00FF03FD
000304030301FC02
01FC01FCFF03FE03
000103FF0101FDFE
01FC02FE02000002
FF01FB00FFFF0103
FE02FD00FCFD0301
00FFFCFB07FF0203
000301FEFF0303FF
000303FD080303FE
FD00FDFC03030101
0002FCFE07030301
01FB0101010103FC
FFFEFC0203FD0102
0303FAFD0403FBFD
0002FF0205FE0100
FE05060004FEFC03
01FF01FBFFFC0003
000205FDF9010203
FEFEF900F801FCFE
FF04FB03FCFEFC02
00FC04030401FE03
FD000202FDFCFE02
FE02FBFCFB02FB03
FCFEFDFEFDFD02FC
FCFB000103FE0103
FDFF0102FDFD0301
FEFDFCFD02FFFE02
0200FF03FE04FE01
03FEFEFC0403FFFD
000102030402FF00
FDFE01FEFFFF01FE
03FDFCFCFC030001
010303FE000000FD
00FE040301FFFD04
030406020103FFFE
000005020002FB01
00FD0203FD03FD02
02FE0100F7FE0100
0400FD01F700FEFE
FEFE0202FFFDFC03
FCFD02FE020001FD
FFFEFAFD0101FCFC
FF02FDFDFD00FCFE
02FEFEFF04FF03FE
FEFCFF00FE010200
FE03FFFC04FC0300
010400FE04FDFE03
FD01FBFD01FCFDFB
FFFF0300FEFE0103
010103FCFF00FCFC
FD00FEFC01FEFFFE
FDFE0302000203FB
FE00FBFFFFFDFFFC
0103FDFD00FE02FF
010003FB030002FF
FFFD01000103FD02
0203FCFDFBFCFC00
0402FCFE07020201
FD03FC03FFFFFC04
FC02FCFC01FCFF00
00FFFB0202FDFC03
0200F80001FFFD01
FF02F8FEFCFEFB00
04FFFDFCFEFD00FC
FCFDFDFCFAFE0000
0001FA03F801FE01
03FD03FCFA03FF02
00FC010003FE0302
0001FCFCFBFD01FF
01FEFDFFFA0301FF
0300FD010200FEFD
04FCFEFFFE010300
FB030401FEFFFC05
020202FDFCFD0201
02FC000303FFFCFE
FDFC0202FDFF00FC
04FB01FC03FF01FF
01FEFE0202000003
FDFCFB0003FCFCFD
02FF04FD040100FE
0201FF03FCFD0001
01020401FD04FCFE
FC0105FEFB00FEFD
01FC050103030100
03FDFFFFFC02FE01
00FCFE01FFFDFCFD
04FF03FCFD01FC02
040301FCFF02FFFC
0101F8FDFF02FD02
FF00FAFD06FC00FD
FEFEFDFC01FF01FC
0200FDFF030101FD
00FEFBFEFE00FD02
FE02F302FEFFFD02
FDFEFAFDFF02FCFD
FF00FCFB01FD03FF
000000FF0302FD01
FCFF0002FCFDFDFE
02FEFC00FF01FF03
01FF030100FD0100
FD0100FF020100FB
FC0002000303FC00
FDFC0201FF0100FE
00FD06FF02FF00FF
03FEFDFFFF01FD03
04FFFD0101000001
03FE050004020203
010200FC06FB0303
FC010000FD00FE04
FCFFFCFE06FCFC00
010302000500FD02
01FDFE0305020102
FC00FFFEFB010003
FE010604FC03FF02
020006FCFDFD02FC
03020602FDFEFC01
02000001FCFC0103
0203FBFEFA03FF03
0204F8FEFDFEFE02
FF01FD01FD01FBFF
FEFEFAFFFFFF00FC
FE04FB02010103FD
04FFF9FCFE00FC00
01FDFA030002FDFF
0201F901FEFD00FD
FFFFF900FEFE0204
FF02F500FC00FE03
0100FCFCFFFF0103
FC00FF0101FC0203
010304000000FCFE
02FD050102FDFF02
010404FF06FB0201
03010502FB02FD00
FDFEFFFCFEFF01FD
040200010402FC00
FFFE02FCFE040200
0302FE0100FEFFFC
FEFEFDFE0203FF00
0200FD02FE0300FB
FE00FFFB01FFFFFF
FF0002FD00FE0102
FCFC060204FFFE03
01010303FCFF00FF
0301000000FDFE01
00010402FB02FE01
FC03FEFC00FCFD01
FE0001FCFB010104
02FFFF00FF00FB01
03FF02FDFEFB00FE
00FD0202FFFD0102
01FD01FFFDFCFCFE
FD0206FE020101FF
01FCFF0205000200
00FF0600030101FD
02FCFE000600FCFD
FC0300020303FD03
01FF01FD02FEFE00
FDFDFFFF0501FBFF
FFFC040403FCFFFD
01FEFE010302FB02
01FC0401030100FE
FEFCFDFDFFFE01FC
FEFDFF02FD030100
04FF03FFFBFF0202
FC05FDFF03010400
FDFEFC0204030002
03FCFE03000303FF
FEFD080202FFFCFD
02FCFDFF01FD03FD
FA0101FE0600FDFE
FD0301FF0402FD01
000003FC0303FC01
FD03FCFF03030200
020100FD04FEFF00
00FF010006FD00FD
020103FC07FCFD01
FCFE080102FCFC03
FEFC00010003FE02
FDFC0001FDFFFDFF
FCFE000104FDFFFE
FD00040003030302
FEFE05FD03FF03FD
FDFE07FC04FDFF04
00FF030206000001
02FB02FB0601FCFD
FD020500FFFD0302
FD01050004FE0204
FEFE01FF0301FFFF
00FE08FF0602FCFD
01FD04FC01FF02FE
010207FEFFFCFE03
FEFF06FB0201FFFD
FF01040303FD03FF
FFFFFEFD02FC02FE
FFFE05FF03FD0000
FC0302020502FE03
FE010700FF02FCFF
0101F8FEF904FEFB
0302FEFDFE0303FE
FD00FF02020100FD
FEFD07FF07FD0002
0300FA0200FF0303
FC02FC01FEFFFE01
FCFFFDFE04FCFF00
01020102FF0202FD
FCFF00FC0000FE03
FD0100FCFDFEFEFF
FDFC00FD06FDFDFC
03FC05020400FFFF
FBFCFEFFFEFE0202
FD010000FB030000
02020203FFFEFF03
03FC03FD01FD0300
FEFFFE03F902FE00
FD0004FF01FC00FF
FEFD0101FFFF0201
020107FD0102FEFF
0101FD03FAFDFD03
01FFFE00FB02FEFE
FD0305FC0503FFFD
FC01FE0302FD00FE
FF03FEFEFDFE01FF
FD00FBFCFCFFFF03
0000FEFE01FF00FD
00030601FDFEFDFC
010400FC0100FDFD
030109010000FE01
020203FD02FEFFFE
04FCFDFCFDFC03FE
FC00FE02FCFF0102
0103FC00FC010000
01FE01FEFB04FE02
FF03F9FFFB01FEFC
FDFEFA01FFFDFE01
0000FEFDFC0301FE
FFFDFE03FDFD0301
02FDF5FDFF04FC03
02FCF4FCFAFD01FD
0303F7FFFAFFFF02
FE03FCFF060303FE
FDFC04FF05030000
FF0203FDFB01FF01
FC01FC01FEFFFFFE
03FF0102FD000100
0301FF03FCFC0204
FFFFFF0201020101
FD00FF00FFFF03FD
02FEFDFDFFFFFB01
FCFCFEFCFE00FD03
00FC01FF02FDFF03
FFFF0502FD0202FE
02FD0200FC03FBFE
00FC000005FF02FD
FCFCFD0301FDFDFC
00FFFBFFFD020003
FD03F9FFF8FD03FC
FEFF040206FFFD03
FE050102FF02FDFE
FFFDFCFFFD000003
FF0204FFFF00FC04
FC0003FC02FBFCFE
FE00FF02F8000303
FFFCFC00FB00FE03
FDFE010000FFFF04
00FD030002FE0102
FE01FFFEFD00FEFD
0000FA02FF0001FE
FF01030100FD0100
FF01FEFF04020103
FEFFFFFE050301FF
01FE00FE04FD00FD
FEFCFCFB02FCFF00
FF0303FCFB03FDFC
00FFFD03010205FD
FE0006FCFD03FFFF
FE0107000001FEFF
0204FFFEFBFFFE00
0301040001FD0000
FFFD00FEFDFD01FD
0002FDFEFE01FCFE
0002F80302000203
FE00FD02030002FD
FDFD00FD08040002
0103FFFEFF0101FF
FE01FD000000FD01
FCFEFAFFFDFDFDFE
0103FAFEFDFCFE01
00FFF8FE00FCFD01
030102FEFC000003
01FF02FE0203FCFC
030202FB05020301
030007000102FCFE
FD03F900FAFDFF01
0203FCFDFD03FC00
FB00FD00FBFDFCFE
0100FDFCFB0001FE
02FFF801FFFDFCFE
0200FD0100000202
00FCFD00FF03FDFD
0203FA03FAFE02FE
FCFD00FC03000103
01FE0000FDFE0002
FDFCFEFF000003FF
0100FE03FC02FD03
02FC010303FC0001
01010202FCFFFFFC
FDFD04FFFF04FFFC
00020600FEFCFD02
00020003FD02FD00
00FC0002FD04FCFF
FFFE030202FC0000
040002FB00FEFCFE
010204FDFEFF02FF
FD0101FF0502FD02
040002FEFF01FEFE
FC00FC01FE01FCFE
03FE0500FC01FE03
02FE0401050201FE
03FE0703FFFEFBFE
FE0104FB02FD00FF
FC0200FF04020303
FEFFFEFE00FCFEFF
FFFFFDFFFB030000
0302FA01F901FEFF
FC0401FD00FE00FD
01FFF90201FE0102
FF02FCFFFC020003
FD0300FEF8FEFB01
FE02FE000303FF00
FB03F9FF000000FD
02020502FEFEFFFE
0301FE0000FEFE01
0101F90204FEFDFC
01FEFA0203FE0002
FDFDFC02FCFF02FE
00FFFFFDFCFC01FB
000002FD0100FD00
FEFB030005000301
FEFD0603FF03FDFF
03FE08FEFD0101FF
FD0304FC04FFFFFD
01010003FC0402FD
FCFDFCFDFBFCFC04
02FF0201FCFF01FE
0100010201FE0001
0001FDFF06FDFCFD
0102FDFD0103FD00
02FF04FD02FEFC00
03FF0100020102FD
FF00060302FC0102
FE0105FF0300FC02
FC02FF01060300FE
FFFFFFD6FFFFFFEB
00000021FFFFFFE0
00000044FFFFFFF3
FFFFFFEE00000014
02FF03FF070101FF
FD0506020204FDF8
FD0400020303FFFC
FFFF03FE0203FF02
FCFD0000FF02FE01
FC0401FDFDFEFFFE
FFFCFD00FDFCFE0A
FFFA04FE02FFFFFE
FE0500FF0100FD04
FCFD03FFFB020108
FE01FE01F8FD0209
FEFC00FDFB000401
FE0103FEF902FEFE
FCFC03FDFB0002FC
FC0602FDFDFEFCFF
00020200FC0003FE
0204FBFCFBFD0005
FD06050000FD0004
0002FF00FFFCFCFF
FD06FE0303FC01FD
02F9FA00F8FCFC05
0203FF00FFFEFFF8
FEFD01FEFCFFFD02
FE03FF020003FBFF
FD070701FC020101
FDFC0302FFFDFEFF
01FC0403FEFF00FF
FD01FD02FD0400FF
FD0204FCFB000303
01FC0600FD03FEFB
FFFD0201FB0303FF
0102FDFEFCFC04FB
FE01F902FEFFFEFD
FD00FA0204FB0003
FFFEF8FC02FD0301
0102FA01FF040101
FEFCFBFD0503FEFC
0201FD000002FF01
0300FD01FDFEFF03
02040101FDFF02FC
02FEFC0003FE02FC
02FFF8FDFEFFFFFD
01FFFC01FB0100FF
00FFFB01FF020102
FC0000FFFEFFFCFD
0200FA0000010006
FE03FFFF03020004
FCFFFEFC04040402
FEFFFB00FFFEFFFF
02FC0001FFFC0302
FE0200FCFD000106
04FFFFFC09FF0103
000204FFF801FCFD
030103FF00FEFF01
0003FCFC0300FEFF
030000FD04FB04FD
FEFD0203FB00FEFB
01F601FDFF020000
FC0305FDFFFD0103
0301FB01FF04FEFA
FDFC01FBFF0300F4
FFFDFFFEFDFF01FD
FE060402F8FF01F9
030500FEFCFC03FB
02FD04FF01FF0300
FD0200030202FF00
00000002FE000104
02FAFCFDFEFCFF06
0100040105FD0000
020604FD07FC02FB
FD02FDFF06FF0005
FFFBFDFD00FCFE05
FCFC0502010303FD
010605FD04FF0104
FD02FE0303FC01FC
FFFAFE000504FD0A
FEFAFE0001FFFDFF
FCFC02FE0501FEFC
00FDFB0302020103
FCFF04FFFEFE0102
00FA000107FEFD01
010602FE02010102
0000FEFD0402FD04
020101FF03FCFD05
FD0000020800FFFE
0402FBFD04FF0100
FF04FFFF00FCFD06
FD00FCFF0300FC01
02FDFCFC0002FD00
FC0AFFFF05FDFC02
FF030000FE000303
FFFDFEFB0704FD00
FDFC010104030300
0102FDFF02FD0102
FBFFFBFC00FEFF05
0101FFFD0303FE06
020304FF05FFFCFA
FC00FD0002FCFEFE
02FCFEFCFD03FE02
01FF00FD04FD0100
FE00FCFE04FEFD01
0207FFFF03FD0103
FD02F502FDFEFF03
00FE0103FD030003
01FFFDFDFFFCFCFE
03080002FF02FD04
FF04FCFC02020200
FE01FEFC02010001
FEFFFFFF00FC02FC
0105FBFF04000200
FB0300FF03FF0001
FC00FFFD08FFFE03
0003FF01020403FC
02F7FDFEFC03FC01
03FDFAFC0002FF04
03FBFB0202FF0202
0100F802FDFFFEFD
0206FF030000FCFD
0200FEFFFEFDFF01
FD0203FCFC03FE02
FEFCFDFEFBFFFCFE
FEF9FFFCFBFB0002
FDFFFD04FE030104
03FA01FF00FFFEFE
FDFC0401FFFF00FC
0101FEFE0500FCF9
0006FB00FA00FDFF
FEFBFD03030201FC
040005FF09FE02F9
0103FE0203FDFDF8
FF05FFFD06FDFEFE
FE02FEFB04FF01FF
02FA03FEFFFD00FC
01FE02FCFD01FC02
FFFF01FCFA03FB05
FCFB03FE0004FD04
FFFF0202FCFDFF01
FDFFFD02F800FC01
01F801FCFEFF0003
000304FEFDFD0200
FC0104FF00FF04FD
FC0205FFFB00FBF9
02FEFFFEFC000201
FE0100FDFB0203F8
FE0000FEFD00FE01
FEFE00FCFE020200
010300030102FCFC
FD0501FE00FE00FE
0000FFFF00FCFE02
01FE02FDFD03FE02
FCFC0100FA03FFFA
0305050000FDFFF6
FDFF01FCFBFD01FF
000402FBFBFC0101
02010601FBFEFD02
000202FCFEFD00FB
FE00FFFEFBFE00FA
010004FC04FF0201
FC0106FFFAFFFFFB
000100FBFA0101F9
FF04FB02FAFCFF03
03FFFB0302020304
FE00FCFC03010103
FF06FE03FFFD0102
0001FC02FE03FD01
03FDFAFE04FCFC02
03FEFAFD02030002
02FFFE010301FD01
0102FCFD03000301
04FD00FCFDFDFFFD
FEFD00FF02FFFF00
FE02000204FBFEFB
FF00FBFE0104FDFE
FD05FA02FC010403
03000002FF030301
0001FBFE00FEFF04
FE04FE0108FF0304
FDFFFFFB02FEFD02
0102FE0100FCFEFF
0002FAFF04FC0203
040700FF04FCFE08
FF02FFFB03010400
020301FE030201FF
FDFF00FE00FB0408
03FD00FF01FB0405
0102040002FF03FE
FF0805FB0601FD01
FEFE00FB05000005
02FEFCFE00FE0002
03090200FBFD01FF
FF08020203FC0403
FF02FD0106010402
FC0002FB0301FF02
03040403020000FD
FD0408FDFAFC00F8
FF01FFFCFF030304
01FFFEFDFB02FD02
FC0101FD00FFFE02
FC03FBFD00000105
FEFEFFFB01020302
FE020303F8010105
020002FCFE01FC00
FDFEFFFE01030006
0203FD0201FD0306
0201FEFE00FC0303
02FFFCFCFDFE0007
000100FF01FE01FF
FCFE0000FCFFFF02
02F8FFFC0505FDFD
FCFF05FD0100FE00
03FF040003030001
02FE04FD0001FEFA
FFFC01FFFD01FE01
00F7FBFEFE020103
FFFB02FB0304FE00
03FEFEFFFEFCFF02
02FBFE03FFFFFF06
FF00FC01F900FF0A
FFF40400F7FC0003
FFFCFF03FE0101FC
FE02FE0203FDFD00
FF0102FDFBFFFFFD
0002050201FEFFFE
FEFE05FBFBFF0301
02FE0203FEFE0006
0300F9FC05FC0404
0003FB0203FC0003
0004FBFFFEFF0107
02FCFCFE01FC0505
030505020301FD03
0302FCFE03010002
FD0001FD02030001
FDFE04FD0002FDFE
030308010300FEFC
FB08000305FE0000
FDFF01FE00030002
FD03FB00FE030407
FDFFFE0104FE0004
FFFE020201FC0400
01FFFEFC02FDFD06
FE03FE0206FD0001
0301F9FD06000403
0100FA01FEFD0305
FD00FC020702FDFE
FC03FF0202FB02FC
FE04F9FEFF01FE05
0304F701FE000005
0401FEFFFC0302FF
FCFE0000FDFE0202
FE03FDFE01FC02FE
FE00FD0104030205
00FFFBFC00FC02FD
FC02FCFE03FD00FD
0201FC0100010203
FF07FCFDFF01FD01
FEFDFB0104FFFC02
FFFDFCFE020100FD
00FC02010403FFFC
00FAFCFBFB000303
040002FC0204FF00
FCFCFCFF0002FCFF
00FF000001FCFD00
00FF00FB02FFFD00
FEFDFE02FE030105
0300FCFDFCFEFE02
0301FD01FCFFFE00
0301FDFCFB020106
01FFFF0300FDFE01
FFFFFF000600FCFE
FC00FDFD04FC00FE
FF05FEFDF9FE02FE
FE01FDFD00FE02FF
FC0002FE04FCFF02
FC080602020100FB
FF0808FCFDFCFFF9
FF01FF0005FDFE03
0000FB02FD030307
040603020202FC01
0205FFFEFD0000FF
FEFE00FEFF040005
02FC00FF00010309
FFF8FDFEFF020203
FDFBFAFE00020008
FDFBFFFFFCFD0203
FDFCFE010302FC01
FE02FFFEFD020205
FEFB000100FF0207
020100FC02000001
FC05FC00FDFB02FC
FD040A01FF0100FC
FE00040101FE01F9
010601FBFE0100FB
000002FCFD02FDFA
FC0201FFFC01FFFC
FEFA040105FFFE03
010200010200FEF9
00010201FF030204
FFF702FF0102FF03
FDFB04FDFEFCFE07
02030202FE0001F8
03000002FB03FDFD
FF03FFFFFD0202FF
0100FE01FF01FF00
00020100F8FE00FC
00FC0501040001FB
02050702FB03FDF5
FD0002FDFF00FFFB
FCFF020207FEFFFE
01FA030202010305
FD0D0500FD0101F6
FE0B06FFFE01FDFA
00F802FB01020406
00F8020206FF0405
03010101FDFCFE04
01050601FAFC0202
01F802FD02FC0203
03FF050200010000
0001FD0101030201
02FB02FC03FEFE00
01FE0300FC000400
00FB020103FF03FA
02FC07FC050003F9
FE01FDFD0001FC01
FEFFFDFD06FCFD05
FCFDFEFDFDFEFDF6
01FFFEFE02FCFDFA
FC04FDFF09FDFCFC
FE0100FEFE0203FD
FD0301FFFBFDFFFC
02FA0000FF020100
030206FCFBFE0000
FEFE0101000200FE
FC0209020000FFFC
FDFF0201FAFE00FC
020206FCFAFE00FE
FD000101FE00FF00
00FCFD01FFFFFCF8
020305020303FFF7
FCF9000001FEFDFF
FF0100FC03FFFF05
00FB03FEFB0100FC
0302FDFBFEFEFF00
03FBFFFCFE020203
FDFAFDFEFA040201
FE030500F9FDFC00
00FE01FDFC00FCFE
FD0104FFFEFCFC05
0100FDFEFA01FD03
010200FCF603FCFD
FF0106FDF601FDF9
FC0404FEFF0202FE
FC02010106FF02FF
FEFF03000300FFFF
FD060503FE020204
01FE08FDFB03FDFC
02F901FB00FBFFFE
FD02020205FFFE00
FE020100FF00FFFD
0203030205020100
01FEFFFF01000202
01FF04030001FC02
0300FFFEFF01FD07
FE0104FCFBFD0205
010400020101FC03
0100FD0002020004
FF000400010101FC
020401FFFF040104
FC050800FEFE0200
01FD020004010301
02FE0400FCFCFDFB
FCFF05FDFB0202FE
00FB05FCFCFF01FB
0200FE0001FD0101
00FE0201F80002FF
FE0003FCFDFF03F9
FDFA06FF04FFFF00
FEFEFE0204040304
FE0000FBFC02FD02
03FC040100FE0203
FE0106020203FD00
FDFEFDFC01FE0406
FE060302FFFDFFFA
FDFC010301030204
000401FEFFFB02FA
01FCFF030305FD02
00FF0501FEFCFCFB
000208FFFEFE01FE
03F9FE0200010200
01FE0201FFFCFF00
030A0601FFFF01FA
FD0904FCFC0102FC
FDF80200FFFCFE04
FC0000FE0003FDFF
010200FF00FFFB03
020100FEFA03FFFF
03010202FDFEFF00
02FF020202FD0304
FF0000FBF9FDFE00
02FE03FC02030102
01FF02FF0201FEFE
02FB03FF04FEFEF6
FCFE0401080100F9
0301FFFC08FC01FF
FEFA03FF0101FD03
FC000001FDFF03F7
FC0300020500FEF8
FFFE01000503FD02
02020301FFFF0103
FF020403FD01FFFB
FCF8030000FEFE02
FF02FEFDFC000202
0202FBFCFB00FCFF
FE02020103FDFEFB
030403FDFCFF01FA
FE020202FDFDFEFC
FFFFFE00FFFCFD00
0002FEFEFAFF0005
FF030203FF03FB02
010103FF02FDFC01
FE03FF0001FFFFFB
030304FDFB02FDFD
03F900FBFBFDFCFD
01FA01FDFBFD0001
02FD02FE00FC01FC
0205FE0001FD01FF
030002FCF9030007
FFFA020200FC0105
FD050101FF00FDFC
FD01FCFCFBFD0207
FE0001FF020000FC
01FE010200FCFE0A
FC0102FDFEFEFEFB
00FDFFFC0202FE05
0001030206FC0100
FE00FFFCFFFF0000
0005FF0202FFFE03
01FBFE0101030303
01FF00FC00FEFEFC
FF02020302FFFDFF
FCFDFB0200FD0000
FF03060200020002
000603FD01FC01FD
FE080A0001FD02F7
FD05010202FC00FA
FC02FFFDFE030100
0301FAFD04FB0101
FE0200FF07FE0006
FEFDFFFC0801FF05
0006FC0000FE0109
FB02020102000300
FC0302FCFDFF04FE
FDFCFDFB04FF01FF
FF05FDFE0300FF05
000704FFFD0000F9
02070501040101F9
FF0205FD03FD03FB
0101FEFE03FE0402
030A0700FC01FFFE
FE0409FEFD02FFFC
FE00030005FDFF02
0304FCFC0103FD05
00080803FEFD01FB
FE0307FBFC020200
030003FF030403FF
050201FE0603FE05
FDFF03FF04FC01FF
FF00FBFC0302FE00
020101FE04000207
FFFFFB0101030105
FD08020001FCFC03
FD04FFFE05030204
FEFF020207FDFC05
0300FFFE0303FF03
030B03FC01FF0101
0009030104FF0006
020004FC05FFFD05
FDFA020300FD0101
00FFFAFF04FEFC03
FCFEFFFF01FD0201
0300FFFF03010104
02FDFBFD05FB0201
02FC02FE00FFFEFE
02FBFF0202FDFDFF
0202FB01FFFE0201
0100FFFDFFFFFEFF
02FA01FF0200FC02
FCFBFBFEFE00FF03
0100010000FFFFFE
01FDFBFDFFFD0105
FE00FA000100FD07
00FB0303FEFE0200
04FE00FFFC0202FF
00FFFDFC00010005
03F9000300020301
02F8FAFDFE02FF04
00FE000203FF0101
0103F9FE0401FE04
00050400FE0100FB
FD0604FDFEFF00FB
FDFFFBFC05FF01FD
01FB00FD05FD0407
FE0303020203FEFD
03070300FB040103
0000FC0203020107
000201FDFF010405
FFFD00FF0101FC05
03FEFAFD01FFFE02
FFFCFDFD01FE0002
02FF0100FE020103
0006FB0305FBFE04
02FE010001010001
0202FFFB03FD0304
FEFE02FD05FE0103
03FE02FF050000FE
FDFCFFFF00FEFD05
FE01FBFF03000302
FDFB03010203FD00
03170C01FFFF01F5
FF0905FC0300FDFE
00FEFF00FFFCFE04
020000FC01010202
01010500FCFCFE01
000C09FD01FCFFF9
FF0000FEFE01FD03
FFFD010206FFFF04
010102FFFEFDFDFD
FF070303FEFDFF02
0004FC0205FFFFFF
03FD05020100FDF9
FF040AFEF902FCF4
FCFE07FFFA0202F6
FDFB02FFFF00FEF8
02F6FFFCFCFB02FE
03FB0001FA01FEFF
FF00010003FC02FC
0000FDFEFFFE0400
FE0100030304FB03
02F802FD00FEFF01
FBFC0301FD01FC02
0100FF0200FEFFFF
FDFD06FE030200FC
FC0004FD0101FDFD
0000FFFD03040001
04FCFCFC02FD0103
0001FCFD0100FD00
FF05FF0103FFFEFD
FCFF04FF0302FE02
02FD04FEFF03FF00
FFFDFAFEFC00FD00
0003FC00FDFC0103
02FF02FF0301FC01
FDFE010201000200
020002FFFFFF0208
FCFC03FEFCFFFD06
FBF400FFFDFD01FF
00FD04FCFCFF0004
FE05FEFDFB02FBFF
0300FF02FBFE0001
03FDFC020102FC04
01FE0102FCFDFD03
0003FB0003FEFEFC
FFFCFB01FFFC00FC
0101FBFE0201FD00
FE0302010101FD05
FF04FE02FCFC01FB
FDFFFD0204FFFE00
FB0B03FC04FF0400
02FFFFFC07FD0403
0105FCFD0403FF03
FDFDFDFFFE04FD08
FC090200FF03FDFD
01FBFBFC0601FE00
00FDFFFB010100FC
FD0301FE00FC0102
FC0400FFFD00FFFB
0001FAFF08FF0404
FD02FE00000004FF
030200FC01FD03FC
02FF07FDF902FCFD
04FB01FD00FEFEFA
0000030101FE0202
0001F901FD000206
02FFFFFCFBFF0102
03FD03FCFEFE0101
FC01FDFD0201FF01
0301FF00FAFFFC01
FFF60102F9000203
FEFF07FC0100FCFF
0002FFFE060201FE
FF0204FE00FC00FE
FC0001FCFCFFFE01
02020302FAFBFE02
FEFD03FE0300FCFD
01FF05000301FDF8
00FE040300FE03FB
FDFAFBFC090103FD
01FD00FB01FFFC02
FFFBFBFD00FDFF01
02F70203FF01FE04
00F90303FE00FFFE
FFFCFF0000FDFDFD
01FEF90202FCFC01
03F9FB03FDFE0103
FDFEFEFD03040304
0300FFFD000004FE
FE0201FFFC000100
FC0201FC0300FF03
FD010403FDFFFFFC
FD07000300FCFEFA
0300FA020501FE05
FEFCF900FB01FF05
FE0201FE05FDFEFD
02FDF900FD0202FF
FE03FE03FD01FEFE
FF04FDFD02020003
FDFCFC030001FFFD
FD00FF01FC020000
FE02FAFF000303FF
0202FAFFFDFFFF04
FEFFFDFC00FD01FF
FFFEFFFD010103FD
0201FE0201FD02FE
0103FAFBFB030200
020001FE00FF00FF
0304010002FDFFF5
FE0103FB0400FFF6
FFFCFE03FEFE00FC
FE0200FD03FCFFFC
030005000302FEFB
FC0504FB00FDFDFA
000300020700FE02
01FFFC000500FC02
FFFD02FDFBFE00FD
FDFB0201FDFDFF00
00070203FC03FB02
01030102010201FE
FC0104FCF902FCF6
FD0303FE0100FEF7
FE05FFFCFD03FFFA
FCFEFD020801FF02
02FAFE0108FF0303
00FF02FB0202FD01
020102FC0200FD05
FCFAFD0205FE0204
FEFDFDFE05FFFCFD
FC04FF0200FD0105
0308FF0202000003
FEFD01000601020A
FEFE02FFFE0103FE
FF03FBFCFFFEFE01
FF02010205FDFF08
FFFE030202020003
FCFF0202FE00FD00
03FFF9FE0402FF04
0004FDFFFE030106
FFFDFF0203FCFC03
02FEFEFD01FE01FD
03FF01FF0203FC00
01070701FAFEFFF9
0100FE00FFFDFC03
0000FFFCFFFD0405
030D04FDF8FE00FC
FD0705FEFA0100FB
03FEFCFEFFFF03FE
FD00FD00FE030000
FF0902FDFD01FE02
FD0A01FBFDFDFFFF
00FD01FD02FEFE05
0203000002FD00FF
FB04FE03FAFE01FF
030102FEFFFF0202
FC04FDFDFBFC0100
FDFBFE02FD01FD04
040102020001FFFA
FEFF050104010100
FFFCFAFC04FF02FE
00FB00FF0003FD03
FDF701FD0002FFFF
02F9FBFC00FDFF05
03FEFBFEFE03FD00
00FDFDFDFFFFFD06
01F7FFFBFF02FD01
01FE02FFFE03FF02
02FEFFFC02FD03FE
02FF05FC03FF0001
FEFE010200FE0403
FDFB01FE03FF00FF
FCFEFE02FF010401
FDFE02FE04010101
FFFF040103FDFFFD
FD030702FEFCFDF9
FBFF04FFFF0004F9
00FF04FF03FEFC01
FE0002FEFBFBFE00
02010303FE0103FE
FEF702FB00FC04FC
02FC0202050200FE
02070403FE00FE02
00FA040200FDFC00
030404FD010003FF
FF01FF02FD030100
FC0604FC03FE03FE
FFFF0302FD000109
01020201F9FC02FE
0201FC01FE040202
FB01010104FEFDFD
00FCFEFBFDFDFC00
FFFE00000200FE06
00FF01FD04000101
010D0701FB0003F8
00100CFFFBFFFFF8
FD030103FDFD02FD
00FE020004FDFE04
000B08FEFD03FCF9
020604FBFAFF02FE
FCFBFCFF04FF0101
00FEFD01FC04FD02
FFFEFE020202FC02
FDFEFDFC00020103
0201FEFFFC020304
02FF020001FCFEF7
FD02060301FFFFFD
030202FD020200FA
FEFC03FDFF0001FF
01FEFE01FF0003FE
010202FEFFFD03FA
01030000FDFE0301
01010400FC03FF00
FF010702FCFEFD00
FEFFFFFDFCFC0303
FD04FFFFFD01FC06
FDFE05FDFD03FC04
00FD04FDFEFF02FA
010605FEFD01FCF9
02020101FC00FFFE
020102FC02FDFDFC
FCFD0003FDFEFEF8
FD0605FDFCFEFEF8
FDFA04FBFFFD01FD
00FAFF00FB0501FF
02FB02FD000201FA
FD0403000202FCF9
0000FDFDFF01FDFA
00FCFDFE00010001
0201FFFEFFFF0205
FE0103FE0004FDFE
FD080504FBFD02FB
000502FDFFFFFCFE
0101FF030500FF00
FFFD0101FF0301FF
02040100FB0200FF
FEFDFEFC01010000
FCFB00020A0301FB
FFFCFEFF06FE03F9
01FFFDFD05FF03FF
03F8020101FD0002
FEFC00FFFDFC03FA
02FF04FF010100FC
FEFAFEFC01000102
FFFCFF0200FD0104
FFFD0803F5FE01FF
02F804FD0002FEFB
FDFC0302FA03FDFD
03FB0200FA01FE04
01FF0502FCFDFCFC
FEFE0601F50102F2
FB0602FCFC02FFFB
01FAFFFD0100FDFB
FCFDFFFE08000301
FFFD03FF00FEFE00
0003010106FD01FC
00FE00010500FD01
FDFAFF01010304FE
FC02FD0100FFFF00
FF08FBFEFFFB0005
02FBFE0200FDFF05
02FD00FC0402FF05
FD03F900FE01FE05
00FFF9FB0302FC05
00FDFC01FEFD0101
FEFF04FE01010201
01FFFA0003FCFEFD
03FE01FD00FC0001
FC000400030401FE
03FD00FC06FFFBFB
0200020209FCFFFB
FD0004010502FEFE
03FF010106020201
020003020200FEFC
0203020103FCFCFE
00FC05FBFEFEFC07
FCFDFEFF03030200
FDFC04FCFBFEFFFD
FFFD04FEFA01FD04
FCFF06FCFBFD0003
FE020902FAFEFF02
FC02FFFCFD0002FA
02010301FDFEFCF8
03010200FDFF01F9
FEFC00FEFE0403F8
0206FAFE01FE0308
FC03FCFDFF020007
FEFFFAFD03FDFD04
0103FDFEFF01FF04
FC00FDFFFC020301
FD08FDFDFFFD0303
0404FD02FF0201FF
0206FEFD01FC0106
0403FDFD00FD04FE
FFFE03FD0302FFFC
030701FE03FC0003
FF05FDFF03FD0201
FE00FBFE03FD0003
0002FBFD03010001
0403FFFFFCFD0100
02FEF800FE000303
FFFAFB0304FF0000
FE0104FCF802FE01
FE000101FA0101FA
00FB040002FD02FE
FEFAFF00FDFEFE04
00FFFCFDFEFB0305
0000FDFEFFFCFF00
01FB0000FDFFFCFE
FCF8FAFEFF01FE09
00FFFE00FE020204
FDF3FFFCFD010200
FEF8FB0101030203
FCFDFCFF02FD0005
FDFBFB01FFFE0006
FDFBFFFC0302FF06
FC010100FEFF00FF
FFFDFC030404FD01
02FF090004FC01FB
FD020AFC00FCFCFE
04FDFF00FDFFFFF8
01FA0403FBFDFF04
FFF6FFFDFBFE0300
FEFDFD01FB030003
00F80202FF030000
FF00FDFF02FFFD07
03FFFE00FA01FC05
FCF800FFFD000205
02F7010105FE0005
010402FF05FDFC03
01FF0203FA0402FF
FEF9000104020102
FDFBFDFE00FDFC06
FEFEFDFF01FEFE05
FD050400FFFC0500
FEFFFFFB04FD0402
FCFD03FF01000203
FFFD040304FBFEFF
FF06010103FE0002
FD03FEFE05FEFF04
01FEFD0003030109
02FDFFFF00FB0206
0303FCFE02030202
0201FA0002FD0208
010103FD02020308
02FC01FF0602FF02
000100FD02FD0302
FFFCFC0005030100
FE0000020201FD01
FDFFFB02FFFE0101
FE02FC0200FD0401
FDFEFBFE06FF0302
0201FD00040102FF
0201FEFE05FCFE04
02140B00F9FF02FB
FE100AFCFF0003FA
0201FD0208FC0300
FDFB01010701FE07
FF0B0AFFFDFF0100
FD0C0A02FB0203FD
00FDFF01FD000002
01FCFD00FDFF0202
FD05FCFEFEFEFD04
03060200FEFC0303
FE02020102FD0103
0202010206FD0206
010007FF01FDFCFD
FCFD020100FB0102
0000FBFE0201FE04
FF02FFFF01FEFE07
030203FDF90302FC
FBFC05020500FE07
FEFC000002FFFFFC
000503FDFF02FF03
FE080802FB0202FA
FC02080001FF01FE
FDFD0002FE020101
FF02FEFBFD030103
000506FE000102FD
FE0B08FF0201FDFC
FE0205FF01FDFDFD
FEFE030000FC01FF
0202FFFD0701FD02
FEFCFF0204FDFF06
FFFE01FD0301FF03
FDFF0101FD0204FC
01FFFFFC0303FC00
00FC05FD02FEFD05
03040400FB0202FC
00020100F901FCF9
00040703FC0302FC
00010301F8FF0305
FE0405FFFCFCFEFE
FD0500FFFA0002FD
030004FCF902FEF5
000305FFFE0202FB
0100FEFCFB0001FD
FCFF020104010403
FC0201FE040204FF
02FF03FDFDFFFEFD
FDFD020103FEFDFF
00FAFF03FDFEFC02
FD04FEFD000302FB
FCFFFD0003030201
FD010102FEFE0202
FB0501FD0500FFFB
020204FD0000FF02
FCFE0502FB04FF06
0007070101000002
FFFDFBFFFC01FFFF
02030100FB04FFFE
FE02FFFE00FF0203
FF0709FEFB0001FC
0203FF00FF02FF03
010405FDFEFD02FD
FF060402FF0102F8
03FBFC01FDFC00FA
FEFF000100010300
FB0309FFFE01FFFA
FF0D06FBFE0301F9
02FD04FF01FFFC01
FCFFFDFE0300FF07
FC0304FCF8FFFD06
00FC04FFFFFE0003
01FEFD030301FE02
FFFEFFFCFFFD0204
0004010104FD0303
FCFFFC02FFFEFD02
02010002FFFCFD00
03FF0303020004FC
FDFEFC0303FE02FD
FDFEFDFB03020202
00FEFC0201FD0002
01FD03FFFFFEFFFD
FCFB01FD0203FE03
FFFAFEFFFDFDFB01
01FC0602FE0000FA
00F9FFFFF8020101
FFFBFDFEFFFC0405
FEF9FCFEFCFCFC01
FDF90100FD0200FF
FE0001FFFBFEFFF6
FEFE03FD000000F7
FE000100FCFFFFFE
00FF00FFFFFE01FB
010002FD0202FC00
FFFFFEFF03FF0003
04FEFC0205FE0403
02FFFFFC00020204
01030101F9FCFFF8
FF040202FD00FEFD
0103FFFF0003FC00
FD0605FDFD0100FE
000100FCFEFFFEFC
03FD0500FF0400FC
FC050401FF00FD01
010101FFFE0002FB
FE00FFFD0200FE00
020003FEFFFC00FC
01040201FDFD03FE
FCFF00FB03FFFE00
03FBFF0203020303
0003FDFE0503FDFC
00FBFA0105010307
FDFDFC0201FF0302
FEFC01FBFDFD00FD
0008FD000502FD01
0008FE020402FE07
FC01FB0001FDFF08
02FEFDFFFFFD00FE
0203FB00FFFFFF00
FD03FA01FE00FC01
FCFD0100FEFDFE04
00FEFE0200FE0301
FF02FB0107FE01FF
0204FAFD02FBFE04
FFFE00FD0400FC03
FE04FF03FC030205
01FE0200FB00FBFE
FB040303FB03FFFD
FD020201FDFFFBFD
FDFE03FC03FDFDFE
FCFC00FDFD030101
03FD0303FC040203
FDFE00FF000000FF
FE0500FF01FD0205
FD070600F7030002
FEF6FEFDFD020106
0101040004FEFD00
FD0100FF04FFFFFF
000104FCFCFC03FF
01FE00FEFB01FE06
010705FEFAFFFD04
FF030102FF04FFFE
0301F9FB0100FD00
00FCFBFDFF00FC00
00FFFDFB0003FC01
FCFF0200FDFD00FF
000E05FFFF0200FD
FD0904FEFCFDFEFC
FCFDFD00FDFF02FF
00FC02FE04FC0100
0303FE02FBFFFD04
01050503FD03FC02
02F7FC02FDFDFE07
FE00FDFD00FF01FD
0101000103010306
FF0300FF0600FE02
040102FF00FE0302
0000002000000054
0000004E00000006
FFFFFFC6FFFFFFED
FFFFFFDAFFFFFFBE
FFFEFDFE020306FD
0105FEFDFD060000
FD01FAFE010504FE
FEFF02FF01FDFFFC
03000302FDFFF9FE
03FF03FC02010000
0201FE01FC030302
FCFE03000001FEFE
FC03FF00FF06FD03
FF0103050100FEFE
FEFF0502FDFDFA01
FE04FF04FF010001
0006FB01FF050103
010500FD0301FB01
02FFFE06FF030002
FF010003FD00FBFD
FD000901FFFB03FC
FD03FDFBFF01FFFE
000303FD010400FE
FDFE05FFFD0102FD
0101FFFFFDFCFFFD
0006FFFC0202FC00
FE0101FE02FFFE05
000303FD0004FB03
0106FF040302F902
FC05FEFE00050003
0004FEFFFC04F7FD
02FEFD000001FBFF
FCFD040401FFFAFF
02000305FE03FDFC
01FF03040200FFFF
FCFEFF010305F602
FCFEFF0202FC0103
FD00FF03FFFB02FC
FDFF03FAFCFF0003
FCFB0602FD00FB02
01F90101FBF901FE
02FA080702FDFB02
02FA010003FC0503
FBFD010002FEFBFC
01FE05040000FA00
02FA02FC02FA01FD
FEFD030201FF0204
FD0200FE00FF0000
0400FE03FE0000FC
FCFA0701FCF80103
FCFD0102FFFB0102
FF040204FC0103FE
FCFC00FD02FF0000
FFFE0103FFFD03FD
03FA01FB03000301
FF0103FF01FEFEFD
FB00FEFEFC00F801
FD0103FCFDFE0403
FEFFFEFF00FFFF03
FE00FEFBFDFCFC00
FD05FD000304F5FF
00FDFF050001FE00
FFFDFEFF00FEF901
00020302FF02FEFF
0001F9FAFEFFF7FF
0101FEFF0203F7FD
0004FFFDFC06FBFC
FD010104FE00F6FD
00000402010205FE
FE0204FDFFFE0400
02FF0202FDFDFD01
FE020304FFFC0500
00FFFF03030108FB
0304FB0102070402
00020100020006FD
FFFE000001FF0100
FF0301FEFF040701
0106030103060400
FF0104FEFE0102FF
FD03FE04FC0005FF
FD02FE0001010502
FD010502030300FF
02FC0404FC0107FC
FE04FFFE030200FB
00010400FEFC02FD
FCFCFF01030101FC
03FF08FF02FAFF01
0102FF07000201FF
01020400FCFD0500
FD01000002000600
00010000FFFB0401
03FD01FEFC020300
0101070303000203
02FB0701FF000101
03FC040300FBFE00
FEFD04FEFDFF03FC
00000000FD010203
FCFE0502FDFE0503
FEFA060002FF00FC
FE00FEFF01FD0300
FB0402FB02FE04FC
FDFD000200FFFEFD
01FE0803FFFC00FD
FF030202FC00FBFF
FDFD03FD010004FD
00FCFE00FFFE0103
00FE070101F70202
FF00050001FEFFFE
FDFD0503FCFFFDFF
00000303FFFD05FC
02FD05FFFDFBFD02
FDFF0400FFFCFA00
030101FF030100FF
00FF060001FB0800
01FC0403FFFB0200
FFFB020300000800
00FE03FF00FEFEFF
03FE01F900FE02FC
FCFD01FD03FF03FE
FBFE0200020203FE
FEFE0203FEFDFEFC
03FB02FCFD00FB00
01FD020001FC0001
FF00FE00FDFFFDFD
FEFEFF04FCFCF9FC
FF020302FCFCFEFF
FC0104FDFFF9FB00
02FFFEFF01FFFCFC
0300FC0402FDFDFB
0300FE030101FAFB
00FE000201FCFDFD
FFFEFD04010403FC
0203FEFC01FD04FC
FF04FFF6020402FF
FE04FAFC01030103
FE00FFFB0001FDFD
01FD04FF02000400
FEFE01FCFCFE02FE
FDFE02FBFD02FC02
020600FB0202F8FE
FEFEFBFF020401FE
0100FE050202F700
0200FE07FDFDFCFE
FF01F904FD06FBFE
0204FE00FBFFFFFC
FCFFFC03FE03F502
FF0600030200F803
FE06F8010306FEFF
01FDFCFCFD040301
00FCFFFCFE0005FF
020501F902000303
0103FBFBFC040100
0000FDFD0104FF02
FD0500FD0104FCFD
FEFC02FBFF02FFFF
FD07FFF90002FE00
FC05FBFF0000FFFC
FEFF01FDFD07F901
01FFFE040107FB03
FE01FA02FE01FC02
FE04FAFDFE04FA00
0001FB01FC06FE01
FB07F9010005F7FC
0002FD01FB05F403
FD0002FB00FCFE03
00F7030002F600FE
02FF05FBFDFA0500
FFFB030101FC0800
01FD0001FFFEFC01
FFFF02FBFEFF0202
FE0301FFFCFA0300
00FB0203FDF905FC
FFFA0700FFFFFF00
FD02FE00FE010203
00FF000401FA0600
01FC040003FE03FC
00FC0603FEF90601
01000301FFFC0203
01FB01080000FF03
FEFA050000FC0202
FCFA0709FFFC0202
00FCFE01FF020202
FD0101040101FC02
FEFFFF0202FBFE02
FC01000202FE0301
FF01030200050201
FFFFFD0501000104
00FF0201FD000600
FB0000FFFEFF04FF
FE0800FCFF040605
0101FF01FF010603
FC020101FC0108FD
03FEFF02FEFB0103
FF07FEFF01040400
FF03FCFEFD0202FF
02FC0701FDFF0200
FD0204FFFE0001FE
0205FDF6030203FC
FC07FFF8FE03FCFC
00FDFF0200FE0702
00FE00FF0103FEFF
FF02FE01FE00FDFC
0202FFF902FF0403
FBFAFFF9FDFD02FC
01FF0201FD0104FE
01FD02FEFDFD0500
FBFE07040000FC01
01FC010103FFFFFF
FF02020301000200
FB03FF060102FE02
03FF0205FFFEFCFF
FEFE010000FC0003
0003000301FF04FB
0003FCFD030001FF
FB04FD0002030301
FB00FBFE02FF06FE
FE00FEFDFF01FBFF
FF000605FEFF0500
00FF02040001FFFC
FE04FFFD00FFFA00
FB010002FC04FC00
02FC0506FE0200FC
FFFFFF0102FFFBFF
FE010102FF05FCFF
FCFF03030201FD03
0204FD04FDFFFBFD
FB030102FC04F9FE
00010000FD05FBFC
FF04050502FF04FF
02FF070500FE05FF
FEFE0703FC000103
FCFC020503FB04FD
FEFD00FE03FC0302
FD01FC06FF010600
FC010202FFFC06FF
FFFD0000FBFB04FE
FF0001FF020306FE
FE020004FE070200
0003FFFF010608FC
03FC06FF00FB03FD
01FF00FF010009FD
FD0002FF01FE0202
FD00050203FD0503
FDFEFF0101FC0402
01FD040102FB0200
FCFD050103F902FB
FFFA0701FDF90400
00FD050103FD01FF
FBFF0101FFFCFDFD
02FB03FE00F903FF
02FA02FEFEFDFE02
FF00020403FEFB02
FDFE0004FEFBFDFC
FD00040301F90400
01FD01FFFEFC0102
00FB0104FEFF00FF
00FD04FEFCFB06FD
03FC06FCFDFEFF01
01FC040102F90300
0201030201FB02FC
01FD04FBFDFD0402
FDFC0500FBFDFFFE
FFFC03FDFFFE0200
030104FCFE000203
00F906FEFBF80401
FEFD00FE00FC01FD
04FD03FEFEFB03FE
00FD03FE03FFFDFF
01FD0200FF00FCFC
FFFE00FDFCFBFBFC
00FCFD030201FC00
FE0103FFFEFEFD02
0104020403FF0100
0002000702000402
03FCFB010302FA00
FD0200FE00FF05FF
FDFEFF02020003FF
0206FBFFFF03FE03
FE06FFFE0304FEFE
0301050102FF05FD
000201FEFB000202
FE00040400FEFEFE
0203FFFFFD0201FC
03F80603FE000701
02010304FEFF0304
FDFA0506FCFC02FC
0000010503FCFD00
FC030605FF00FFFC
0103FF0400FEFCFF
03FC0001FFFF0002
01FF0008FD01FE03
FB01010400000000
01FBFEFAFE040004
0108FFFEFD03FAFF
FC01FFFCFE090403
FEFD04FD03030504
02FE02F901FEFEFF
020001FAFF0302FD
FE0000FAFD040201
FEFF02FAFCFFFB02
FD0102050201F9FD
010302010101F8FD
FD0302080100FD00
FF04FE00FD02F704
0102FFFEFD02FDFE
FBFFFDFD0000F6FD
01FF00FE00FEFE03
FD00030100FCFBFE
FE0300F901000602
FE07FAFB0209FDFF
FC01FAF9FF0800FF
0002FF01FD0002FD
03FC00FFFCFC0004
0206FBFBFF08FD04
FD0502FBFF06FDFD
02FD02FF00FF03FC
01FEFE06FE000303
010306000102FEFF
01FF03000301F903
FD03050304FB05FB
FD01FF04FB02FF02
FF010505FE02FEFF
02FB010402FF0302
010001FF03FEFDFE
FF0000FAFF010403
FF01FCFF0000FBFF
FE0201FC00FFFEFD
FDFCFE01FEFE07FD
FC05FFF8FB05FAFE
040301FBFE0300FF
0301FEFC03000103
02010301FDFE0102
000500FFFF03FDFB
0301FCFEFBFFFCFC
FC00FDFDFFFFFA00
03FE03FDFF00FFFD
0104F8F9FF04FEFF
FE0104FC0103FBFD
01FFFE02FF06F900
05FF000302FD0201
FC02FFF8FEFFFF02
FC0001F8FC000100
FF06FFFDFD0001FF
FE01FDF9000604FC
FF00FBFFFF01FA00
02FF03FAFCFEFCFC
FD02FFFD0303FCFC
04FEFFFEFC010002
02010101FF03F603
FFFF020401FFFCFD
FC0002030200F900
FFFF0300FBFEF403
01FDFE04FE03F5FF
FF01FFFF0000F5FF
000302FD03FFFAFC
FE030205FDFFFCFF
FDFE030003000101
FD00FEFEFC000002
000200FD0206FB04
FD03FEFAFB04FCFF
FCFF0504FD0000FE
010101FEFC020200
FF0002FEFD02FF00
FF01FEFE02020002
FD00FDFF010004FF
02FDFEFCFCFFFDFF
FDFE0200030104FD
000601FBFD03FD00
03010302FD0300FE
0203FCFDFE04FBFD
0301FEFD0003FF03
0303FBFD0204FDFD
FEFC020702FC06FD
FE01FAFAFFFF0103
FC04FAFAFC090100
0302FBFA02060500
FFFB0205FD000200
030302FC0201FAFE
FD0200FF0203FAFC
02FF0302FB000304
FCFC030002FF0100
0002FE040204F9FF
FE03FB01FD01FEFD
FC06FDFD0203FE02
0201030600FC01FE
FD070001FC05FEFF
FB00FE020304FE01
01020203FF05FCFF
FCFEFDFE01010900
FF06FAFF000502FF
FC03FAFF030102FE
FB0000FAFC010603
FFFF01FE00010303
0206FDFFFC05F901
FE01FDFB02050101
FCFEFDFFFF0202FF
FF04FF050205FF00
FD04FFFFFC0000FF
FE07FF02FD07FE00
FFFFFD00FC01FF02
0004FC01FCFDFE00
020502FEFE0202FD
0005FFFEFC030300
FC03FE0000070003
030501F500FE0101
FF06FEFB01030101
FE03FDFF03030701
FFFDFDFFFFFF0000
FE06FCFC00040003
FC00FFF8FE02FCFE
FE0404F9FC0105FE
FBFDFEFF0300FF01
FF030002FB04FC01
0003FCFDFE000002
FD0400040004FB00
00FE02FEFD00FCFD
FF0600FF0303F403
FE01FEFEFC00F501
FE04FC010001F9FF
010201020301F8FD
FCFEFE0201FD0000
FD0401FAFB040402
0101FAFA02000504
000000FF0304FF03
FD03FE01FC02FAFF
FEFFFCFB01040202
000100FAFE01FD02
FDFE04FC0104FD03
01FF01FF0001FFFF
FC02FAFF0100FC04
FEFFFC01FD0200FD
0202FA04FE00F804
02FB06FEFEFF0000
FD00FDFFFF01FB03
00FEFE05FD04FF04
0200FB040007FB01
04FA020301F90404
02040000FC040103
000001FEFE010302
01FD050703F90403
03FF0701FFFF0A04
01000101FF0206FE
000301FC0101FE02
FFFF070202FA0902
FF0301000201FF00
FDFF0001FE0305FE
0008FBFCFD0402FD
FFFE03FE010104FC
00FCFE00020106FD
000200FDFDFD06FE
FEFB060303FE0401
00000005FDFC05FF
FC020303FEFE06FC
FF05010002040104
02FFFE01FB000303
03010104FFFE0200
0001060400FC0202
0105FEFAFF0302FE
FE06F600FF05FE01
FE010201020501FF
FD02060602000501
FF05FCFDFB08FF00
0207FEFFFD070402
FF04FEFE01050200
FC000606FEFDFEFF
FC09FE00FE02FE00
FF03FC02FD01FEFD
FE02FD0102060502
FF01FF06FE0305FD
01FE0401010203FF
FCFF040403FE05FD
FFFF050601FC09FC
FDFF03FEFEFB06FB
04030301030205FE
0200030204010102
FDFD0500020205FD
FC01FE0202FE06FC
0201FE03FFFF00FE
FBFF0205FD020402
02040401FEFF05FF
01FD040003FE0900
03FD0305020002FF
000004FEFF000903
0303030201030102
000100FC00FA06FD
FE010201FCFC01FE
03FE060302FF0301
FDF80202FEFF0204
03FE0001FD01FD03
FD00000201FC02FC
FCFD0003FFFB0403
FD030304FEFFFCFC
03FC040501FFFFFC
010100030100FD04
03FFFFFFFD0202FF
FC00FEFFFEFBFC00
0101FE0602FF02FF
FE010505FCFE00FB
03FC0105FDFE0002
FB00060400FD03FD
FEFB060300000401
FE05FDFFFF020403
FE06FCFF02050503
00FC0303FC0005FE
FDFB0005FEFD0803
FCFE0000FCFE06FC
0204010402010403
01FD0500FEFD0201
FDFC05FF04FC0003
FCFF03FE00FFFFFD
02FE0101FFF90601
02FB00FF02FB0400
01020301FEFC05FF
01FD0508FFFA02FF
FCFD01FF01020202
FD01040602FFFEFD
FE0204FFFDFC0100
02FF0103FFFCFEFF
00FEFFFEFDFE04FC
01FA05FE00010402
FBFB03040104FF02
FF09F7F9FE0DFBFB
FF04FEF7FF070201
FCFE030102010102
FF01FF05FF060100
FE06FE04FE03FCFC
FC05F901FF05FAFF
0300FE03000200FF
FF01FE03FC020301
0300FE03FC00FEFF
0004FE0303FFFE03
FDFDFF06FD02FC00
FD03FEFEFC00FF03
FE07F8FC0207FBFC
0005F7FCFD06FF00
FE03FFF9FC0604FD
FBFEFFFDFE00FE04
FC00FE000200FE02
0202050300010200
FEFE0103020001FB
FCFFFC05FC01FE02
0302050101020003
01030100FCFD0302
02FC0304FEFF01FD
FCFF0104FB040303
0204FD04FD00FB01
FE01FCFDFCFDFF00
FD00050303FFFDFD
02FB01FC01FF06FE
FD00FCFC01050602
010400FD03030703
FB0401FA03FF0400
FFFE0001FF0100FE
000204FCFE02FBFF
02FFFF00FFFFFE03
01FDFCFDFB02FFFD
00FE0501020002FF
FF04FE02FC01FCFE
0101FE05FE06FF01
FEFFFF03FE00FB04
02030405FEFDFAFD
FDFE0004FDFDFD02
03FDFFFFFCFFFD02
FCFFFD0603030103
FD0004FF00FE0003
03FFFFFF00FC01FF
00FF030403FC07FD
FDFDFE01FCFEFF03
FF02FDFDFB03FDFD
FEFF0300FBFD0700
FC0203FEFFFE0502
FF0003FE01010504
FC03FFFF030405FE
04000703FEFFFFFC
FC07FAFD0203FB02
FD0305FC03FD0400
030000FBFEFEFF02
0302FFFD010000FC
FD05FAFEFCFFFE03
FEFD0401FDFF0703
0201FF00010002FF
FC04FCFC020102FE
FB07F8FB0201FD02
FB0002FEFF0205FC
FCFB020203030602
01FCFF000302FC01
FF0302FB030400FF
01FE01FCFE03FFFC
FFFB040403FE01FC
FCFDFE020000FCFF
050000020300FF01
FC0102FF0106FCFC
FCFEFF0400FC01FE
FE0402FD0202FBFC
02FE040100FEFDFC
0206FC01FF04FF03
0101FDFEFE0105FE
0006FDFEFC0304FD
FE03FFF901040301
01FD0506FCFD0301
FF04FD030203FF01
01010603FE0203FC
0103FFFFFFFC0100
03FEFEFF0001F900
FDFC02000000FCFD
040007FFFEFBFE01
02FA050504FBFEFF
020100030101FC00
03FFFD04020000FC
010001FFFE0101FD
02000304FDFDFEFD
0000F8FF0206FAFC
FDFB000000FCFBFC
FEFB070200F7FFFD
03F903FEFEF90101
03FE01020002FDFD
02F803FAFCFAFF01
FDFB03FEFFF80200
02FB04FE02FBFE00
01010203FDFE0002
03FD0302FEFEF800
00FBFE02FD00FB03
FF01000503FC03FF
FBFD0200FC00FEFE
FEFC00FFFFFE00FC
FFFE03FFFCF9FFFC
000105FF00F9FE01
0000FDFE02010700
0403FEF80105FE01
FFFFFEFE03080003
FFFF01FC03FDFF01
02FC0001FD020400
FF0103FEFC02FDFF
FDFDFEFB02FF01FF
FF00FDFFFEFE0200
01FDFE01FE0202FC
02FD01F90203F8FC
01FE00FA0202FBFF
FE02FC0200FEFBFD
FB0203FFFDFEFB03
0305FCFC0101F9FE
FD03FFFF0303FBFD
FB02FB02FCFFF900
FDFA050003FBFCFE
01FC000403FE0902
FF010302FFFE0600
02020205030000FD
03FC0602FDFC0202
00020604000102FF
FCFEFE00030200FF
020401FFFF020100
FFFD0500FFFD04FD
FE0006010004FDFE
FDFD0805FD0202FC
03FF000500FE08FD
FF000400FC030301
FF00FFFFFBFEFFFF
02F7030402FD0300
02FC0704FF000200
01FC030202FEFD01
00020203010205FD
FFFE04FAFCFF0402
0208F7F701030301
FFFF02FF01FCFFFE
0301000600030603
010BF7FCFF08FAFE
0108F8FAFC08FDFD
FEFD0400FFFD00FC
00FE04FFFC030502
FE07FCFFFC06F903
FC04FBF9FE01FDFE
0203FE0503010203
00FC010103FF0403
03FF04FE0203FFFC
000203FE000101FE
00FF040300030100
FEFC04FFFCFE0002
0102FD00010301FE
FD01FEFE0202FFFE
FCF9FE0002FA05FB
03FCFD02FCFBFFFE
FCFE0005FCFB00FE
FE01010003FC06FB
FC01020401FCFCFE
FFFB040600FA0203
FF000000010200FE
0400030504FFFCFE
03FD010100FD02FF
FD020205FC04FCFD
FB02FE06FC020002
FEFC0501FDFAFF05
02FE0003FDFFFBFE
FDFF030301FF0400
0201FBFA00050601
FE01F9F80009FC00
FFFFFEFAFC0403FE
0205FF0202030503
030102FC02FFFD01
FC01FEFE010002FF
FC0401FCFE00FC03
00FE01FF030204FE
FD0601FD0103FBFF
FE03FF000301FFFF
FF02FBFE00FF02FF
010202FF0103FDFF
0000FEFEFE04F901
00030404010300FF
FB02FA000107FDFE
0300FE04FF030101
FCFC010400FC0300
FE0004FD0100FDFD
FEFFFFFE00FF01FC
000503FFFD02FD00
020CFDFEFF0B00FD
000DF9FBFD0BFEFC
020301FAFFFF0100
02FEFEFF00FFFC01
0204FB020107FD03
FC04FCFDFE04FF04
FDFF0406FCFD0001
02020407FF0100FE
0300FF04FC01FE05
010103FFFEFF0103
02FFFF0401000100
02FDFDFF0204FEFF
0006FBFEFF0305FC
FE00FDF9FD0403FE
FCFEFF04FEFC0600
FC0400FF0002FBFE
0300FC03FF00FF00
01FF00FC000204FC
FF0000030102FEFE
0300FD02FE02FEFD
030103FF01020003
00000407FD00FEFE
FD0302FFFE02FCFE
000101FFFB03FF02
0304FD00FD01F801
0104FC03FE04F603
FF01FF040300FAFD
FD05FBF6FD04FD03
FE0BF6F9FE09F800
FF05FDFDFF0602FF
02FEFDFC00FE0201
010401FFFD00F902
FB0301F8FEFE03FE
030401FAFEFFFEFD
FF01FEFCFC020200
FD040302FD040200
02010101FC010301
01060001FC02FE00
01FE04FFFC00FF03
FD04FE02FF03FDFF
FC02FE00FE01FBFD
03010301FF02F9FC
FEFF00FEFE0005FE
01FDFCFDFF040000
FE00FBFEFE0101FF
0104FEFE00FD0702
00FBFFFEFF0404FE
FD01FB01FF06F600
0206FB000105FD00
0400FCFC0402FDFF
FDFDFCFE0003FC02
FF09FDFF0007F801
040002010305FCFC
00050407FFFDFCFD
FFFF0002FC02F803
FD0200000005FCFC
020300020002F200
01010104FF00FA03
FF00FE05FDFEFC00
01FB0404FF0106FE
FD020001FE020603
01FCFF02FE0101FE
03FF0100030304FF
FEFDFFFD03030103
FD01060201FC0500
00FD0101FEFA02FD
FDFB0203FEFD07FF
0001FF02FEFD0202
00F90902FCFC06FF
00FE08FE01FF02FC
FC0300FF02FEFD03
FE03FF0102010202
FC010200FFFA0000
01FB020402FBFDFF
020203FF03FF0100
00FD02FC01000502
FC0000FAFD010401
FF01FBFB03000602
0000030401FD0502
0001FFFE0004FA00
040001FE0102FDFD
0303030100FEFFFC
0000FCFFFF04FCFD
0200FB040204F5FF
0202FD010105F7FE
0103FF01FC00F8FF
FC05FB02FF06F701
FE01FDFF0004F300
0200FCFF0001F9FE
FC02FD020308F3FE
FCFE01050302F902
030004FE02FC0000
02010405FCFB01FE
03FF0702FEFA07FE
01FF0300FFFF0402
04FC01FB01F9FF00
FE0000FA0000FEFC
0003FD02FEFFFEFE
01FE0004FCFEFEFD
FBFCFF05FD0001FF
FE04FBFEFCFFFFFF
01FE01FD00000002
03FE010300FA03FD
02FE030600FC02FB
FFFD0703FCFF0203
FFFE0200FCFD01FD
03F90101FCFEFF03
FC010003FD020400
FE02FFFDFCFFFF01
0005FC01FD020200
010001FBFCFE0702
02000406FF01FBFE
FDFCFF0300FE00FD
FC0102FD0100FA01
000305FFFDFC03FD
FEF9060400FB04FF
FEFD0206FE000201
FDFC030102FEFFFD
0202050403FA0001
FFFE040303FEFD02
FDFC0104FFFB01FC
00FE000200FE00FF
FDFFFF05FCFC0200
000101FCFDFF09FB
030700F9FB040103
FD02FBF9010800FD
FEFE00F8FB070001
FE00FDFF00FFFE02
03FB0505FC01FFFF
0300010102FD02FF
03020203FFFC01FD
FD01000500FF0001
FC03000404FF0200
02FC0409FC02FB00
FD010102FC010302
FEFD01030100FCFC
FF0203FF0205F9FD
010204020001FE00
04FD020401FF0400
FDFDFF03FF0105FE
FFFF03FCFE0205FF
FC030306FDFCFFFD
0004FE00FC040100
01FD050000050101
FF000100FCFD08FD
FD020204FFFD0500
FDFF020100000102
FE040001FD050801
FEFD0803FDFA0601
01FF0A06FFFD0403
02FF00FF03030801
00FF0004FCFF06FC
020301FE02000602
03FB06FF01020101
FFFE0501FEFC06FE
FFFEFF02FDFF0503
FD0102FFFDFCFFFE
0101FEFEFCFB0003
FC02030400FD0504
00020002FEFE07FD
010BF4F6FE0CFAFE
0307FBFCFB08FEFC
FC00FE04FE000603
02FFFFFFFD0407FD
FF04FC01FE0CFAFF
0009F8FDFD0DFB03
FF0601FE0200FE00
FC010202FEFEFE02
FD010502FC020403
FFFE03050301FBFD
FE060305FF02FC00
FFFCFF01FF020700
0306FBFDFE08FF02
FB02FE00FF020202
FEFCFEFEFCFE01FC
FCFE040300030600
FC07FFF8FF040003
FE050401FE000301
01010204FC010001
03FF0406010204FD
FF0CFA000205F9FE
0109FD0100030201
FC050201FE0004FB
02FE00FE00000501
FF04FEFEFD070403
FF09FEFC04080204
02FFFB02FC0104FF
02FCFE00FF0105FC
02FB020201FC0003
01FF02FE01FD0501
01FE0302FDFF02FC
FC06FAFFFE01FD02
FE00FC0103FE0400
000601FFFF01FF02
FE02FAFF0007FAFF
0207FBFDFB05F6FE
FDFEFCFFFE00F702
FD01FBFEFE02FA00
FDFEFA00FB00F6FF
FD00FD050207F500
FE00F8010209F801
FB07FA020305FAFE
FE02FE00000302FC
03FD010201040703
FE03FCFE0300FFFD
0207F8FAFD0403FD
FEFEFFFEFD0101FE
02FBFE01FFFE0600
0205FFF901FFFCFE
00FE0300FF01FF02
0106FBFA0106FBFE
03020100FEFC0300
01020002FE03FAFF
040503FCFF03FEFE
FE06FD020105FFFF
FCFC04FD03FEFE02
FE00FE02FC05FCFF
FE03FBFD040100FF
FD04F7FBFC09FEFF
01010104010004FD
0005FCFA030902FE
FC02FBFA0007FE01
FCFF06FB02020102
01FE04FE00FD03FF
0007FCFB0105FC03
0303FEF8030700FF
FBFE03FF0201FEFE
FC01030204FCFDFD
02000004FD04FDFC
00000102000202FC
FF030501FF000700
FDFF06FF00FC0300
FF02FE04FEFBFFFF
0101030100FE0001
02FE000200FDFE02
00FD030201FE05FD
FBFC00FAFE000501
FF02FE01FC030403
FC0001FCFD03FEFD
0001FCFD0201FDFF
01FF02FFFFFF04FD
00FEFE00FF000202
FC06FAFE0202FD03
02FDFF030005FAFE
FDFE0106FFFCFFFC
FC01040403FEFDFF
FE01FE010101F8FF
0203FE020107F8FD
FD0400FF0304F601
0306FEFFFC05FDFD
FE04FD020101FC00
00FD04FFFD0003FF
03FD000100FD06FF
FFFC030501000200
01FF0301FFFC0400
0103FAFBFC04FBFF
0004FAFE02FE02FC
FE010001FC04FC02
FE0701F70001FC00
FFFEFDFDFB02F5FC
0203FDFD0207FF01
FF00FB000103F802
0004FFFBFC02F6FE
FC0003FF02FF03FF
FCFF00FBFFFFFDFE
FD08FE000304FF00
FE04FCFE0102FCFC
FEFF0203FBFE0301
FFFF02FDFCFCFEFD
01F9000400FBFF02
FBFD0401FCFE0301
FCFE0304FDFCFF01
00FA02FE01FF05FF
02FE01FEFFFC03FD
FC02FFFFFEFD00FC
FCFB05FF0000FDFC
FD0005FEFEFA01FD
00FE0203FEFD0103
FCFFFFFF03FDFAFF
03FF01FEFE000101
01FC050200F905FE
FDFD020200FD03FE
FFFCFF01FEFF0502
02FC00FDFC0104FE
FD0200FD00050102
FC05FBFB02070203
02FCFCFCFE02FDFD
01FF030200FF0101
FC01FDFF03FEFBFD
000401FEFEFFFDFF
0000FD00FC05FEFF
03FB03FFFEFD02FF
FBFF02020206FBFF
0202FDFF000200FE
FD060200FFFFFFFE
01FB00FFFFFE0001
FF04FFFBFD02FDFF
FD02020402030200
00000000FF01FBFC
FD0105FD000202FE
FDFEFF00FCFA00FE
01FE0503FDFD0401
FF0002FFFC000102
03050002FB000502
FE08FEFCFF03FCFF
0303FAFB0107FAFD
0004FD00FF02FE00
FE040103FDFC00FC
FE0201060003FDFC
01FF03020301FF03
FFFC0404FE000001
FEFE0201030001FD
01FDFE05FCFE0201
FF00FE00FD0305FD
FF020103020201FE
0000004000000013
FFFFFFDCFFFFFFC9
0000004A0000002E
FFFFFFD2FFFFFFBF
0303FE03FF00FF00
0102FF02FE02FE06
FC01FCFEFC000004
0302FC00FB000603
FE04FCFEFDFC05FC
020101FEFBFF0401
FCFEFBFEFBFDFF01
FE000205000300FE
FD01FF00FE01FFFE
FCFDFBFC0001FEFC
06FE020003FC07FE
FB04FCFD0300FD00
FEFA0103FF02F8FF
01FF02FCFFFFFDFC
02FC000003FCFDFC
FB00FD00FDFCFBFE
0100FF00FE0208F9
02F9020000FDFE05
040101FE0101FEFF
01FEFCFFFC010400
FBFCFEFEFDFDFDFE
FEFD03FAFD03FEFE
0202FFFB0002FCFF
01FD00FB01FFFBFD
FBFC01FD0102FDFF
FCFE03FE02FC0301
02F50201FFFFFA03
020001FA00010003
04FAFBFCFC01FF05
FEF9FCFB02FDFE05
030002FDFCFF0101
00FA02FDFC00FE04
FD00FF04FF00FFFD
FA020301FDFF02FC
FEFA0102FF02FFFE
FF0303FEFF03FEFD
01FF02FD0003FD02
FD04FB0303FC0001
00FF00FF04FB03FD
FE02FD030202FEFD
00FF01FCFBFDFE01
000402030003FCFD
FD01FCFD02FE04F8
FAFFFE03FC01FEFB
010101FFFF020300
00020103FBFE04FC
03030304010001FA
FEFF01FFFEFE0400
0004FDFCFC0201FD
FEFB0003FB0104FE
FFFE00FBFF0304FB
0404FFFF000302FD
02F8FDFCFF02FAFF
FE03FE00FCFCFFFD
FF03FCF9FDFCFE01
FD03FDFEFE02FEFE
0000FD00FC03FD02
03FBFC02FEFC0302
FEFFFEFBFFFE02FE
010201FB00FE0201
00FEFFFF01FFF902
04FB020101FEF903
FEFBFEFA00FEFD06
FCFCFFFAFEFEFCFE
FF01FE0202000202
FD04FD04FF00FD05
FE03FC0301FF0203
FFFF0002FC00FD02
FF010300FEFE0404
0002FF000400FE00
FBFFFE02FD00FE00
FE070202030006FF
03FF010000010003
FE000101FDFEFEFF
0001FE05FEFCFFFD
0006FF02FF000304
0104030602010100
F9020404FDFE0101
FA000303010301FF
01FCFF04FFFB03FB
FE06020001FD0501
FE01FCFC020000FE
FF040304050200FD
FC06FE010200FEFD
FE00000301010101
FD010304010300FD
FF01030601FCFF00
0106FC03FEFF03FC
FFFEFF02FD03FFFA
FB04FE04FDFCFFFE
0202FB03000100FB
FFFEFC05FBFC03FC
0004FD01FF020100
FDFEFE06000104FB
0204FD0202FF06FF
FB05FF010303FE00
01FFFC010002FF00
FEFE01FE0400FCFF
FF03FDFE03FDFE00
FD020203FE010401
01060105020300FD
FC05FF0001FCFF02
FD020106020206FA
000400FFFD0303FE
FC010003FD0200FD
FE020004FBFEFEFD
FCFC02FEFF0201FE
01FEFB0200FF0301
FD01FF01FC0002FD
FC02020702FE03FC
FF07FB0501FD0200
FBFEFF0401FF06FB
FD00FC0005FEFD02
FD03FCFC00FF04FE
FA02FDFBFB02FF02
FF02FDFDFEFCFFFE
0201000403FDFE00
FE010103FF0001FF
FC020004000203FF
010000040302FF00
01FAFD0101FCFA00
FD03FE030001FDFE
FE02FE00FEFF01FC
FEFEFCFB030101FE
00FD03FC00010203
FDFC0201FC0001FF
FFF9FB00FE0202FE
FCFDFC0400FDFDFC
0001020001FEFD01
FD02FEFDFCFFFC01
FBFE03FCFF02FEFE
05FEFDFF02010304
00FF01FF0100FE01
02FE030102FFFEFE
FC0103FAFFFDFEFB
FE01FD0100FE00FE
FE02FD01FCFE00FF
FBFC02FDFCFC01FE
02FE03FDFD0001FF
FDFC0103FBFFFD04
FC00FD04FEFCFE00
05F804FCFB01FF04
04F803FAFDFBFA01
00FE01FAFEFFFB03
FCFDFCFC030201FE
020000FA0102FFFC
FE00FDFCFB01FAFD
FFFEFB01FFFD0103
04FEFD03FFFEFEFC
FEFD0302FCFD0000
02FB03F90201FA02
01FFFDFB0202F803
FFFD0100FE02F8FF
01FD02F9FEFFFFFF
00FCFCFE01FF0101
FCFA00FF03FDFBFF
01FEFE03FD0100FF
FDF901FFFC02FB04
02F602FC03FEFA02
01F9FEFAFD00FC01
FDFE00FCFF0304FB
02FDFC02FCFF06FE
02FF01FFFDFCFFFB
0202FD04FEFD0202
FFFEFC0300FDFCFE
0503FD0001FD0102
0102FD040201FFFE
FD03FB04020003FA
01010000FF00FEFE
FAFC01FCFEFD0301
0100FFFFFF0200FE
FEFEFE02FF03FDFD
FBFFFBFD010204FF
FBFCFF04030202FC
04FE0100FFFD0202
FFFDFEFF02010001
0005FE0000FD04FA
FD00FB05FCFD0201
FFFFFB0500FDFDFE
05030204FFFC02FF
03030000FE0103FD
FD04FD00FD01FE05
0001FE08FC030303
FE04FC0604FD00FB
FF020101FFFEFF01
00000002FFFEFF04
FC03FD0403FDFD03
FF03FF04FE00FFFD
03030204FF020401
FD01FB03FEFEFF02
FDFF000001FFFBFD
0403FE06FE020303
0004FEFE030301FA
02FE03F9FF00FB04
FDFD01FAFC01F804
FF050204FDFD0500
FD020104FCFC02FB
FF01FF01FB020403
FC02FD000104FE04
FF0203FBFE0103FE
FD01FE00FDFC02FF
FBFC03FC01FB04FC
00FFFFFEFCFF01FD
FD040003FD010001
0503FC02FFFE0101
FDFD01000103FF01
FDFCFE020102FFFF
FFFDFCFBFFFEFD02
01020201FEFE01FC
FC02FF01FF01FE02
FE030002FFFCFE04
0200FE0403020201
0203FF00FEFDFC05
0403FF02FDFC01FE
FB06FCFEFF0202FD
FC04020003FFFD04
0002FE00FF010401
FB02FC0200FC0501
02040100FFFD0002
FCFEFF01FBFCFE01
04FF04FFFC020304
FDFE02FCFDFDFBFC
0400FDFCFE02FEFD
FD000202FEFDFC00
0302FD03FF020300
00FF0300FEFC04FD
FB01FE06FB0102FE
FFFF0002FEFF0600
0206FF04FDFF0603
FB040104FD020005
0205FC0502FDFDFD
020502FE01FC0402
FD06FE0402FD04FE
FD00030400FD0205
FE0003FFFDFFFF00
01FE0203FEFD06FC
FE010107FDFF01FC
FE03FD02FC0100F9
0400FB05020100FE
02030105FC010303
FE03FE06030000FD
000200FD020105FB
01060202FD0404FD
FCFFFF04FF0100FC
0200FD0503FD02FD
FD04FD05FEFF0501
FE04FB04020205F9
FC0002FFFFFEFFFD
FB010006FC0104FB
FB06FE02FD0302FF
0102FCFEFE0003FB
FC02FD03FCFD02FE
0501020103FD00FB
FEFEFD010003FFFB
FD02FEFEFCFC0301
FC06FC02000200FA
0103FE00FDFFFE01
F90100FEFEFFFFFC
FD00FB00FDFC02FC
0103FE03FF000101
000100FF02FF02FE
00FE0000030200FA
000501FDFFFEFEFA
02040202020102FE
FE01FFFE00FC01FD
00FEFD0001FC01FE
FF00010201FD0000
FE02FDFB01FE05FD
FCFE03FD03FEFDFD
0000FC01FCFF05FB
00FA010202FDFD02
FC0002FF0302FBFF
FE020405FF0006FF
FB01030102FE01FF
FBFC02FF02FFFD05
FC00020701020101
FC07FF05FE00FFFD
FF030304FEFF0101
0006FF000103FE03
020A030200FF04FF
FD020003FE020101
01030006FF0304F9
000301FEFEFF07FF
0202FE05000002FD
FF02FD0400FEFE00
FFFD0202FE000301
FEFDFE04010206FE
0004FD03FD02FFFE
02FC0100FD0305FC
03F7FEFA02FFFF06
FB0102FA01FC0203
0003FEFDFEFE0203
FBF5FCFC01FFFD03
FEFEFFFE01FF0006
03FC03FEFEFEFEFF
FDFA03FEFF00FDFE
FCFBFCFE01020001
02FEFFFEFEFE01FE
FD01FFFCFBFEFD01
03FCFEFF0100FA02
FBF803FB0203F902
FBFD02F9FEFCFE04
03FA02FB0001FFFF
02FC03FE03FCFF04
0003FF02FEFFFE03
FDFB02FF0202FD07
03FD0201FDFDFD02
FFFF030402020004
03040001FCFF0501
01FFFEFDFB020004
FE02FEFD02FD0008
0203000300FFFF03
FD01FD0001FD03FF
050000FDFF020401
01FDFD0502030200
FF04FC02FEFC05FF
FFFEFEFFFDFD0103
0103FE0402FB0202
FD03000502FD00FB
FD010201FCFE0004
010200FF0002FCFD
FEFE01FF02FB0005
FEFFFCFCFC01FFFE
FD0100FFFDFD03FC
01F902FFFF02FB06
FD00FFFA0400FC03
0402FF01FDFEFDFF
03010001FCFCFF04
FE030001FCFD0103
FEFBFE0103FEFF00
05FFFEFDFDFE03FE
FFFF01FE02FD0003
02FFFD0200FEF904
FEFAFEFFFDFDFE00
02FA03FE0100FA01
FB00FC02FDFB0301
00FF01FC00FCFAFC
FFFE00FEFD01FFFF
01FDFE010303FC03
FE04FE0402030100
00FB01FE0100FCFC
02FF03FB0102FAFF
02FC00FDFFFF02FF
01FDFDFD020203FF
FFFAFCFDFCFFFFFD
FFF9FF01FE00FB00
02F8FCFAFCFE03FC
00FD010000FB03FD
FDF503FB00FEFBFB
03F602FFFF03F7FF
00FCFCF9FBFCFAFE
FA000205FFFC0300
0105FEFFFDFF0300
FD02FE020203FCFD
FDF8FCFB00FDF900
03F90200FFFEFBFE
0302FD01FD000203
FD0201FAFDFD00FF
010100FC00FEFC01
01FE01FEFE02FF01
010600FFFFFEFFFF
00FF01FFFE03FD06
FF01FEFCFD0201FB
0004FDFD02FDFB06
FFFFFD02FE000304
05FCFEFCFA02FCFE
FC0000FFFC03FE01
FEFF02F80004FF02
02FFFC02FFFE00FB
FDFB0101FB000104
03FAFEF902FDFA07
FF00FD0100FEFD04
02FFFBFF01020000
FCFF01FFFE0200FE
00F9FFFB03FDFC01
0101FCFD00FF04FE
FF00FD0001FE0302
FEFAFFFB0002FD02
030100FBFD03FD03
FDFD02030201FB04
FE02FC0503FD01FD
FDFDFCFC02FBFA06
FD00FFFBFCFBFDFD
01FF00FFFCFEFE01
FD0101FFFE0201FC
0001000001FCFD03
FDFD03FF0203FE08
0603FD0203FFFFFE
0400FD04000203FE
01FC01FDFDFFFE02
FE0103FE00FCFE04
0001FEFDFDFD0201
0205FE03FD01FF03
010202FC01FF0305
0401FDFF01FB0300
FE00FE0000FC0104
FE02FF0301FEFD01
020100FF01FFFD01
FE04FC02FBFE0001
FFFEFFFF03FEFC04
04FFFF0103FDFBFE
020202FDFE020106
FF04030101FC01FB
0002FDFE02010302
FFFBFEFF0300FBFF
FDFE01FD000102FD
0201FDFBFCFC0201
FEFFFCFC00FD02FE
FD01FF03FE03FBFF
FFFDFE04FDFFFDFE
FFFE03000300FE00
00FD02FBFDFD02FC
03FD01FCFBFEF605
02FBFDFEFF03FE04
FFFE01FAFCFEFFFE
02FFFEFAFEFEFDFE
04FA01FF01020500
FBFDFEF9FEFDFB07
FCFD00F9FF00FC00
00FA02FDFEFCFE02
01FE02FA03010104
FEFEFFFDFE00FA02
00FF00FDFC030101
01FBFCFA02020005
00FCFE0002FE0001
0002FCFF00FE0000
FE00FFFEFE03FE01
0200FC02FFFCFC04
FFFEFC00FDFD01FF
00FEFCFFFDFFFD06
000402FD03FD0303
FFFAFD00FFFDF903
0305FE02FE0301FF
0201FDFF0202FC06
FBFDFC01FEFE00FE
FC02FE04FC0008FF
0105FE07FC0002FD
FB00FE04FEFF01FE
02FFFD00FE00FE04
FC010204FEFFFF01
0204FCFEFF03FC00
00000302FF020104
FF02FCFEFCFFFC05
FEFD020503FCFF01
000000070102FFFF
FE06FD01020005FB
FF020104FCFC0502
01050204FEFD00FE
0101FE02010202FD
FFFDFD0101FC0100
FFFAFC02FF03FEFF
FF02010003FF04FD
FDFEFE0201FC03FF
FDFCFDFF0003F805
FA0100FC0002FC08
000101030102FC05
FA03000201FF0202
FCFB03000202FE06
010302FC01000001
FD01FF0400FDFF06
010200FD00000700
0200FF0001FCFD05
04030303FCFFFC04
FEFEFB0504FC0305
0104030100FFFE02
FB05010504FE03FD
FF060006FFFFFD03
FF02FF0203020700
0203030500020104
FE060302040100FD
010303040304FFFF
060203040303FF03
FC05FE00FCFEFF04
010203030103FE01
FD03FC04FFFF0300
FE060202FC000604
FD02FF07FC04FF00
FEFFFD01FFFB0201
FC04FC06FF0102FD
00FF0303FDFF02FE
FC04FE02FEFD02FF
FF03020000FEFE00
FF03FC0202FC01FE
FD000105FD0105FC
FF03020002FD01FD
FF02000402010400
03FF010601FE04FF
FF03FCFF03020100
0004FB05FFFDFE04
04040004FFFC01FD
0203FE0203030204
0001FC0504FF03FA
03030201FDFF0405
FF03FB05FBFE00FF
FC00010101FDFFFC
0003FC0600FE0200
FB01FF05FDFE03FF
FDFEFD00030100FE
FC03FFFE03FEFF06
FF01FE06010102FF
FF04FE06FEFF04FB
00FF0105FC020200
0203FDFF04020404
01050205FCFE00FE
FC00FFFEFC010602
FE04FC01FE00FFFE
01FEFD03FE0008FB
0001FD01FEFF00FE
FF01FD03FE010302
FD00FF00010305FC
0002010303FF02FF
05000206FDFE0500
FE0601FFFD00FE02
00FE000203FC0203
FA050204FEFC01FE
0201FC02FFFC0100
FE04FFFF00FCFD01
040201FC0403FB09
FFFD0102FFFDFD05
FF04FF0500FDFD04
05000304FFFCFD04
0103FDFFFEFC0004
04FAFCFFFE030105
02FFFE0303FE07FD
FE04FFFF03FF0300
FC01FEFE00010103
000201FC00FEFC03
FEFF0104FD00FE01
03FC04FB0201FD03
03F9FFFF01FEFB07
05FBFCFE0001FE06
01FEFF0101FDFF05
FC02FE00010001FE
FEFAFC0002FFFEFE
FD00FD01FFFDFFFE
FD010103FF0500FE
FF00FC0201FBFF04
03FF0200FF0000FE
FDFFFC03FCFDFDFF
FD05FD04FC0205FF
00FD0102FFFCFEFE
030003FFFFFCFE01
FD0201FE0303FFFE
FC040005040004FE
000502FEFF0101FC
03FD01FE00FCFF05
FEFEFF0001FEFFFE
FE020103FB02FFFF
FE0001FFFA000201
FBFBFD00FD0004FD
0305FD00010004FF
FEFBFEFAFF03FCFD
0300FDFEFC0000FE
FF01FDFCFDFE0202
00020000FD0000FF
02FEFF02FF00FE06
00FD01FAFEFF00FF
FD010101FFFFFF02
00FEFEFDFFFFFE04
03FBFB0100FD0003
0200FCFF04FE00FF
FBFE01020302FDFE
FCFD01FFFC020302
FD040106FEFF03FD
0102FD01FBFD0203
0006FEFFFDFC0002
FF0101030103FDFE
0205FF00FC0000FB
FF04FC01FF040303
0301030502FF06FE
03FDFE0200020102
00FFFD0402FD0502
FFFEFEFEFE00FE05
FF0002FF02FFFB00
FCFBFCFEFD01FA02
FDFFFB00FEFF0300
FE02FC01FDFFFCFF
FDFEFFF902FFFE00
00F7FEF5FDFDF805
FFFA03FFFCFBFC04
0103FC0501FF0101
FEFCFDFCFC0301FB
FDFEFEFF03FCFE00
030002FCFEFFFDFF
000001FCFDFFFD01
FCFCFD000203FCFF
FCFE02FF03FC02FE
FDFEFCFF00020005
00FFFF01FD010101
FC00FEF9FFFCFE02
FFFB03F8010203FF
FFFD03FD00FD0103
0104010101FFFD01
000402FFFDFFFF04
FDFEFDFFFBFF01FF
FE050103020101FE
0304FF01FFFD03FF
0005FCFD030305FD
FB0201FF030006FF
0304FB03030004FE
FA010302FFFEFF00
FF03FC01FC0304FC
FF020300FEFD00FC
FD00FDFFFCFD05FA
01FF010200000102
00FDFFFE00FE0103
FCFC03FF00FD0001
FF0001FF0003FC00
FF00FFFFFEFE03FE
FE01FDFB01FE04FD
02040101FE0004FD
FCFE02FF02FC0200
FD03FC0100FE0001
010302FE010102FD
FC02FDFFFDFC03FE
FD00FCFE01FC01FE
FBFDFB030000FEFC
FBFD03FE01020100
FD00FC03FDFB0100
0000FE0103000102
01FEFF04FDFEFDF9
FCFD000404020400
FFFAFC0200010100
000302FDFD050003
0200FF020402FF00
01FC03FBFF01FD06
010100FFFDFDFE02
0200FFFB00FC03FD
FBFB03FC01030006
0100FFFAFFFEFE03
010203FD030201FF
FD030200020304FC
01FAFE0103FFFA04
FFFDFCFDFFFFFD03
05FEFCFF00FEFB04
FEFFFD03020004FD
01FAFDFEFFFFF803
FFFC02FBFC03F803
00FA00FCFC02FB05
FC00FF02FE030201
FE06FE0601FEFDFD
FD000000FFFEFC06
FB0100FDFD0303FD
0005FF05FC0101FD
0503FF0601010204
FF05030200FF01FF
FB04FF0203FD0200
0001FF0403020502
FF04FDFEFE0202FB
FD0501FDFEFEFFFB
FF06000200FE0001
010503FCFEFD03FD
FD01000403030101
FC020100FC0106FA
FC000207020203F8
FE01FF0000FD02FC
0301FD00FF0102FC
00FFFDFEFFFE0104
02FBFDFAFD03FAFF
01040000FBFC06FB
0106FF02FFFCFF02
FEFFFEF701FFFA07
FDFEFFFA01030004
FFFEFF030002FEFB
05030202FC0004FD
03000100FDFE0004
FAFFFFF903FFFC00
020303FEFD030505
00FEFC01FE0203FD
FE030002FCFC0405
FE00FEFDFF00FD00
FEFE00FF01FDFD04
0201FF03FF0300FE
FDFEFB000201FE03
FD0000FD01010000
0201FD0002FD04FB
020201FFFDFCFFFF
04000102FE020102
FF020303FDFF04FB
0104FD010102FFFD
FDFEFD01000303FD
0201FB05FF01FF02
FDFF0007FF0303FC
FC010205FCFE02FC
FB01FB00FDFCFF03
FE01FF0201FCFF03
FBFFFD03010006FC
FD030104FDFF0405
0104FE03FC0101FE
FCFB03FDFFFC0001
FFFDFFFAFE01FA07
FDF903FF02000304
01030300FE000304
FF02FDFDFCFDFC02
FDFDFDFE0201FF01
FEFBFFFBFFFE0207
0305FC0401000302
0201FDFCFFFF00FF
FFFEFFFDFCFDFC01
FE0102FEFFFCFE04
FEFF0102FC030201
0403FDFEFD01FF02
FF06FF02FEFF0200
FCFEFCFE01FCFC06
FFFEFE0502FF0201
00020102FDFD03FF
FF01FD01FF010200
FFFFFCFF030200FD
FC0201FF01030605
FDFFFF01FD03FC0A
010103FE02FCFB0C
FD00FBFDFDFC0002
0100FF0204FD06FE
02FD0100FEFC0203
FCFCFDFC01000107
FF00FE0503000504
01FFFD0200000204
01FEFF0301000000
04010301FEFF00FD
0204FF040103FE04
FD03FB010302FE03
FA030002FE02FB01
0001FBFC03FEFCFD
FD02000003000001
03FF0006FE00FD00
FC01FCFDFD02FC02
FFFF00FB02FDFFFD
02FFFE05FD010502
02FFFB01FFFFF905
FE00FE01FEFD00FF
01FEFC0103040600
01FCFFFEFDFC0200
FDFBFB000304FD02
FDFC02FCFBFFFAFE
FFFC02FA01010002
FDFCFEFD02FEFCFB
01FEFDFFFE000000
FEFA00FFFCFEFB04
FF0203FFFBFFFF02
00FFFC0100FFFF02
0103FDFFFDFB0503
FEFBFCFD01FD0002
FF0000FF00020001
FE020200FDFF00FF
FE05FF06FBFD0404
04040001FF020102
00FDFF0000000406
FE00FEFCFFFF0002
FA02FEFDFE020203
02FC0303FCFD0203
FDFBFCFA02FD0104
02FE0101030002FC
FE02FDFC04FEFEFF
FC04030303FE01FD
FEFFFCFE02010102
FE060003FE000201
01FC0100FDFCFBFF
FBFD02FFFE03FBFD
FCFDFCFDFE0004FF
FF030001FC0002FE
FFFBFEFEFDFFFBFF
FCFE0002FEFC00FE
04FF0006FD030300
02FDFF00FC020103
00FCFEFEFEFDFEFC
00F601FD0102FAFF
FFFA01FD0302FFFF
FCFF01020001FCFF
00050105FE0002FE
FC00FB0102030203
FEFE00FBFDFFFF04
FE03030400FC0304
FE03FCFE0201FE03
FD01020500FF0100
FF04FD01FFFE01FE
0203FC0403FC03FF
0101FC01FEFF0302
FF05FDFF000203F8
03FF030502FE0201
FB0201FEFE03FFFF
000300FDFDFFFB04
FFFFFC0002FC02FD
FA010307FEFD01FB
FB00FCFD00FD00FC
03FE02FDFBFF0102
0000FFFC00FBFE01
FF04FC00FD020000
FB02FEFFFDFC0400
010100FD0203FD01
01FA01FE01FEFFFB
FF0602FF020002FF
0004FC0301FFFE05
FEFBFF00FDFFFBFD
FCFF0303FB01FF03
02FDFE0300FF0303
02FFFDFDFEFDFE00
02F202FBFFFFFCFF
05F603FC01FCF9FF
03F8FEF801FCFF03
FFFD02FCFEFDFC00
FDFFFC0500FE01FF
FDFF0004030203FF
020003FFFCFF01FD
0102FE0303FE02FE
FF07FE00FEFD0302
FF03FF0100FE01FE
FFFEFD01FF0403FE
FDFF01FF00020101
0101FD0201FE0101
FEFCFD0403FDFF03
FDFB00FB0103FE01
02FDFC0201FEFEFC
FF03020301FE04FB
FDFF000502FFFE01
FDFDFBFC0100FC03
FDFE00FF00FD04FD
01FEFE050400FF01
01FD01FC0303FC02
01FE01FBFE01FE06
0000FF02000300FF
FD03020000FE0403
FEFFFDFF03FC08FE
FD0200FDFEFF0304
FD03020202FE0203
0205FF02FEFC02FF
FD01000200FE0102
FFFF000203020401
FD020004FEFDFD00
FF010304FF010102
FF04040000000103
0001FB0300FD01FB
0101FE0402FB0500
FD040100FDFCFEFB
0101FDFD00020004
00FCFDFBFF03FD0C
FFFE03FCFFFCFC00
FF0002FDFF00FD03
0501FEFEFE0006FD
00FFFF01FF000000
FE04FD0202FE06FC
00FFFB0500FC05FE
00050004FEFE0202
FC04FCFD02020300
04FFFF0302010300
FF0401FFFCFEFF01
03FE00FEFCFFFC03
FCFFFD00FBFEFEFF
FD000002FD00FF02
FE03010103020000
00030304FFFC03FF
FC02FE0403030400
0001FE0101FDFF00
0406030600FD0302
FE06FE0302020200
0209FD02FF03FF02
FF04FC0501030200
FFFF020502FF04FD
01060005FFFB00FA
FD040006FEFC07FB
FD01FCFF01FE0202
FF070001FDFF0402
FD01020501FC02FE
FE0501FFFF020002
0004FE0500FE0201
FA05030502010301
0200FC000201FEFE
03010302FE020200
FE04FEFEFFFE08FC
0005FD01020100FC
00FB01FAFD02F80D
03FFFBFFFEFFFF07
FB0300FE01FFFEFE
FE050007FFFC04FB
FFFF00FD00FF0104
FFFD030002FDF90A
0400FFFE0103FC01
0100000102FF0102
FD050302FCFD05FD
FE02FE0002FCFEFE
FC0003FF00FF0402
0001FE0000FD0602
00FAFDFF0202F801
01FDFCFE00FFFE02
0200FCFEFFFEFF02
0103FF0103FE0001
01FE03FCFEFCFF02
00FFFF0002010002
FDFD04FEFB010301
FC06010102020001
FCFDFEFA0201FD07
0001000003FF0005
01010305FCFC0200
0103FC040002FF01
0300FF01FFFFFC05
FC02FE00FC01FD03
FD020002FDFC0002
FD03FC05FCFE0202
FE01FE01FEFC01FA
FB000103FCFE0100
0005FB0004030003
FF00FEFE020100FE
FEFB04FBFEFDFAFF
0003FDFB01010200
FCFEFDFD02FEFE07
FFF9FDF901FFFD03
01F80200FF02FB04
FEFB01F902000005
04FEFEFDFE020001
FCFB03F803FFF601
01F902FE0101F605
03FD01FEFDFDFF00
010200FC02FCFF03
FCFF020000FCFEFD
00FEFDFD00FC0003
FCFC03F702FCFD07
02FCFCFCFE0300FF
0201FF01FF01FFFD
04FA02FE03FDFF00
00FC0000FE0102FF
02FAFCFC01FEF903
03FDFE05000202FE
FEFDFFFFFE020202
FEFCFBFC01010005
FE00FB03FC01FD03
FE03FCFE03FE04FC
01FEFDFEFCFC02FF
FDFDFCFDFBFEFC04
FFFDFDFDFF00F904
0005FE0403FC05FB
01FC00FEFDFFFD00
00FEFCFF0200F804
050301FDFC0100FE
04FD0302000104FD
0200FFFE02FC0001
FDFF00FCFC01FC05
05FE0001FFFCFF04
FB000103FDFF0000
0002FEFAFDFD0303
0102FC0303FB05FF
0002020701FE0600
01FEFFFF03010200
0300FCFF00FD0300
FA00FFFF01030002
0102FE030001FE03
FE02FFFE03FC01FF
0601FBFFFCFDFD01
FDFE0303FF020202
FC01FCFF01FC0303
01FE01FDFD02FB07
FF05FD0402FF04FE
FB01FF01FEFD03FE
0000FFFEFC000103
02FF03FF02FE0200
FC02FF0402FF03FC
0000FEFFFEFF05FC
00010003FDFEFCFE
04F8FEFD0103F805
00F802FCFBFFFCFE
FEFE02FDFBFFFC02
01FB010101FBFBFE
FE03FF0404FD0103
0200010203FDFEFE
FCFFFD0102FE0201
03000105FE0102FF
01FAFFF90102FB05
FDFF020103FDFC02
FD0001F902FEFDFE
0200FBFC00FFFB02
00F800FCFFFCFC03
00F80200FCFCFC00
FCFD00FC0305FEFF
FEF6FDF9FCFBFEFE
00FF02FFFFFEFE00
FFFDFFFF0303FCFB
02FA02FE03FE0006
01FEFC02FD010104
FF040300FD030301
0000020002FD00FF
010001FFFE0302FF
FF01000504FE04FE
0201040101FE00FD
FD01FC05040207FB
FD02000201FD04FF
FE05010102010302
FD020205FF0101FE
FF04010201FC05FA
01040001010204FE
FC0101FEFC030401
04FC0005010304FB
0002000601FC06FA
FD00FB07FC000501
00040102FF03FEFA
03FFFCFE00FB00FD
FAF7FEFCFF020104
FFF7FEFA00FCF801
FFFCFDFE010001FB
0000FFFE03000204
00FA00F7FEFC0000
F9FA00FBFFFBFEFE
02FE02FB0002FA04
0202FBFDFE030201
FEFAFFFA00020204
01FC02FC00FF0104
FDFEFE00FFFD00FE
FEFF030200020000
FDFAFFFFFF0003FC
010201FA010001FE
02FCFFFAFC03FF00
0102FC01FE02FFFD
000102040001FF01
FB0102FC02FC0100
FA03FD0400FE0501
FF050100FFFF0300
0000FEFC0001FF06
FEFF03FFFDFFFA04
FD0201FE0200FF05
03050306020405FC
00FF0200FEFF05FD
FEFF010202010602
FEFFFF03FEFC04FB
FDFEFC03FCFCFFFC
F901FEFE02FD0002
FF02FC03FCFCFDFC
FC01FE0302FF03FF
0000004EFFFFFFF6
0000000300000005
FFFFFFE80000001E
FFFFFFEA00000027
000000000000000D
00000000000000F7
0000000000000002
0000000000000005
00000000000000FA
00000000000000F2
0000000000000009
00000000000000F9
0000000000000004
0000000000000000
00000000000000F5
0000000000000000
00000000000000F1
0000000000000009
0000000000000009
00000000000000F9
0000000000000019
0000000000000008
0000000000000000
00000000000000FF
00000000000000F5
00000000000000FF
00000000000000F5
000000000000000F
00000000000000EB
00000000000000F8
0000000000000005
000000000000001B
00000000000000F6
0000000000000006
00000000000000EF
0000000000000003
0000000000000003
000000000000000B
00000000000000F3
00000000000000F0
000000000000000E
00000000000000F5
0000000000000008
00000000000000FA
00000000000000F9
00000000000000F8
00000000000000F4
00000000000000FC
00000000000000F5
0000000000000010
000000000000001D
00000000000000F8
0000000000000006
00000000000000F4
0000000000000012
00000000000000FA
00000000000000FA
00000000000000F3
000000000000000B
00000000000000FC
0000000000000003
00000000000000FB
00000000000000FD
00000000000000F9
00000000000000F1
000000000000000C
00000000000000F2
0000000000000003
00000000FFFFFFF2
