A50A50D64CD46ACB
D078FCD7B03F0508
B1F70253FBD0F61C
D8B7372320DFBDAF
2CB49395320E1114
0D68E473A3AA6662
EC034FE465DF9AC3
BFC4B19AAE429601
61E8FA3DE7E9E726
0000008C00000000
00000044000000AB
0000001F00000045
000000BDFFFFFFFF
52A4CA706CA498EF
D5CD1F5341C09A9A
FC7F70C39B0CB62D
24BEBCF0545940CF
3A3DE898B6B217CA
6EBF9242E903CC66
44F964A19F3E150B
C32FFE42302FE05A
C8EF00A7F83524E5
000000B600000002
FFFFFFF5FFFFFFAC
000000450000005C
FFFFFF270000007F
DDF8C2B6F8D6FE20
1C360AF1BCED2735
E02216B9F806EAC9
FBF2D602F2AD1F07
E7E2DDFEDCD1221E
0F310CF3E9D00FFC
E6ECD6FD0DDF1E0E
E4FE0405BE02D306
E901EAEC1945DF26
F21E00EA05E7F3ED
1B0BFC2315E3E920
0AEF1BDDF9140C0C
15CBED3FF02DD6D3
07F4F1FF1FFFC503
18DB28E2240A0BE3
150B0F25E4F9FCEB
2A100E02DDEBA122
141CF6BC3538D9DA
00E1010629F123E3
0C1DE7FB01EAFEF9
2DF0F901E819FAEB
FADC23220C033E15
12EE060F12DA1EDF
18D307161BEFF4D9
3CFAD02223122905
FFD80DF4ED31F9D8
3DC2EC232F2306D2
F61EEAC9F9FCFDEB
F31AD0F111E005E8
1FF409E4F8F8FBF6
F3F6E005F5D841EF
040D1215DDFC450C
371D0CF9C61829FE
FBF5F913FDD0F649
C81CF60AEF2F13E3
1AF90C01CCEC55D5
D0F6DCCB1BCED026
3BEFD1EF17E92BE3
1AE7EF1223BFD00E
DED3E745D7E91133
1EE0CF16D9D4EBFE
D621ED420EBD27E9
D703FF2F00E844F4
2C10FD0116ECE14D
F612031529E44D12
D719BB091EE8EFF1
B635E82546DAF6E0
320DBCD800C60012
0020CF3614F4F2F2
A4CAC8FBD4E41003
2B04F7E80DF4F7EA
F7DDB20A22EE03FB
FFDDAD1FDC15EAF7
4FD6BCD3573117EC
E63315D12F15EB00
22180E0EE6132926
EA0F04EF0BF0EBF7
D900DBFED80CF9EB
ED182E0939FE0526
D1244BECF9E206EC
24181929300A22F2
1216151F0AF5DA06
D207322208CC1BD3
FFE3F3CBFF2CF7FE
FEEF0FEDDDFAFFFC
E6D8DFCBDFEDE409
03FA0909F6E84001
05050DF100D5491C
F0F8FDF1FBF921CB
020F1AFAFEE5001C
FAD42EE9E0EB3934
1DBA1BC9F6250AF7
BDFAC4FCF7F1EDF0
F1F2F9CAD1082218
F2E303C9E8231FD9
15EACCE0FEDEEDFE
EF06D0B7F53D3CF2
0819B5C4060EEFD1
10F6002DC8DF1615
26E0DEF4F610EADA
16E9FAFCE85DE400
16DDEECDDF37E028
DFE213E6E004EFD9
F1DE22EF17FBE030
03F80AFBD8E2310E
FC192AF50FD712F9
0322FB150D12361D
11AF0022EF152D0E
F3B10705FC2419CC
FAEDFAFEFA30FECD
C8FCF507E7EAE0D2
C9EF18D0E0EEF725
00EE16F02234DF29
DF33A3CE0207CCC1
F3ECCAA909E8CDAF
0FD09FC30BE9C435
2B0C15D9FAD9C4FF
2E1E16BEE607C4F6
2808F9C9F911C8FC
D11FD7143FCFFAF4
F411E50952E10930
D504DAED33F30B1C
09F6BC2909E60CC1
C3DC14DBCEF61015
0BFFCD1FD42CEAFE
E914CE13F0E81DFC
03D9C0F9D918EB17
F21C1B204711E615
030A1637ED1706AC
1FF308F93CEA160B
21D31C02F6FDDCE8
F6E1F645F029FFB3
C8FB06C5163CCEC6
0DD0F8DEF939F9D3
E42FE90BDFFFB00A
010FEE1EEEF8B9F0
100EFC0B001DEBDF
0417F9D8FFF0FDF7
15E7190EFA0423E5
DDE6E8F2290F1F0B
171BF406F5FDF231
13022A143ADD0D08
04E3280D03141111
2583EBDF2F2D0308
1598250D0FF402E8
1B81F5FA250B1CA4
EFEDEEBCFF28F82A
FC20141BD2DE0510
DA140FE618EC15E1
1016FDF1DEBD0E19
FDE40B0FE0F545EC
FAEC2010F10325CE
14F5190622D334FE
25E2CF3D11EA07CA
E2C4DDE4051B19CF
02F7D0E31ED62F2A
06D90DFA01D6060F
CEC802E108DFD405
F2D704DE050519DF
07C0C21EE4DEF2E1
1FEBDDFD1604F310
FA24EAE8E4F54DF4
24F0F8F117FDE8F2
02F3BDEE000AFD02
FFFFFFBD00000048
FFFFFFF500000050
000000790000005C
FFFFFFF80000009A
DD1623E926D905F2
F2E604ED2FECBD31
C5F91E1523CF1212
0FC7FCE50D022304
E11118D504DE161B
2E180AE0EAF7D7FC
020C19D004E6CC27
C52308F7C2201408
363413D2E60EDA01
D9E3DCF91DEBFBCB
C3FD27E7293F15D2
D918EA3FEF16EEE9
F0F717E633FE2BED
17F2FED826EE03F1
00261CD8F20915E4
EA2532BB153705F4
FAF227E5FD0A1F07
1F0BF7DDDF100DDC
DBE705EADD00C60C
1B00F0291408EED6
DF19EC0FC6C7EAE8
261BD82DFE12C919
E21D14FD13D41D14
EB14F21F0715F8FB
E10523FBFDF0270D
140DF0F71F20EE0D
DBE60A04C63405EC
1600CB10FD09FF1D
EC11E8FFFAEF0716
2CE0130BCAE81BDF
3C1B11FF1F27AB18
13EE06FBF31CCD00
F4D10512F52DECFE
48DB05F10B0F0DFD
E7DCDD01E833FAF1
1FFEFD02D34AC0F6
E10BE2E6D103EEF2
F412C009D9CED225
02F8E01305FD0D29
2FD0C807F2F3E418
1AF10BD318F80529
5201F7BBF8E9C221
3A3614BEFD0321FE
F207E5BDDAC6012E
4301E4E201DBF4EF
13C2C1F4F4DAD14A
E8D113EEC306F52F
EC051AF4C493E224
23B32104E2E8D21E
CFCF0C26E7CBDD2D
13D8C2EFB5E8DB15
14DF1EBEE7E4E30F
E5DEC2C213D4D51C
0CF3CDDEC1E90637
CDF8EE05E2110F1B
CA03CB040D36CACC
CA12F7470B000BF5
F9DCD61014D85AF3
B51DBF472BECE3F3
1C20F3FB401C2AFF
E5DA091CE4F3441C
E4F5CF19D9123DF0
D239E5F424EFE4F4
EAFCDE282F15FC0A
E0421416121E010D
E8062EFAE9F0EB1D
17E7FB0119F8F5F7
F411F029F82AD5E4
28370A0C01061D09
DFECFA0D0C1932E7
F02932CF08093B16
1E17ED15FE1FFD26
BFD62204F7F21933
D5E5EFE7271E0B3E
0B03E1D312DA16F7
F8D31CE70A02B8EC
E31C0F00F5EFDD17
272CC8E5E7C9F211
E62C020027F0EFFB
CB3403E7DCD9091D
0FE2EAF4D014EA1F
ED00071CFE1011D8
E6FFFB382D3215E4
1B20F9FBF9EAF20B
E605FB2326EBEFD9
E3101F1CF148E5E2
1FE4F22FFB1FF21D
1321FFD62B2F0F32
E7072EF8101BDB28
DAE5EBCFFA26E40B
CDE10DE0104A0E18
DACE0AEFD23C1E12
23261A16E632F220
080DD31101D5DCCE
D1D6E4FF120A38E4
00F200EE05061923
DE10C13FFAEEF728
050B160825C2343A
E329130726180B4C
D6B6EE182404FA2D
F2F4570FE9D410D4
C6FB34F7E9DA09EC
E4C926E4F1E1F303
D5EE31DED216250B
DD03D00FC8F5F218
F0E804D00ADAAE1F
D5D9DEC2EC04F1E1
F61201F3F316DC0F
DFCEDF000A14F707
C9D51E0E2F0EF90E
F80B12F1B9121614
F7F611F22A0F02CE
00D02BE8F61A21E2
D90BD8E5041B221C
FF060EFD191C14C5
270417C61B0EF9ED
F4F7F2CDBC00CCFA
BDFC1D09F80AEC0C
E52AF51125FFE1F5
D5F8F04523110FF5
E6E4F40617F3361B
D71001F2E32BFEDF
082AF5EED82E0808
121CF6F7EC1D552E
E5010A13F8E71354
D905E816FF03163F
FE11E30FF509E822
EE06000B311EF104
D1E8FD140FE11CF7
FDE3D308F1D7F2DE
F224E32AD403FEFC
21F9DE2ADF2016F0
0FE91FC7E619E116
07173CCDE4D521F7
040BF0E70518FFF0
0316FBEFCBF016F5
23ECD3C5ED04E129
E415D6D40CD8C937
E0DE0315FE01F71B
D62AFBF9F7E00428
05F6E8F612C1CC16
01F5C2FB24E307E7
F0ED11F8E80E1C20
15210FE1D407E50E
0000002CFFFFFF7F
00000032FFFFFFD3
0000004E0000005F
0000009F00000001
25C4E0FEF10EFD0A
120315EDED36EB28
0DEA0AB617FCE703
E8E90AC84D271F0C
EE02ADFDEFF6E5FC
1B1193F91CBCF7FC
0B0205C211F50BF5
EDE4D0F2F8D9F5EA
D2D7C93F12BC1CD2
0EF2F2CEF4132300
0403011BF00E33E2
1E111BE6CBF6F32A
BFFE2AF9EE0D02F6
0C3801D7F1D7E906
DEFA0C11EE08F2E7
C4322DF404D5EDC6
FD1D05C418FEDFF8
22E901251402F731
021AE4D82AD5080A
2CF7BBCDFBC8FBDD
FFFD240E16093A02
102A060D32DBE718
240FBF1B0FDFE5F6
1C02EE2A1F021111
06322A1EF8DC03E6
DBE7060F2BEE09FF
1816FC1229E6D91D
200BEAC7D9EB21C8
09F9B4FBEAEA01FD
1B0CBFC5EFDE1115
1FF3EB1200FC24F1
1AE0BA0A3DF201FB
0CB2F70EE5DD0CEF
FEBEEFF90A062436
C0D6DF3228293826
B6C0C41ADC1E19B9
F3DAFBE4162220E5
E135CEF5C01FF5D4
F9D1D5E133F7EBF3
EDDBCDF628E111C2
CB40B947EF07FAEE
F304DB2E51D912EF
B100FA032ED0C0F4
D426FBFDF8DDD8E7
F3AB0BEC3AF0D9EE
22DBDCC7F914CDCD
E507C80234E1B708
12D1D8AC1FD9CA35
D4C6E500FCFFDEEF
0DECE62F1E000308
36C2E1DADD25C704
1AFD0AE5E317003E
2D13DD2047E9FF2A
F601D6EBEF12DEB5
09D6F10BE2FB00ED
08E3F54BC116E701
12D22A0B0DECF9FF
11FF01FC17EBFFE9
D41B1320152FDCEC
C6F1E2E52206EED4
050B030008D50FD4
07EFE0E3E4F630D4
DF16F02D1AC80729
F9F1F00EFA0536CC
EFE4DBD9E0ED3BCC
FB1FFCE0FB08451F
21BB11E8F5E025CB
1EDFF9DAF1D8211E
17E100DF2AC12B1C
DDE92EDCE2FD04F1
F2FE080FDC022614
E4231F2BF33D0FF1
2DD500D6D44905EB
3819E6B9D02DEA26
09EBEBCAF8FCFEE0
EEDCC1F6030C05E9
57F8BF01F7D1F1F5
0A06D3EF16F6CABA
38A61CE60906CE2F
490B07F604E30EE5
1EB9EF34D0CFCAB9
FDE3DA01DBCF1B13
00FE0C02FAE0271C
2313EAD9E4284FF9
17DCF11CF9002BEA
0FED14D126FB2809
F8D7F51C0D032522
BC082A33000E1F43
0327F614E9333313
1EF31135051513F6
DB1111FBECDA34FA
F515D2BFDFF2092D
F01CEE09D1111014
DC06F3FEDA08F107
D525CCCBE907F5F5
FE0ED3CDFCB00CE6
E50516FDE1C12410
1616DF08CDCD03C9
E7FE1AD70AD9D400
FA96FDF5EB17F2D6
BCBC07B91CFC000C
EEA7F8F0D01BF741
CEF7E803D72E08C7
0DFED311231CE313
1DFDD81609F3DA2C
F8F60FD9FB02E5FC
F9F0D41FDD0C02FF
0AD2B2CEE6FFDDED
EAEE1AF8D8E30F02
2018E6CCDBDBF433
D41A07140C05F1FE
FD0D22DED50AD0FA
F61008C2E5E0C409
022D12D6F729D2FF
B91D0F14EBCBDEC5
271E12F810F7E3E5
1C1BF806EEE6FB05
DB10DC0BC81E25FB
14F8E3F7F3F806F1
EC14E4EEF1D607F6
DBE9E2FFDA591B19
10E3E31814141EE5
B726E61CE6EFDF07
CE072C1DE21CFDE0
00D33BF6E1112CDC
FCE6291C0807E1FA
E6E7F21CE70240B8
F926EEEDD6F334C9
0CF4E709F1E30019
0CFD1B1232282C0A
0BF2FD17EFD7E8CB
FDEE16DA2AE5DC3C
DDEF1B2732EFD5FE
DBCEE6D5D8D6E31A
FB0D214A170B0320
C512EF0804F44519
F6FF0D27DBDC2128
0636FAEB0E0A2F46
0C2DE20EF7EF010D
F71FBC20CAEEFFF8
DF0AE20AE5DF3A1A
1511D1EBF00539F3
FCF4F72ACDE52BF9
E1F8F40CFBDC00FD
FFFFFFBC00000036
000000480000006F
000000A500000065
0000007400000068
E1FCC1FBE5AD27E6
EA16E0C1A9FC06E8
E02303F5AB2827A9
F1EFB8FFEA2B06FC
19E8C3E4D606DD1E
37F9BE0EEA120921
0BFAE116DB200416
30F0FB43E012FAFC
4230E3F408ED1CF3
ED18150132F014E5
BF0E08ED10ECB8ED
E11222EF0121ED1A
E82715170EF3C302
2023061110FA03EE
ECF902020DF1FDE8
1D0BFA16E11EF114
32212E28E914EAF6
3E082BE6F51900E1
FA3312CE13C70D03
0A23DDD634FFE2F4
08EAE5D528E01BFF
20140AE61FFCEDF2
FB3C0B1E150FE918
012EFBD1E3EFF5E2
DC15E4DD15FDFBD5
02FF1B18D6FFEC27
1901E9F5041703ED
36CE13D408FAE8E2
03DF04FA14E0F0EA
F5F1E2F1D9F40AE1
26EECA19FB06280B
35F0CDE1DDD8E9F9
1026CB02D32A3C1F
18F70A31F7D61CF1
FAF52412E9C7DDD4
1E5CFEE539F821F4
C24DC4FBDBEEC500
CF16B8CFE5FBCCFB
D0FDA9FECF15DAEC
2253D4E1C60E0F33
F2D9C0F0E1132E09
0235ADEFE9F3FDFC
0833D512FCEBFB02
0E0CD31DFDF7211B
100305E5E9D4FC29
1B110BB6F5D4B424
FD02CAB1F1E700B4
B63DEFD9BDF80622
1D12EAEEF4F91047
F9BDF502FAF4D6B6
CF28FBE3E7D11A35
ED001AC318D11C2A
F7FC22EB37CA27BD
2A2E11EAE6D637FB
E20AFD36ECF4DEE0
F2243A07EEE89514
AE400805D2EAFC19
B01E22092DDEC5E3
C015F2002FC0FD43
DB1FBDE81FB2EAF0
CB3CE911D9E2EA0D
D2EFE4CE020126EE
DE3D1AC80EECF1E4
EE20FE29DFEF14DA
021C13FB001914EE
E5F2EB07D7DDE2FD
03ED061BFC3115F4
072BCF07DEE705FA
2619ED31F8E91631
0203131DE734E208
33FD2C2C26EE3013
F10D1C0923FD05FA
DE2BF9CA21E30FFA
CD3219DD1B1946EB
F63003ECEC1AE1DA
E32A16DFE540092B
DBF50C14DE16D316
13E21138031A1416
F61D3B2A3B1EFEC7
EFB02C1A0EEFF4FB
063B2209E1AE1FCF
081E1AEE211620F2
0107120912EBD9DC
11F6160F1EFADDFE
1BF4D9EDE20FFD0D
1AF9EE2231092929
F5E9290BF5F0EF31
FB242516323029F8
F901F61D14D81202
2F231B120DF4E7FE
212D1D2B3DE1E10A
270A33FD21ECF80D
F7261006ECD7C9F4
06F8DAD32E0FD8FE
19E8E12F4504D7DA
FEEFD62B19EEBE29
F3FD0ACC39D3D3CC
37D4190717E0DDD2
2DE1DFF61AC0B7EB
1E04D606F903E601
F6160707042B05C2
AFEF0DCEEF382DEB
39FCE7F4F7E4F4FC
15010F122CF7F907
C0FA1CE5F729CDEE
0C200DFAFBE33208
2400EC14E4E80AC3
12F7D9CF2E161AEC
DE3C06D62A142106
BA42043B2729D4D5
C51B251AE02429F2
06181E0202E40A14
E92F1D2625174FED
FEFA02182101ED0D
0E3702EFEA003AFB
01270F1918CBF6F2
D1F61CE7DBC9F6C9
0DFC172954CDB800
E3020C0A3EC20FEC
F30E092B0CE6D515
F9F91212D7060510
F40EFDFC3CF6F214
2300D41812FBD41E
11DD00280DE8091F
EC02FA0EE8FAE9E7
FDE6FE111EF1D8FB
EDFBD71B19C719E1
EDF7E3EF18D0E320
D4FFE9DA221B25F8
1611D211F2F80123
151AEFE8163C0705
FFEEE1FEF20433EB
05F417EAF119E31C
1EED1235D305F722
F42C26F2F8080110
F6210EF9F521EAEA
000C0EDA0CE30331
E306F7FBCD04192D
F4F2EEDB02E4D508
0FF2FBECE213E4DD
EAE506DBE01BDB0B
23F3D1DCFE0417F7
1914D0D3E111F105
0C04CDEB15D209FE
0000005E0000004E
FFFFFFC50000006F
0000004F00000010
00000011FFFFFF5C
02F6E5E0E8E80FEB
08EAD2E8F0E4E8E4
0AD4B9EF0DEDFFF9
1127F82AEC0B15EA
E0D4FE1C10ED02FE
0801F41618EFEAE1
D917F71E04050FFB
C50BF33320C414EC
FDE420F827CD2DE8
08FDCB1DF5FEF034
DB36F90DFDFD013F
211C0309FDF4F43B
3422F822061D1DFB
542BE129F5FCE6F2
23F81C2F24F7EDF5
16F9FA10EC242306
2203EC3E06201AF6
03092E11FFE70403
C8E60D032BE31CF2
02FE2224290934DF
3AD51A0C280AEFDF
05F227E8FB0B1F16
FD0022E32F04EC00
B71D0F11F90E2610
CCF31736F6E4230E
EDF10BE6FEE0CC1B
CE0EE916031AF021
F6FDE3000AD0E619
EADAC002EA05060D
F906EDED09E318FB
F702FA0406EA07D4
0FDBF504E509FAEA
F9E3F3D722F422EB
27E301E9C4F30EF1
BDE80EDAFAF6E10B
E8EDF7E60201F50D
311209EA0A311840
2137EDE9F619F527
FA07DBF00BFE3320
D1EFF2FE012B2304
ED090111FB2C1E10
F513EC110DF5FA1A
08E2011C190909D8
0605E8260E0A17DC
07DFE4100B0802EA
E20E0B0D05E40F02
DF2012F917020017
FCEDF220C8F5DA26
09F3DAE70BEEF0FD
08F0FD2E0A0ED6EF
F905DC0BFAF714DD
D2DB1CFE06FFF7F8
DFE7E51A0BF921CE
20D4F1161BD3F7DB
1707EB0ED2C10514
01CDFA070CE1E8EE
F6FCC9DAE1FE1CE1
0B2FFDE61EC4FF24
E9E1F91717E0E80D
E621D21C06D1F41B
102714DBFBE9D124
F817EC1EEDF70714
F50ADE070FF71313
09E11219191A0C0F
FDEAE81CE60206FF
2AEBC9122002F007
0ADB0317130DF9C8
07EF0D1F1FECE7D0
15BF11FB1D0CE2D6
0D03F4E72E0AF1F0
04000B2005EAF602
0FD518C9EE0AF1DD
E1F5E510F3F2F0F0
EBF4F7D4E3ECFDD5
0CCCE4FE1301E5D4
DDE305EEDDE7EEFE
11E302F5E10D01E9
08E50CF225DDDBE6
F5E101F9E4FCF8FA
0803F9D50811EE0C
1FE821D512F10DEF
21E6FD01CCEBF0EA
2603E1FAE300D301
DCFCF4F2F5DCB1CF
F518CD05D1F1F50A
0C06F0FCF9FBC825
10ED1607D4F2F3D1
EF08DD4EE9150DF3
050F0616EEF9EA00
F2012601EFD80D0C
02FC12FFFE011A01
3139FBCE081DE232
222E23FFF002FF3E
08DEF7F7FA03F7F7
230108DD06EDFFF8
1B032C0C29D604F5
F3D7DD0F0BEEFDCC
14EDEFED1BFE23D7
26DB0AE8390E00D6
FD0607051EF7EEED
E611E007CE11EDF6
E80CE3D804D30B09
E620F80A17E60108
CAF9131CFA38F829
F91D060201B9F4F7
F70C0626E907040E
0034CB0EFF1504F5
49F228151FF4FB13
FC1E0A051FFB01FD
F6181A1F1BE4EA38
1936F51DD9DC0154
EA270912F024D31B
1A26F50FDBFBE20A
2C2BCB32F1201A00
011EE416FC10EF09
3302E9F6F213160B
5406CA0D2817F306
F41211DB09F1F7FA
ECF8E9E8FD1432F7
1C2BF0F361005826
D9081707E2D6EBEA
2C14F52CD8022401
361BF30E18250FDB
CDF7030BDA0DFCE2
20FEF015F821F002
1CDDE0040928F509
DD290BED10D7F404
D20BF001E8E2FBF6
BF0B12E206D1F0F2
1D08012B1DD10806
1911350BB7E5FE1D
FE09230DEDEA1D03
D0F513E0E3CB051B
E205FDF2F6FFDF11
1C0A1ADE0CDD0721
D2FAF80309D220E2
D9D7FD1405EFD5F0
04DD320CCEE1E7F6
D6F40B2D181400E4
F5C5140505DFF9F2
FBEE283ADC10F2EC
CCE80A110FEF03F5
02FB1A1ABFF023FE
F907D92CF206FC27
33E8EF160CF4F7BA
14E2050AEBEB2500
2CE21A0642FA29D6
EDF30DF7E7CF17EE
DCED22FF28DC1902
06E505EF33D50A1B
F0290213F1BC1C0F
EE0BDB1239E0CE0D
EA0E22DAF1D100F8
142C03F0EAF70E12
172FFE00F4FFE631
FD10F005E8DD0716
21F3EA1DEF080219
121EE60CE3E61838
1BFB14FD1C15011F
0AF8051CF7DEE821
1200EDDE00D50E0F
FE01051C1BD015CE
E6E1E70305F31CD1
1DC1E31EDFE817C1
E2FBE7E2E4ED0AE2
DDFD0C35E3DCF003
EDD1291A21CFF0D6
FAE906140C00FA01
D5F6FBF3FFBC1F0C
CC24131100DAE531
C305FF1C01EEE016
0EF0E3D9F70AF5FB
FCE6DBDBE9D80AE1
19EEFFDC2DF21106
051AE70FC60801ED
FBDC150C1EFB0306
F2F900EDE50BDBF8
FDE7EADDFD28EBDC
FFF81EEAF1D3F8ED
DD0328FF19ECE613
432B0510141E0824
F842050CEF0CDE11
5E250315EC19BD2A
07FE1A09F050E2E9
131213150818CB06
34E03603F22310E0
09E0FF0BF6FCDFE1
E60BFB2407F8F5D4
1EDF27D00B361BD7
F3D52A2C331B0C0F
0A0F0E45FE24FCEE
2DDD1E2BC6ED17F0
02DD19222BE7FAEF
F0DC1009F7E7F8CD
FBCEEB35F5E5F9D2
EF0DFF40F2FFEF03
D9E81B3FED1BFA07
F8D7D86DE6FAFDD5
1DCA0FFCE7F40218
13E8071D28F8FC03
25AEDBFEDBE7D7EA
2710F31415DF0209
1F06F7201E06F122
23EDF42FEEF5F3F8
470FFA011205EB2F
55180022101AF916
55F02331CA00FE2B
0F10DC0312EBF837
121BFF091716130C
F625F5DB1DEEF628
0B0B00DD23160D15
31F8E6F922F21818
2137FB27C620C9F1
130005D8F031FD19
0F0EDBF12B2EE2F7
0D220414E1230120
1F17E1F9FD07F5F2
04F024FCDED5D9EB
F201E617E52DF1F9
20E10A18E60EF1D1
E4DC081BDEF4E013
DBDB360E050FF1E5
10E4ECF2F703F612
E5FAF3DD04FDF112
EFE621DC19FB05EE
0E08C8EDD5EFFEF9
0C2BF5E6FCFBF21E
2B2917F3FC0EF922
08D7E637DC1EF1F2
E51305310016F502
0723DFE4D9011605
E7E6F80DFE26FAF5
F8BAED15E704DADF
FFFEF3FAE216F4E7
EBE4F4361508DED6
08CC19241BF710FE
20E9F9193805EFEF
14FE164A0EFBD4E1
0DD5184727E101EC
C9D82735291605FF
D6F308C42AD2DB26
0E400C21CEF6F929
E6F5182FF42D0520
0AEC0EE3D7E5010F
0B0704E8F2FC0526
2215221205E4EF0F
FAEC00E0E5F9E605
01F3F8F6E4D712FF
12F13411FBCB16F9
16F20719F0E2F309
1004E1F2F7050BF9
ECE7CBCEF3031B02
1710FE1118030525
2C1502E8EDF4E81C
DD08F9E4E10BC300
CAF40915F702F8DA
FAED3239FE0AEFED
FDF017040003F0E7
E3E501250026EDE0
E4EB1903DFE3E10A
02FD3A06E80A3A08
08E7200D09F401F2
E9F10801FAE02303
FEFD0E110FD31ED1
DAE72EE6F8EE14E7
E81100DF1BE12D02
BCFC210CF701FEDD
C4F10A270CC81EC7
D80DF4D40EECF907
DA14EEF0FCCBDECD
1107CD210620FB01
25EFE9F8F515E01C
09EED503FDFEE028
1BECF2021B15DFF9
2113E824F613D614
2F182032F60BFC04
E5CCD11821F1FBE0
F6F40D0AE7F8E7F1
FFED0F0F0706DE03
BAD004E119D9EACE
F8EBF6F425ECD7D3
F2D31DF514BEFEED
0AD80D351719D9EF
101737FCE9F701ED
03F61FFB33050F0C
261BFE0B35ED140B
F70A340F22E1220B
1204F6D106C50C1C
0000009B0000003A
FFFFFFF000000100
FFFFFFEDFFFFFEDA
FFFFFFBB000000B1
33F6F9ED08FBFFF7
EDF3C9FFEF020D0C
F9CCFCFACDE7F128
39CD1B04EA2F0EFF
01D90AFF000FF82B
19C401F9190EE714
EE0BEA03DDE50104
17034A1EE4EAF5FF
EBE11E15F3060FF4
17E1FDE118C3E334
2AFFFDEC0ACC01F7
0B1706D335CAD43A
28F1121C072611FF
E1ECF9E3EF1A0E1E
FDB5E7FCE41A310B
07EAF80EF605F2FB
06EAEFEEFCF1DD28
FE0B16E91BED4922
05C5D031B9013015
21EAF6E30CFAF7DA
F90726EBF716F0E2
F2F9BFE904FBF84A
F113BC0619010003
19E12BF6EA1EEFE7
E4FBEDF3EDF60100
ECE6EFD1F2021307
E4F50DECEB16C1F1
CFFED301C804DC09
05F5F8FB13DF0E19
14EDF3E1F5E6D4E1
D305F732DC2619E5
F9CFDE08FDE1EED8
180BFAECFC14EEF3
F00FF0EDD2E11FD2
F6EBE615E6DAF208
EDF5FB00F3E0E7E1
AAF0C10A1A13FC06
DB15F91E07F82301
0ECC1009E8F8E0EE
C1F1EC26EC40F7E3
DBE00529FE201216
E2D70517F90CF2FE
F9FF1916231D01E6
E610E1F319FE0113
0B38E20B0C12E9F2
FEFC3CDFCD04FECA
E0180401EAE11CE6
12FA08F9DE171BEA
2EED4808C8EDDFCD
F01BFF3B1A05FD15
031D0C26002CFDFB
13EFEE06F404FCD5
08F60F1DE3F2F5D4
F1FC09FDDEFDFB0A
E8D201EDF5F8E803
F9C2401614010508
10C2F4EFE4DCF60E
F50005F8EC1BF532
13F4F611152CF017
1CE90F050219DE23
EBDDFFFFD52415FD
F3D90910E5F8F9F8
09EB0A04EBF7E111
FA12030E3CF5F2E1
12E9F0FA14FDE20A
E6FA0BF8FBF0FAE8
0AED1FD7F237C8ED
09EA0EECEB1BF0EC
FFDCFCDD1318EBFE
F61709EC0F0AFC03
E9DC04F00E18F307
0211E1F11E18E4E6
EE19FB1BEA020307
ED09EEF8D905E6ED
000D05EB0902DAFD
EC04E014E6EB0DFA
0F1008DFE0E708EE
EFF1E90C050B06BB
E40BFCF5F8EFFCF4
FCDBEAF2090F06F6
E7F1E6EE06EEF5F2
1EFA23DCE6D00AFD
1AE742CFF6E9F714
EEFD10EE02E5E9F9
E40010BDCAF4EAEF
37D922F9FCDBF02D
0D02FDDDECF21E17
EFF6F1E0DED7DFF2
3DE4321903DF1E24
2118FAE0E009FA12
1CF90305F81DE60C
FD0FD8162A27100E
00E6052A0711F906
0C1E09130FE518EF
E420F11718F01DFF
DE1CE4F5EEFD25FE
1DD6F71EE5D916FB
FBEBDC1CF3E4F5E5
190EF201F7E81614
0A03EDF6E4E4EE04
23F418FA17E5FD13
06030FE8EC01D90F
03FD0619DCF50E0C
0E11DDD9EC04040D
FEDBF1E6CDE5E63A
05F6EC04D614F700
F903FCEBF416D4E3
0FD0EF0B370E260E
F0E2ED01D1C5F4F8
02FEE8FEE40818EF
08EC301313FF1A22
1B0E1DDE1111E8DC
F31BCD10FE37142F
1B2E1D261655CA0B
17FD0312E818FAF4
E0F7CF02162EE900
2717E9040038CEF2
F40CF53836F4241F
08FD122C1DF8EB02
04141305F0EBD527
FAF3FF2CEBF72B26
160110F9ECF9E90B
FAFAF60320060A0E
F4441DFD06EF1802
F5DAEFF914EFCAF7
FBF2FEE01BE90EEA
57F31BEAF9F5FF29
FD07F2F12FF60F04
0EFFF0E230FEE4F7
040044DDE30D07E9
09F01EEB1C181007
E717E8CFE7FA15FE
371724FA071FE5F8
27E02A02DB3216F4
F9E4F8FEEF0611DC
D2F7C2A9D6F4EC2B
09EE1106F5F41045
041F0AEF39FD2E08
05F302FAD7CE141F
02EDD6F9FAF50715
16D0EBE62F124622
FE25E2FEE895FC12
00E8E4DA0AD21A15
1DFD093A1DF1BD05
26F71A27EFE21719
1206E7F70BFEF8F5
FEE820DA24F21604
F8C70117E0033F03
05F407DE1003FF14
12DE0317EB021102
F01C1AE8C9F10803
101517E5D81120FA
14C801F5F5151EF7
26EF07CF01D7FA22
00D8DFF6D6EF1021
12EC03FAFAF1FF12
07D9131DF209E70D
EFBD00F6021E1501
E8DBDFF8FD2826F9
1AE012290C2718EC
FDD02728F50C0512
ECADFE1CFF37ED1E
F6CEF321EBF61FF7
FAF20FEAFC04E7F9
ECE2D8EE20FCF4FD
DBF8F206F6D8EE0C
ECFFEFFC06E9E5FF
DA12E6D5F9EAF1C0
EE150DFCF80FE8DC
E52BF9DB10DB1A09
F4D9010818D019CF
F51CFCF734EDFC28
EBC2EE01F50E0334
D71603000B0EF456
EED3F4F0FBFCFAFA
12F017FDDD06030F
ECD407ECEDFA263B
101916D810E7FCF0
FE14FCFCE6FD0A0B
0319F100F202FC0B
4207F8C9D20D05F1
01FEF3D5FD0C01DB
0825FFF929E60507
1A1119E801FF0BE8
120D2204260D1D05
0F04F1F8281912CE
23040AFADF1CF302
FD122709FE0A0501
E001F5100106EA0C
BFFFD305CCEDDEFC
30033A2312F81CDA
2E14F01EF6CA16C8
E507DA16092226F2
110D211507040C0D
16EE2C05F50FCFFA
20E0F9160BB903E6
180DE20E21D6ECCB
40F61D2000DBF3F6
CA09C4EF083307D8
230A23CA0D291309
34E911F6F31BE2DD
F618E0F30C28FC10
291222132316F9F4
5A1425EF2B15F3FB
F9CEF0E80A5316FD
0702D706213DF4F1
36EE2E00FD2FF30C
FBED0E42F9D8072D
FD2E0CE5F8F8FBDF
F928EEE935FA05EA
EB011000E32911FE
0314F1E00020E5F8
F1DBF1E129181B0A
07F433CBEB11E701
F40803E2FB00E9F7
E806E1F1190602C1
E60403FC44FC001A
11143033F4201C1C
EB2DFEF926E6E822
F11AF2101DF41BDF
0DF7CCFDBDF90AE5
FFF81DF4DEEFF31D
2215E3F4111F0DFB
12060202DF18F6E3
0D2F060E03EE10E8
162211F13301EE16
09FA1AF1FC19FE1F
01FC262316F4EE0E
15E3E3012C16FF2A
00E201FC000D093C
F6020D092BFA181E
0E0BF3031206021A
053EFC1439DD0DF3
DF2706EB09E012DA
04F615FCFDFC14FA
2E0E02212CFAFB0A
FCF807E6F8EAE90A
FBEFEF03F3FF0012
0EF610E3390C21FF
18FA0100DCD904FB
FDF5DEF9E7190314
FCF1F9F5F71D2203
08E8FBECEE29530D
D322DDF6E134F5E4
D7F0D6F0E20004DF
08FF02E3D90521E4
EAF7FF0ADF141FF2
EA08E113030D1CF4
0A2EEB0A052CD301
F6F010FDF32DEFDF
E2D90E18093406EA
E4F2CD0DEB42D5E4
0A01FFDEDCF20E15
19F207F623020901
F9F502FFFCFFDA0C
090A06DDFFE4D219
3CEE3DF90AFD1207
040419E5EEF218FA
24E61DFF0312DB03
300A3111E7E424D3
1A1000F50AEC0FFC
E1F7D433DC191515
E6DDF4F607F7DAC9
EEEC01FB03F611FE
F206DC0DDD2C1801
E509F4031CFD0B05
0917F8EB3B02FFFB
231825F2FBFE08FF
EFEFDEE62101FEE8
EFC9DCF3DFFEFDDC
222205E23A44F4CE
DD0DEA14DE15F4F0
FB1216F50740DDF5
1F210CFE1934C517
FC2CE4F8101BFBF3
F31AF802F81DF504
F3FBF3F729FBEA03
EFEC0E0703FDED07
FA11DC02F5000DF2
04DF11F7F0FEF628
F0FAED231F081F25
F4DEDF0701F82D11
F5E4D1FFDFEC0A20
EFE2DADE37D73433
C0C5EFD6FB053A11
EBDD0D01080E0C25
F1D9F81006DE200A
EBD0061AE8F82823
FFFFFFDBFFFFFFAB
0000003BFFFFFF8E
000000150000007C
FFFFFFB90000013A
04E0E4DB0BF234F7
E0EB1DEB2A04EFF8
F8E6F4D41E14E4E4
CE0AFE0EED202308
D1F204D822350DDA
D50303EF1424EEFB
F7C702D11520BD28
EBD6FBE81E441518
DCDAE6FE0AF300F4
E0F41F09CD0DFD27
F4EE121FCFFCEEFA
0E170FF9FEE7FE19
EA10EC37F8F10909
E7FC073317F6EE2E
EFF90FF11903E6F9
F70CE12906E307FB
F80703290FD0FD0B
DCFBE90127E9EF0E
2CF0F530DDECCBE9
F3F4F2131BE8E4FE
DE06E808F3ED1FE6
1E0415EB0402ECE2
14F20ED9F2CBE5F6
C711E7E4FAFE11F3
DFCC17D9123AF4E7
100C16DF2EFFD705
270DDDE91529ED1D
0AD00FFE131BBBF5
EEEB1EF608E3F3E6
010FF1FC04D0F8F8
1E08EF272BF5DEF9
D1F8E11016E6D4E7
F22CF919FB090EF9
0AD70403FB0FF2F4
1605DC0E16F1EFE9
E71A0E0CEA04DFF6
D7112013FD13B637
E1FB12FDFAD30124
4CE7FAFD03011C0E
A60CFE395D26C710
D3F600253E15101A
FC0612E22B28191F
EC2BE50BDC2221CF
2526FC23F41ADFD8
09FC01ECEF0AF2F4
F4ECD501E8091A23
ED0EE7E90003130F
20EBBBFE2307241B
F1E1DEF20AF92705
0A0601EF33E5FCFC
DD0D08FF0BEC1623
17E8E806030BFAF3
05E6010C1BFCF6E5
F3FCEEDFEAD9E1DB
21D4D7071317FAF4
1009FF261AFF24D4
3FE6EC2B34E9EDF3
0DEDE9CC0C0300F8
F01616CC25F8F01C
0AF4FACAFE03EB01
15FA10BE02240824
2FF5F9FC0A17032C
40E417F527061A27
E4081EEEF4D518F4
010FE10ADF0FF8E6
0B11350801E105E7
131A12121AF7F8D2
E0F8E2352608EBE0
F4111026FEF2F2E5
EE05EF14E0F0E601
282CE61AFF2AF0E7
D3122309D7F609D7
E3EC0BF307F0EAE5
ED0A1DFB0EFEEAE4
FDFCFEF70BD2F9E5
0B12F4DA100CD6DE
04D7FDFF0BED1CF8
F3F5F3EDF4D8FAF6
FE08EE01E806F118
EEF010E0FCF0E809
ED32E71CE2DCE2F7
B8000B03C31138EC
1417F11DDBE930E1
21F1010CE6FC1AFD
FCF4F613F0F004FB
26F8150DD8CE2E0A
17E2E1D2E51700E5
101909F0E6F8020B
0FCB0AF4D71B2107
0806EDF0E1063623
F80AE50429FCE222
F827FDE70A01DE0C
FB14F30F391FF531
0307F323E7FB0A00
E50E07F5FC10E5FC
2E34F21B2FE4D51F
FFFC002B4504E7F3
0A00E50939E604ED
E9E1EC0E1B15E3C7
F3EC2AE7E4EB24E0
04EB23DFFDE3100D
35DA040201EF05E9
0AF70ECD02152319
1EFB1DE0DFFBFDF9
2107DAE4D519F129
11092212000DF81D
24EB093DE62017F9
1A1CF10BCC41F104
D4E5F9E9EBBFE4FB
050007FCE4F40508
02E3E3F90BEF1513
BFDC031728021841
C8220F053A12E63F
D31DF0FC15160340
19DE1CF545FF0F36
16090E222C2CDA22
0DF2E00A2D39D30B
0B0731D101E6FF20
FDEAF404F3D821FA
09F32209F6ED0F18
0402F2D1F82A0C08
EA1DFC350FFE0617
0D19072115EC0126
E11BDC29EE091E0A
FC0CE7420D19EF17
0610C3EFFB2C0102
10F1E1EA18151EFD
F309F403F9FD0012
F1CF0705FECDF504
EEFBF1242EFC1C08
1908E2D006072915
FABE0BECE3101D0B
13F7E9F711EB2501
0AE303F114281C1F
E8FB17F1E71A1011
D2CC3312E547CBF0
B3E32216E218F1D9
B61C10EDF0DEE3E4
26ED05FDE339EAF6
E2DB0CE1FE3DC5DE
00261AF03243E3E2
03CD04DEFD50EDE5
DD08F1DFFE4CD2FD
FCE510FBFDF4F111
13BFFEF5E60D0BF8
EF19F7F709E50002
DB00F0ED17F40CEC
14FCEDD1F261F5DF
E5DD2AFD22EC00DF
E6FEE214FA0E0FDD
D8060AC0082BFD1A
DFC518D31BF81324
15C8EC100703D61C
09161CF732DFF1F1
240EF6E820DBD917
34F31ADC23C80F1B
FEF6DF11230AEE1F
DFF3EDFA110AF2F7
FAF7FB084722080B
10F0E7FF68E521EA
E601F7177F0EFADB
F6FBFEE367F8FCEE
16E109060016EE08
1AF5EDD202E2FDE8
EF00E4151A24FED2
21FC08FAC60FCE01
E3F0D802B9D0C2DD
A1F8D61306EDEBE2
FFC6DB09081503DF
F10F0FFA01D3CB00
D3D4E2D2FC30FFF3
02051EEDF21C07F1
EC0148F2D402F7E8
EBEF41DB0AFAF9E7
0003FDF3E300E2FC
F4170CF2E6170EFA
F00F1B01E730DFEF
E5E72502F92F1DE9
F6E01CCC0C2F03DE
1AE33BF7DF21F20E
F1122CF3F4DCDC09
F9151AEEF3CFEF0E
14FE03F006EEEF02
E624F00FF6FD1F1A
0FEAF60C0310F604
044AC15615FF12F9
1A191D2BFDF7FBCD
F60DE92515BEFFEB
F23101F5E5110BD2
083AE532DC0B0AFC
071AF62C02FA30FB
2C070A2A001CEEF7
EEE8DA042DDC13B5
F3F5F10005D60DCE
FBCFE1EA14D447B3
EC1CF9CF0322FAE3
FEF504E3FBE10AEE
D7E8C1C51AED23E0
10E7FF05251AD0AF
06FBE931FE2C2AF7
2A0E1134290024FE
DF12F016070FEDFC
FD0C02191B00F5F5
C9FB0437F7E530D8
260C181A1011D437
2119EC23FA09EA2F
0518FE3BE715040A
F1DC0E14CCF70F05
EAFDFE05F80606F5
E30C1201D9E3FB1C
DC05E82DDC2A170E
C113EF1CDAE80216
EDF42EE6EDDDEA1C
40DAFA09FEE83025
4405FB1914FCF6FB
2124080FF70FFA15
FA291FEFEBE90DF2
E41A16F5050617F8
14044F02F800FE2C
E82DF01201F7F2D0
061ACF2106F5F2F7
F51CF813F80731D0
07040CFB07D60FE1
E2D01B0D1E2213F8
D5EF23F401C309D9
11172FF205DA0504
E7F5EF02FDF10007
0821F81D38EE2923
EA102E1FEB20E917
04ED022FFA33E61C
294EED3403192E47
F4F81A1C1025F6A9
F01006E2D91100D4
E8DE0FFA1FE905D6
E7CD03FEFBFDE5F4
20130404FB1423F8
0F18E516E50A25EA
F7E212160131BFDB
E2D5D10B17DE0AF4
F4F8D915F40500E5
B3E107E2E0F6E113
E7C8D308FDDC11FF
1111D1300803FE02
AEF1FCD509CCFFF7
F4F3F2DBFDDF0204
0B0A040D0AF4F7EF
FDECFE1314E3EBE3
2314E11D221FC9D7
F300FD2B18DCF913
E614FC013EE12605
0610E90412FED8E0
0F0DEEE8191AD3DB
180D1510EE21E917
13211B09FCED2004
FAECE4E50C0C1027
130B0F19D806FAE2
3E0CFBFC0DE935E7
3BFBF01502FF23E1
E2F3F4FDE408FED7
E501E002CCF62900
F80CCAF5FE0D23D9
04CDFA2EF6D8D81A
3328DED70607D314
F618E7EBF61008EC
3E00F0F3300AFFE6
37F7FAFE24C0D7D5
0DDFE4E104E812DA
C2EAFDEE12051FC6
07DF15D139C8EDF0
E5E3EFD514D9ECC5
E2232B0AE9DAF8F4
DCF0EBEBDED90AEB
03022412F600F4F7
FE31F9F9F7D20D05
F229EC040AF7F304
E819EE0FEF0CFCF6
1A1C07091CFBE1F2
1018F70F09FD0AF3
F6090109D404FEDE
D8EA2A0A1631F7C1
E40800FA2AED0AC6
F9DEF0A3EF18E5E9
D9ECF00CDD30E606
CFBE30CB0118DB07
B9F4FCFBF914BEDA
EACDF4F2D829ED23
041C18EEF9EA081B
09F3F114F718E413
00000051000000D3
FFFFFF76FFFFFFCF
0000003EFFFFFFDA
000000AB0000004E
0E02DAD5F1FBFFFA
052CDAEEF8E8F8FF
033AD7FCDFD61BE1
161206F2C5D9F216
F82F1700DEEFEA09
0F060C12EFF51E25
D80DCEDF17EFE8DE
FF30E9EB0AF30D0A
04DC12BE23F8EBFE
EC0F091A18DB15E8
EE13F117D9D3EEE5
E411F327EBE317E5
D7F3E74CDFE6FDD5
0D23D522D6A50DF4
1227DE38E3C7F10E
F920C3FE132418F2
FF36D712EAF9E812
150ADCFEF1F0E339
0B05153ADBCF15E5
C2F5E11724E421ED
F3D021E714F00E16
F12C0618B8DB3AFC
1006D6220CD4E3E6
EFEAE40D1BD7DEC6
EE17F63CDCE8EA05
12F3055419F6E40A
F9ED03361FE4FEE7
ECE0F717FEE2F5E6
03E2021DF3FFDBE0
05E9DAEFF8D2F016
D4080B05EAF8F4E3
D4FD1DFFFDFA0BDB
F4EAECF7E3DD02FA
F6FF260FFB13E9E3
F0F54320EDF006F3
EFFC1C0505E6EEF4
FDFEEFB8E90E0DB0
EFEAFCEBFC07FFC1
00E7F105FAFEF9EC
DAFBCEC703DFF8FB
F2DCF5F611D9E1E5
ECD803FFE4D8FBFB
FDE9DA1B0F0CE3FD
10E30D2FF82AF3F6
F5FBF938D3FAF7F1
08D42EF211F60732
63F506F12D27001A
E9ED31DD12360F0D
2AE3FF1B121F0F31
0AE4280D0A24E03A
18EE141D3417E80A
ED02100A14ECF21B
F6F2ECE1FEF40903
25F3F1D803EFF508
240B123426DD29F1
1226FC19E7DE1015
0CF4F958E9DD2236
E709E72CF808F912
2E17034A3A04ECE8
1A231C1608EDF6FF
192FFA0AF2D8E700
E5FAE42644EAF323
FA1DE31603D4E6E4
D70C0FFAFA1DFFFE
F6F4D1F7D6DE10E0
0CF2DF01F61719F6
EA0308E5E3EBE5F5
08020FF9EC0C0FFC
E9E3EDDFDFDAEFE5
E4F3EE0D24FD0B06
12E30C0DFF27F0F6
FCDD2017EA1818ED
E323360208F70C12
FCD024E0EB07F120
0FE916DFEE19FD04
D8F734ED351207ED
F5D21D1C17DA06E4
D3D61700F53D17EB
DF040627130008F5
06D4270CF0DE29EC
DDF10516D602FBEB
10E8DA010E10E71C
E6141CF00403FA2A
161CF81A0AC0073A
F9DDD5F357DFE4F9
F5E605FC2308E503
54F1EA26FA27FA47
FA1229081B0619D7
F43F0E0E13B3053C
0B25D82CD5FD162C
F6F30F10E6063619
0FF1FAE5EEEA22F3
EAF513FC07FFEBDA
11F90524140E11F7
0DF61211DD38F11F
0BFC0CF32314F7FF
F3EB1DF80EFDEA11
21F1FAE3F90F0914
3C12DFDD0905F11B
01102E0812EBFF17
0A031400E0C9FBDC
E014EFEDF0E637D7
E3F5E7F802C9DF12
0BD2F40DF9D114EA
F626FB2019E92F03
041EE0D0201023F5
03E403F031081214
222D1A11E802E011
0FE50E0A0EFF1C07
1910E701EF30F3E7
EA1222F00003F40D
0CFED013D9E8E828
2314EF4A0CD5CA05
ED070F270F05F3E3
0C1AF7D4FEC8E7E9
321AF3BCDEF7FCF7
FF2504C608FFFEE6
C00D12FAEF08DFFB
0E01071103F3EA1E
43EAF7EC0D2D010C
CFF600FC161EE0E1
0CF1F3040812E3E4
EEFEF5E9FB41F815
E10507E7F239CEF9
F80600E11FE9D1ED
E7122613000AE6E7
FA051FF607051AE1
2C03E3F2FC0D1FCB
18E4F02318063FF0
13F308FBF213251F
24EFF21709F32B28
28DF1DECF2EEF226
F2D5E7F71F06200C
FC05FFFB3226D90D
10E2F7F6FC142611
0012F5ECE6CCE720
D83D14E60E271EE5
F3570118F610F1F0
0614DA03ADE101CF
06FBEDDCE4CF0FDA
D6341BEB0906F7CD
180AEADBBFE317F4
F0D0F2D5D6E2DEF8
EA0606D1FBEF09ED
F1E6EC25F2E013EF
FA00CFF0140F172A
14F8FEE01A07F2E8
E7EB051BD8160308
0F04070CFBF21CE8
FA01F8CC31B7F0E5
2203FFCB0C1AFF0A
092602D504F2EB20
16EC30AE190FF6ED
F400C8FFFB0301E8
F42B08F10BE1DADD
FC0BE7E920E725E1
1826E1FB03C9F7F3
2000FEFECAC7EE08
0429D30B14D70BEE
18F800104AC90618
EEE40018D8EF25FD
000DD90FE7F2F517
FCF7FCE22F0C1619
F61B0EF8F11808CE
C8010A2811291BF8
E0F70E17E1F510DA
E7B9EB15E12821D9
09EE26FDEF1427EC
E4011825DFF54102
0BE713331E0135EC
03042CFBD3F01314
ED44FDFA2A04DC1E
0425F7DE0C0ADCF5
0832FBFBF109F9F3
BF1E01F418EEE7DD
07F1150EE7E4DE00
100F0E0810F9F51B
F223EAF613050CE5
E5021E1425ECDBF4
042009E2F0EFFD21
E40CE01B03DD1AD7
3AF404FB051612D4
FE1CD8081812FBE7
FCD2F5DEF0E81546
2CEEEDE4F6C5FC00
26C4FBE90303F91D
FBD61CFCF509FB2E
02DBEB121AF61129
4EECEBE3F933F8FB
1E08E2001A173620
F3E70AE932071225
13C716130301F60A
FFDEED252B3504EF
F1F1F4551CF2E9DC
F61536591FDD1314
070C1D4EE4F6EBE2
28DF26370A080405
05EC3C2211D92104
FAC9C91500FF1ACA
E2E6052610FCE3EF
EEDFDD1515E4FA36
1EF9DC391EE2CFE6
11DBF913FDF0FA08
DF0AEA1304F4FD07
0706C90DE6FFE4F7
FF02E7FD060DDBE7
F611EB1612EFFB04
E4FADAE2F7F5C415
0AFED8F70D0524F6
14F203EB0FFB1218
C7181014EF0506FE
FBDFC8FFCCE60D0A
17D4C1E80BF4DD0E
FAE426F8130FFB0C
F2F6E80B01EDF1E0
24C6DABFE6F2BDFE
1033FF16F9F0F012
F62E0E001BE7ED13
F5211F08FEFFD00D
F021F1D7FBF7F015
F30524D41423D80D
F00C1AEC0F0EE8C8
0BFB2AD233D3FDF7
010C0FE532F0E4FD
0F1F14D609210DFF
F31BF3E1DCEEEAFA
09FDDFDCF5B8E608
E91106DF15F40215
DB2DE4149BE9FC0E
0AFEB5FFFEE50701
E72BDB1C02F9DC0B
0927C6E311181FE5
060111DC13F3FB13
0A23D60CECE207E2
09E007ECEBEDFC05
12F9092209120AE6
0A2ADC3107081324
EB27D803D3FA28DF
12E8F429DAEA45E9
ECEFF93617BF2ED8
C1E3D4FDD2EE4CEC
D807F6DA090C41F1
E50ADFEE2FE305F1
E1FAF8E0FACB0AE0
12E754FEE225F1EB
C8D8FDE608F923CC
DDD0CC02F4FEDFDC
E8ED2628D7D1D0D1
F9E31B22CFE908E0
E8F8E40312FAE8DB
EE15F9F7E6F1F3E3
C12AF3F3E1FFF406
1E0CE2F7211B132D
162804D5FDF91DE6
3A2B4713F3ED0F02
E916FBEB3AFE4023
05E8D8EB1AF30C09
40F41EE40414E519
F2FA44FA41F0181A
2311F438FA04F50F
FE12210FDBF3261D
E418E24300E6F2C9
E1DE0D27EB0CCC00
FBE503011518C40B
F031DF4310F2F4F5
0DEF2B42F1EED4D7
BEE5FE2A3A05B4D3
F701F4330013E300
06F22343FCEED805
EDAB1D56EBD914F2
DAF1EBE7E9F10A1C
251810F5E1E0091A
08F2D106FA1CE31A
F4EE1DF126331107
0CFE1AFFEE190CFB
FAFB04D7F848F5F1
FD011B15E716F6DC
050010D7B814E80F
12F80BF4CB05E00C
F946141214F206F6
B92C09F3DBFDEC1A
C846EE0DEDCF00EA
011DEBCC02CE13DC
D8260CE6DAE71FC8
DB26190514E1EFD6
0811DECA05DB1BE9
061CFDDFFADDFEE1
FD47F9F304F5FDF7
0000004F0000008A
FFFFFFE70000016F
00000037FFFFFF6C
00000039FFFFFFA4
FFB907F920FEDBFF
F112FE0BED26E6F4
F0DD12080E01F302
FED926EDD6EAF90B
19F90B19FCF9F2E9
F6E907001505FE10
0A0F022AEDAFE4EB
FB331E191CFDE1BF
FAED021AF2ECDCF2
E6CE01F2FEF1EDED
121202EC11FDC20E
11FF11F50C07DEFA
0B1405F0FBEC3C01
E500F308FE0B25E6
03FF02F10B160017
DA0FE81402E417ED
EFE5DBF603E903E2
E9E4E90408D8F6F0
F5D55C4204F0D1DC
0AE51E1132F4EA02
F804D2E8F5F8DF20
EDAF09414B0CD7D5
E601F8E0270D15F3
F50CD007D6E0E219
0B0F2A13223502FB
05EE04D7F128E710
01EF18FCFA16E606
020910FEEA23E008
19D12E0EFD0BE9EB
F4DEEC16E9DFECFD
FE0E0D0E2608C812
EDD11F0EE11DEBED
20DC1F0AF8C5061B
F1E9FA06BB261519
05D0060C0523F716
04041D0A06FC170E
14B6F835F813090B
E9FCFD08DEFD0D10
DB0316F004FDEA09
1F03C5F5FCE5092B
2104CD09E6E6113F
1210F3100920FB17
22F6F6E414F9021A
09DBD50E031DF016
03D1FFF6EF01F1FB
091E0EF9204CFCE5
100600D4EE1EF709
E62C1910EB0BFE09
F4290BF311F83ABD
D3E910E6E500430C
EC1CFCFAF12D21F7
D70410FCF4DA01D1
CE08F21707F3EF15
EC1BE712031F16F4
2D3BF720ED050519
0327F6022211FC2F
13D92DFE090CF60A
F416120FDAF6EECA
F710F303F60FFDD6
3A131E1407FCEABD
F3ECF4F30C0626D0
FC1209F3D7E4F1F4
1BE7211FF4F3FCD2
EEF008EFF125DB02
DC20F3E5E83FEB00
20F7E504FCE826F6
0BF7E10C03060319
E803EF0809E42220
100C0AF2E2EE3913
191A02F7FD06FD34
1923E2F2CDF30014
2F1F03F0F9140F04
FAEA15E919100AF8
FA002CF1F924FAEC
F82511F302F90CF8
0DE80009ED2714FF
F51C24E2F61BFEFD
D831E9E7F0DF04F7
15250A0525F7FFD7
F8F228EF0F09ED03
1101F50CECE722E0
D9EF8FF4100203CA
EC55C4B4F5D4FE00
FE00D8D5D9B7F105
EC1BD6DFFCFE07E6
F920F6C3C8F3E920
19E42817FAE804F4
04090BF9E2F2F207
F9F9E4170500DEE6
031E1C040AE6F602
0FEC23062DF734E7
E1FAF4F00406180C
DB2F1C010710210F
FED603F61F240903
EC0B02F20D0811EA
E0E5131A1A2910FF
DB1411F8FFDA08DA
F400141319E10405
DE020E15110113D4
DED617081A3BFCEA
E72AE1E7DBE4F7F5
E4F2D1E4F0E6B4DD
E21BD614F40C16E9
20FBE60D2CB811F5
08FAFEDCEEBDF3DD
D90A03F904E2EBDF
03110E001CF5E81A
F2FB1303EF0AE4EE
E8E8BDF7270EE2EE
E1EBF8E50B1D0324
E704E9E4DB06EB09
F006DDDBEF0BFEF9
01F70A07D7143305
04F7071205042B13
E6DAF9E5E5D1E2FA
E0DAF20DF5D3EE2F
22F9F41902142112
FF0B1D2BE9F809D7
FBF61130F5031004
EA0AF9373C152902
FD14DF13F4E5E8D7
EF17042240FAF120
001D0A1A1AF5270B
1318EB1C0CE4F4CF
D20F060C26180AFA
EF1924020013051F
E802CCF4F32EE4DD
D1F1010D09FAD407
FEC6FC0B0FD5ECE2
F3FFD5DDFCFF0605
F5FAEF0F080C29FD
070505F30FE9F5FA
EEFBEB2039EA02D3
F817D2FDE2F3F7F1
10E0F204071E0CCE
EDEC0321FEF6E7F8
E1F9DBD81D212AE6
3509FBF5EE053209
04B7FAF328E3DCFE
F5CCFDF1BDF21C08
3400F3D0CA13000F
EFE706EFF1FEB50B
12F311EEE7F8B90F
3EF6EF20FAE6CAFB
E0D6F01DD202D4F6
F7D00F42FB0AF2E1
E8F6D6FB17FAE0F9
2315EF0C1B021D19
2EE8142436F415D8
E1F6F4F913F4F7EE
E32305235C22E0EF
1DF2E1D7382AF5F7
020EE2E5FCFDDDFA
FDD2EAEDF2E3DB08
FCEBFEC5F70FD8E5
EA29180DC923E104
16F9EFFB030108F5
12080B11D503E1EB
FCD3ED0EEE09FF1D
DA14F10CD5E5D3F5
EAC6F52309E6EDFA
F9E1D5191810E1FA
CFFA222420EC1203
06F012FEEDFDFBE8
F7F4DCF42115F8F8
FDD9F90B00FBE9E8
23F81EEC2C0BE6E3
FFD3E1EE1812E6E9
E9D2FA08FFF4C8F3
F3F4D3D1161DE9F5
ECCA0CCCD919E8ED
02DF0CF1FDE8DB29
F2F4FC1DF7E7ECEA
0CE0DEDB0BF6000A
2BDE050CFDF8FC31
120409DF02060DED
141C00FE0DF8F50F
1EFBFEFC18E7E349
2EF9EDFBFF16D2F8
2C171CFCFDEFE2F0
DCCD0E030E2101FF
0B02ECF9EB1FEBF3
25F2ECF8BCFAF0EE
092B04F21BF0051B
200FE1E3061CED20
F8FA0402E02A4D15
0D3BFCF9F3FDF50C
10F1DDEFEF0DEBFF
14E7F70613F62920
EB1516F2FEFFFC14
F4EBFD22FC39EF25
F3221207E20DFF0B
E8E5FEDDFC100ED9
0FFCFCF3D60C1EF3
F40A0701FC33FFE4
E2EC05F9D33211E1
F22000FB0B001714
0D0BE1EA192FD5FD
0514F4140211D820
0EF8F6CBEAF7E913
15EE03F1EF13EA0F
10DBEAE3E5EDEEE7
0E00F6E6D6FDFFF9
2A1BFCFEE9CCFBC5
1805E4F1ED29ECDE
152BFB00F30406E9
1717E4F1FAEA08CF
170929FEF0E4E8FD
EDE1052EFDDDEDED
1504B1E52ECA27E2
1719011BE5EE18DE
ECF907E232B006DF
15E3EDDADEC32AE9
F417FF041CE4ED02
F7050FCDB20FE039
090AEBFFC4E31114
14181DF1050D32F9
E2ECCDE5F8FF33FD
19ECFDE2C0F115E5
28260BF1E43FEE19
EFF12AE1DD2BE6F8
16D412EDDAEBF002
26FBDDEED916DE31
F0F8080C0618E401
E0F6DEE60A04F6E9
F5FFF900E3DDE1E5
D4F8CFE5E6F0DADF
EE01F307DC021CE6
2F0DDFD5DBDF013A
0110C50BE3BCD420
0CD2D317EAE912ED
0EF0D9EC09E2E61F
F016DFFF04E82DF6
26F8D9E515040DFE
E11032D9EBEAC809
F1FFF70219160B19
FDE6001D2F1DE828
EDE5FE0FF6DEC411
DDF6CAE52F0ADB05
F60F05070D11DB11
0DE9E90025F9E9F9
DCEDF4FD1317F604
F3DFD5E4ECFAF317
E718C4FFFE6A2E0B
EEDC2309E750F41C
DDFF03FCEFF70DF7
05ECC9F6DD36E8D2
FCB329F4E43FF312
14E207ECD911D6E8
0F10BBEBECED0AE3
09EA2202F3E821FC
E9F12726F404E1D6
D9E4EBF1F2E6FDE3
02D6D7E9F6F7F60A
CF3725EBF1F416E2
0B260D071EE9FDF7
FCFADCD905E6DF26
E1162A1FDC11C9E0
E2072AFF17E3E006
E11EF0E1DACADDE6
D9F4FF1919DDE207
E5DF06211B1DEB23
EFF03863151CFCF2
041E200F0F12FA08
EDD101350E2DC7EF
DF091DF20A32D5CD
06EA3DFEDEF0D5ED
F3EFF605253115F0
FA1929F01B0AF5F5
16E904E71408F9F3
FBE9E8DBFFE41BF0
1A17F0E81BF70306
150E17E5E9E020F9
150BF2DE01192CFC
F3E9F5E6C90426F9
E1FA04DBF415221E
0922F6FEE40D20EA
F526F9DA19F42903
1310FAF9E41D0B04
B70CF2F9FC03EDC8
F5451BD40D0518E5
ED2F14FB060D08F6
F3D816E8F4E0FDF1
1CE4F5051412F0F2
F422E1F6DF1AD3E3
F306DE1217BCD8B8
000E010A0713E2C9
FF1609020722D9E9
000000FA000000D7
00000087FFFFFFC0
0000007F00000085
0000005500000085
240008DE02E91CF9
FCEAF6F7041300E9
FA0C06FE013CEEFE
16F109EFF802FEF8
19E420F7F81F0006
11CCF108FA26FBD5
1C0D05F42AF8C00A
0D19150811F62004
43EC12E1130CE6ED
F51901F1F9F71900
27F6DFF126D5E02E
1BF3EAE303EAFB05
FD1205192FE21507
2314F2111E08EC12
190CE709E40D0100
1C06F300EDF22EF1
0AF0F326EA0D01FC
1DE4EC3DF1DEF719
1B11F907F2E9E2E8
E1FCF0FBF903E6FE
D4E60AF3C4F31EE9
10F02D2CE0D0E1F7
1E34234AE0F62D2C
1DF4261DD6E8230B
E9142C180AFDCD23
110B0F2D27F8FE01
0921F5F30E0FDC1D
D6FB06E6E914E515
FAF1F1EBF603F306
E5F7FD09F0E6DD05
0B04FEEE07FBEE0B
D219FEDAE3FAE404
E9E3F216E0FE0503
ED11F7CDEB2BF4F5
E003E3F00A1BDCED
F3E9DC1811F739D9
F605FD151526FA1B
0C1DDBFC28FD271E
EA25E1143221F0F8
E8F0F9F60E0CF0E1
B9FFEB030C0C0BFB
B017F2052609E9E6
CAEB27F3BF181FF8
F4D10CE4CCD6D6D4
EAF617E0F223F019
CDF2160602C929F5
E617F3110EEA0E12
CC11EECD1ADE281F
D118FE0306061BEA
D1F6D1F92A03E414
F114D1C307FB15D9
C815BBFBF007E5E7
DF0AFEF7F0D4F7FC
F5C92011FDEAD4C8
0215E1F3FE17E4F6
E114FE171D242A13
1F1CF5CC002F1EFF
F817FF02040DE20E
2318F7F30A0D130B
1113FCF7192BFA24
D81E122F140CC925
ED0DE4DD1AE7F60A
F80B05DA09EA0F18
F7FCF400DED90FEF
F1F7FFF8EAE0E9DD
06E60A1C0A0F12F0
F713C5F9DCFE16E4
16EEF8F8F8FB0DE4
10DCDF22F802EEE5
1FF12608D3DA2804
FF081611172830F4
15EE270DFBFC1AE3
DA04F2D3DDDFF7EE
D3D4DDF4E4E81CBE
F5D003FBD5E70FE6
EEECFBED00CDDFE1
FBE506F4DE00EDED
CCE2F704F2F016F2
ED0CF2E0040927FC
DCEE0AF1F10EEBE5
F5F310FCF8191AFA
0EE6F7EDEFDA31F4
F9E7EF01FED62C0A
3B0114F8DD0BF6FC
E806BAC60BEFF816
2D33CD050B023800
2B070CF8EC1EE30B
0BF9CFE020FED804
0302D6FB0A0D3119
1FDF0B170CF2EEEC
E8F5FC20240C0B14
DEF6E51C11FE0108
FD1409F50FEB1615
0D0AF3F217E90802
02E911131902EF14
0AF62F21FFDAE2E0
FADD0EFBE9E31FD8
0DD62B0AF80DE3D0
07C71D4DEAF2F6D9
00D80C04D50714E8
EB001FEEF8C6CFF0
EE16FDC7FE0EF609
02FFD61109092715
F108CB0E2E15D3E5
2523CFEB1F160D19
E70931FC0E06D81A
E01B09FA1AD5DF10
F9131D0B12DF1347
06EC0437D4F00718
F3C70A13D8E00DFD
E80707040AF8311D
CE2C1B3D2D1DF411
FC41D7FB501D1B46
072CEDCE45E7360B
0F09B608FED6EC22
1003E6F60DE5D029
09E10402D80803EE
2FF7E80111301EEB
08F00419F5FA1FE5
1601DC1DF9E1E614
28D8EEEB0B11FDFC
EA0605FC12E901EC
F5120D1926FF1105
13F730E2E9241706
2B03F7EA17E132FF
0D170A04F3F81EDD
02F6E8031700000F
12FCE6C415CED7FE
F4E41207F9D5F909
0F09FFFE0FF31E01
F00EFAF0E5F212E4
080216DF19F1EAF8
F6FBE71910DB361E
E00FF50622F01614
021802F5130F01ED
3BFB06050702D2EF
65F0140BC63BEBCF
D8EAF80FEBF716DC
31F2061B05FEFCE0
1FB6FB12093AF7DC
04DBD614F4EFE6D4
2112071CE80DD6CE
EAD9D3E6E6371C02
FC05DDCDD9F3D7FF
FEE50717F110FAE4
EDD4130ED0070FCA
0BEFF134F801C7D9
0BD7F203EF1313D8
1AD5FEED041D0BF1
05E91360EAE807ED
DDFD26FCE019F80F
321C1730051F0C07
EE16E61610F71D05
E232250E33ED1637
1702F9FD10E8D516
150E06F22717FB3C
050A1E0110FBF809
F0FFA6FD1A00FA1E
E82AA202FB0FEC11
FAF6FDF6EFEC10F7
E6ED0CDDD0E7FEE0
0BDE1033E80DE2E2
DDE20BF91512E4F8
1FEC0CE8DBE719F5
FDD7FFD5AFE603D9
E7ED17F9F20AF8EC
1AB419EABC12E8CB
E8D60DEEDB14DBED
CB002107F4E2CC0F
100CF61BEFE20E2D
E2EEBBF2FCD3FB0D
FDF0E4C6D5E3FAEF
ECDD00D4CA30FAE1
2DDE08FED4191CE0
0C05F0F1041FF906
1004F32105482415
22261111F80701E8
10F8FFDBF0EDEA0C
16171C3CE9322109
160D15F7E8D60CFE
1D03100DEBEF4715
1C1AEFFB1E14C503
DB09F90818EF0137
D0FDFD0008273DEC
1CF1DDE603490FE0
15F6D7E0DF0319CF
0CCE0ED8DF0341D2
F6DCEB10DD1310E9
F9D2F519F9CE0BE0
3809052505EBE30F
E42AFA1008CE061E
8EFEFFCCFF26210B
FEB9F217AFEAFEBF
16EF10ECF1E405C0
20B6E7DAB2052A99
FC19E319010DFBF7
F91BF4F7D8033ED8
0C11C1E1E21B0DEF
D9FB090EE2F5EEE7
D3051435E623EFFF
07E4CDC8CF1FF2F1
00F9B719EFE7E6D6
19F604F3D41E1B09
EFE51CD7DB2A14FC
063DE0251B0B1642
E725CC1B3B082224
1AF5E8F213FC1D05
1A07FFED04F6F216
15EAF6EAF0CCF5F6
FC05F2251CE8E118
1420E61C39E4F92C
1318F51BF7F6FE11
0D33EF25450AF113
08090FF601EBF701
1D01DE2C01E30800
D613FBE52FEAEF15
F5E01A08E530FF07
F61105F827F9D4FB
0110ECEE1639EAFB
F3E8EBFF0510FAFB
FFF5F205FBE6E9F5
EFEEDC23CA1600D2
E9090CF6F7FD21F2
D8F2E4EAE209F80B
06F0CE21EEFAF4F2
EF02FAFC43000804
F6F8120001F9E71F
E0FBCA032E070919
0AFAD9FC371DF7F6
162CACFC0518E40F
EB20DD0434FD1233
26E8F7F7C0BAFCD1
E2D6E116DDFFF9DF
CFFF01FBE3FDEAE9
1EF91A1DDE10EBFA
16FEE60CF0FBDEF3
22FC072AE5F1E4EE
3CE30B0DC609CDDA
48D6F01CCBEEEAC5
05F1F923F7F709F7
43E4DDFD1AEDFC06
23E9FF250C19DE1C
071AD2FA25E8F90C
0EFEF311DDF9F20D
E11DE9020FF81F2A
0618EA09F9F737EE
E6F7EE2703E3EFFC
F50FD3F61AF9C7EC
E008FFD8E80213E6
DFFDD3EDF9E2EC23
EBF616E8DEE7DE04
E2EB2A22CCE10600
11030C12180BFBFC
2016F9E614D2211D
3215FADD0ED9FA2E
DCDF0F00CDD7EAD8
D8F5D911DDFC2DE3
36EFF5FBE00704F4
0CEBF5C4CF0926E2
FCEA08EDD2E33FE5
2EF8FF07D4D60FFC
2444C11E2E13E519
010EFE0A0A29F9F3
F3EEE91BF0E5EFD0
2EFD0C1DFA16DA05
0CEF5D19DCF7E6CA
D5E3570EF6FBF5EF
EC1D30F2ECF6F101
160A151F0F0AE5D9
D910F7DBDD2AFBF4
E6D920FAEDF500DE
0201F8DCFDEAD908
0D0BE9D3F209EDF3
EBF818100A152307
0718FCFE04161D11
E50309E42418E2EE
26DFDCE1EFF405DB
08E0FCC8FEE41AE6
1BEBF3F3E10F08D9
3CCCEEE2E5E6F8EC
3AD028F5DF0623E8
34EB0D2AF7EC0FEC
10F6F4DBDD1208D7
02E8E71FE1FCC3CB
0FD2DB37E2F912FA
2CFFE5FB20FC3B0D
1806F6F417F9021E
37E7F71703FBF122
FFFFFFC8000000DC
000000C700000024
00000160FFFFFFD9
FFFFFFA1000000AE
064B20082806FC0F
D2051F0B1D1B37EF
030101E816040004
1B1914DEE606EDC8
EF09FFEC173C130A
25FC02E2141EF107
1C1003F1F60702EE
EAF9EB01F0F419FB
F025E3F5CC03F8E7
FAFCFCE51AFD030A
E20713F415FC01F0
05F200EFF710F7E0
FA05FAF11E11F2E0
FC10ED0A2D12FBE3
E3121D312110E6E3
E4DEE61FDE05EA11
F100F517E5F2FA09
C9F540291F2FD1FA
05DDF9D1BFCC1D15
06E5EE19F8D411FA
DB15DC2DDCEFE6FB
E9150EF0CAFBE30C
F6D2F504F9DD4107
E6F3FBFAD903232C
FEE90E18DC04E814
E5FC1C23FC26EA18
F1E7ED2A08F903EF
04F005CE09F60FFA
28E8EDDEE50526E6
F2F3FCB1FDDD1F0F
18FEF32217F8D704
FD03DBF4E1EA2E1F
DDF0E9EDF0EC36F3
08F5F716FF08C32C
EBDBFFF4DDC914E6
E6E8F2C2FFD0520F
0BE8EC0635EEEC1E
F8DEEF0B3E17FA16
26061BD9372301EB
F902C505113106EF
EF0EEB0DF23DFFF5
04F3ED14FEF6EAE1
F1FFE923F8EE14D7
13E20E00DCD812F8
24EA2401FFE6DFD2
153AFF4B15F9070F
0B0F2326D61F2516
C9180810E8122920
F959EFFCFEEF10EF
C7642E1709F32409
E3000C030008311D
D00CFB02D3BD54ED
DE17F0FCDFC805FB
F2FB19E238D6123A
1D18FBEFE7FD0DFA
EDED21010014F027
01232DD9C50D230D
D5082BEDF5F3F145
F6F4FDF4E519E713
2AE61BEAFA1BEBD1
0EE941F6131AF502
02F71E161B1225F7
20E70EC83BE323FA
20D6E2EEF5EFE1FC
1C01080A0B08F7DC
E5E8E9D50D050618
14EDE3EAECEFD501
19E8D9FBEDDDED0E
E1DFDEF3F601260C
FC15D514E8D62108
21DE10E0ED0B140C
F3F2DDE8FDE30710
DEFD0ADE10F1FC3A
1319D604F0E212DD
21E7E8F6F6D63809
05EDE623FDE4EE15
27ECF61CF1F128E7
EAFFFEFA20E3412F
0EE5EB1005DDDB23
0FE9D80AF1EF0207
1BCDC2F2FBE3654F
E6F40410F716ED34
E42B18F6CB1DFE18
0F4A26DEF3FCD6D2
EC0D0D0D0A3A2308
F40D25F40108DCC6
CF2D4611FE1CC0D6
1B1621D81BFB19E9
061015D2FFF0FBEC
FC40FF0AF9D7D410
F4F0150C1FF6070A
0B1446F3FF180407
07D91E151E20DF0C
15E2DF24ED12DFFF
E6221702EB06010A
FDF82716F6231C03
DF0CE6EECDF01CDC
D8DC120CF7E9D8F5
EBDE1FF8EE09341D
E70FFDEE3325E011
1D0307E6E10F0CFF
E91C0AE0CF02E6F9
F9F1D61F08231E31
0507E819FF15183D
06F33AE2E525FA05
F20FB5EF1336FE0A
F60FB5E7DAF62316
F4E822E6F0FA1EFB
F40D272316DC0C09
D9DC0C1503FFF1F5
0C19E01528EAE7F2
F402FD1817D7FC1F
FC36FB131FFC2BE8
FAFEF40732E0F6D4
01FD0D1E0C22E903
050C570B25C5FE11
E0D54EE435EEF7F3
25E314F335F518F0
E6EBF7DF120A0F0A
D02011F110D7F8F1
2007FF393039EFFE
FC11FFF9222E0E25
B91226F51723101A
28F3FC1CFE120906
E019F9EEFD29F0EB
F9E7050CF2FFE103
D946090B3CD3EC21
E619FDF30AF7DEDD
B7E3EDCEEBC7EBED
DC0DF7FBDB0BFB26
D63E27F52515E7E5
B630182C052BFCE5
0B36FFEBEDDE1F1D
F922ECBDFFEDEC0F
F2270B0FFAF8D323
F825E51205C70FC4
14E7C02018EEF61E
51EDD510F615F00B
2E082D3EF9F6DADA
11D1C60D062804F1
45F09C7F213BF1F3
09F21211C2F91AF3
27230310DEF9FBFB
54E8CE2AB7E4B4F3
FE1106FD13B12DF5
E30EE7E403ED24F8
D1E9D309EE12E22B
2916F42914FEF7F1
ED1214F4EDE0FC08
22FBD210FF070C2D
050008F1FAF307FE
EB28F8FB0AF91B21
E5DFDBD9E0F5081D
E9F81BFB3C12F0ED
000B0A1B0F1AF21F
E90C01F6212719A7
0C1304EAF20FF507
FFF4FB16060DF710
FD08FFFF28F725C2
022BDDE6CA1814F7
02291D15D40C1A11
EB1727FD01E3EC02
F12BECD9FF0602C7
F21E2004DCFBFBE0
E1E9BD06C9DBD623
D7F40C25DDDAF000
CFDCDFF5D913F401
E5CEC5140231E605
F1E3F304EF03DF09
FFE907FAE0251A0A
10EDFF21E40DB210
A92508E10AE3EC11
FCEA08F0FFF616ED
48FEE2D502CFD30C
CBE4FF0EC80AF7E5
FE0E0528E00AF2FD
3215C337FB140C44
03D3FED0E6BA17E5
1701D8FE040D0CDF
4A031AF6DDFF032A
1B120E0A23CBE508
1FF529E930F8E00D
F9E50F160C12CFF4
D92D0E0A031EE9EE
D72438ECEDEE04E5
F40E2B500AE5DB04
DF39E5DCF5B61FE3
DD1D0CF914CB0BF5
39252DE7FEF312ED
E516272AF60F0424
F7FE1432C7231D26
E93A342BD4234D26
F041BC0A01023401
DD07013FEF2411F5
0B26E328EBED01F6
0410ED50CBB71016
FA28CE22E103F91C
FCFFDF4CDA3808FD
0FFEF125E3FFEC1C
0BEE131D05FA030F
3A5B15F30A11E8F7
FD17CD161A05E53B
2DF2FEFAFDEF0513
2EF7E4E8480307F5
210D021806011210
0905F8F62711F83D
3B0CDE000819F4F9
F2F517D21507FDC9
18F10005E0FD0BCE
D20AEBFA22CA03F4
09FAEA0DE604FF0E
F604151720CF10FF
F81D231233E71F22
370AEB1914FDDFE2
0C11250A05230DF0
F0EF49061604F107
2BF40AF201FE0805
F7D8F3EFEC1C1BDB
2AFAEBF4EC230CF6
19F70E31F417E9D8
EA1AF6E6F60709FC
22E0CAF9EF031BFA
F4F4F30BC8C01BE2
CF04F9FC1CD8310B
21F8D5E8E1D02708
EDFDF3E71BDCF707
3313E9E302EE0007
D519E7FB0D0C05F6
0014093028151302
25E7030B050C081F
06F006002718F6EE
EDE9DA2A081AD7D2
0E17E907ED17C516
030D3704EE20CAFC
F91D04200A04F3FE
001C120CF8FCF306
11FDF505E9F5E81C
03EB1128C7CF251D
E800FF17FD18DF1E
EFE8D72CDC32F22D
EFDDE429FD152229
ECEEFC1F0C3A0D2B
EBFDF202B71EDA08
0EDBC91E1D17FF3D
D0F61508D2E60AF6
C204CAFBE6EE28DA
0CD6E935091BC8F4
F7DAE710E8FBE8E6
F8F5181DF8F507CF
0BE8E1F0F518AA14
0DEF0107F5F5F5EB
09ADFBE029D84B02
061DF921F0F51628
EA11110AE601F50B
D813FCF3F6F9FCD9
0416E3EFE4543319
F7FE05EDBC16E51E
FE4642FE0518E8CF
0429DDDDDC0E16EB
F722ECFFDEE300ED
FE3416F9C4D4EDF6
17F2ECFF09F5FC41
D0DBEAF11AD2E71C
ECFF02F806060716
1B03FD16122BBD20
08E507F821FC02C7
E826120EFCF537F3
E3FFE10DE918B4F7
FA0FDBFDE7EC04F9
F4FED0D3EFF006FD
10ED030921EFD1E3
1E0FDBFA1F05C0C1
01F6FCDD0FEED4F6
E9CFF10826EAF3DD
F6F5EDF633E8F5ED
FB04E90144091601
13FCE8F704D9EFF7
0DEAF11503FAD0E4
12F8FEEFFCF2EDED
C4F0F8F4D20C23C6
EB12CB08B6203A0A
11E70E0CDE035502
1C01FB12FAFC07E9
CDEAE1E9F50B0703
19D3EF3FFF1916FB
E2E6F043FCE3D6F5
DBDC1E130407CF03
EFD505F2E9FEFD14
FFFFFFC4FFFFFFB4
0000008B00000000
00000038FFFFFF56
0000004DFFFFFFB6
EB191CF902F81418
F8F220F616E1E800
FF0F100CFC08000E
1C0FF8010FD8FFED
E608150920C62AFE
FBFB34FB10154124
0A03E62225000DED
25F2251117F4F3F8
12DB0A0D09F216FC
074A170F0209E913
154732093A25E70F
F32326EE32FE1C50
0C1A20F91727EE12
0B0C030E28F12329
163214EDE20A0B15
0DDC240330100C28
16DD03E837EF13EF
101318F9F1E4FD28
1BDD002A120CE8EB
1BDAEA07DEDEDE0A
260CFAE8FCECE9F5
3C1F111D200018FD
230614E6FCEDE208
08000CE4110DF1D6
29254FE4DC1F1D42
15EC080305FAF43E
29E2140F01270225
E1DC0FB1C8ED1F0A
E20C10F20EF11313
CC1F0F16F1DE181C
1803FEE2CE0B0C05
F9EA1D03FE1C1E01
D706ED09EFEC04FB
07F10FD3FFFA0C0D
E5FB0D1F1BF6EAFD
02E91A0DDA0A1A0C
E7DACFE11DF8F6DE
E70BFDFCDB07F809
EF1913EAE1020705
F811D6C7DA020DB4
F903D1D1EA021DCA
F922FDF3F2E1FDD8
21DCF0DBF1EDFAF1
3AF504E002F5F8FF
03F8F6E80EF70528
2303F632FD14EECE
27F9E805D725DFF6
2715E80CF100E8E5
4F050214DC1402D0
EBF7EADBFFEDDEF1
02F8080606C4DEEC
32CEEE3FE227D3E1
EDC8CDEAF8D5C8D3
F207BD1325DBD5D5
30D60708DB2EFB1D
290921FCDA1A1233
3EF9491908342A33
FF2A10DED2E41001
3AF634030F330C35
3A0A1AED272A0E29
2F0919F6E12A0A24
240C10E2051C0CFB
060C3F00F40F2317
0802FBECF3E702F4
ECF70905120810FD
D10208F707F3FBF1
FEE8F118EB0222E4
27140C0206E21206
18EBDD06F6D11602
2C03030DFE012B0B
39FC16140DE61420
2FDB10F5F3E608EC
00F0D1E5C7E4E0EA
E7D7E304E0DFF1BC
E8DAB01FF9D9D8EB
03110616C6FAFCCA
0A05F115F6E2E6EB
1AEDF602EDEFEE06
06EAFA15FAEEEBF8
04EFE51308ED1904
18FFF80CC906FDE0
0FE6DB0EE801B1E5
F5E0FCEF27250114
22E705F3000C0EF5
F50A09F30B2AD2C3
16EA04FE0D033901
28CE11F22CDB11FF
05FC19FF0216090A
13F6263C120E0E26
121915E60AF12514
0917003210090FF6
201E1FDDCC241215
15080821ED1F1226
0D04FB1AFFFCE602
F93C06D6EC030A18
FC00EFF201060D02
10EB220A0BE2D207
E201F80201EA011B
DDEAEEE91CD20217
D50DC50305F7C5D5
D0F5DB1F1C25F3E4
FBF805270203F9E5
E02203D5E3F91BDE
1DF8EB21203F0C1D
0EFA06E1F30A0515
DC011003010BFBFE
C1E1EDD8EF12E919
EB0E07FBDA04C82C
0D1AEDF503C1E30B
06251BEFE0D1F300
05091BF130D91018
2744F5E1E52D16EA
221906DF161F0704
3E4400ED1DFE0EE8
0BEBCFFD0C2DFCC9
00F405E330F2F9EC
F815060233DCED06
0EFCF7D1CC1002E7
10F51DF3FA14FCF0
F1F9F515F806E0E1
EE05FEDBF6F933EA
FDFCDFE70BF320FA
100AEBD7FB27FB02
FF09E3D6E92A0BF8
0AC9F4DBE70902EE
14FE0513000E0320
F5F6E7052EFBC611
08E10D2423EED301
0502FA1FDAFEF600
F615C329FF0E10EA
0905DE0BE4DEF5EC
E126D31A08D114FF
0326E81E141DE3DB
F024DA06F2070FFA
1028D01A06FD2DE7
0BE2FE056CC22FF5
FCF3FCF51CBED1F5
0C0B0CE818F9290C
F3FC180FFAD32EEB
DBE10CF904E4F6ED
EFEF05F80BF05505
00B5FCF9DBCD0FDE
D708F8DE26D2F4EB
14CECD0214002ED7
F1F51C16FCE3FE14
F9E015FF0AECF80A
DD19E6F003F1030E
23061A0C12D6120E
FDF7EF0702EA1C03
0325EFF0FCF61A07
D9C810EEF7EE13FA
EFE2FDCBF6FC09DF
F922DBD706FC14D6
C53DEB04341005DE
F838E4E8FF2DFD12
E41FDA04F8120022
090CD2ED0A1FFBED
D31F16EB0D22FC1D
012329F2F1F4E223
0ECCFDEEE916E5FC
EAB0FBF101ECF922
CCCB0DEB06E1D024
18F6E81C00EE15E1
20C416FD30F9E8F8
F4C90C0E12E9F2D7
30080A2C0FB702FA
39F8F318EED32DF0
21F7ECDFEBF929C8
1B0611F8DADBEC24
100CEE01ED13E10B
3C0D21FDD614FCEE
F3EFE4F815D2FBDA
EEDFFDC102CCC7E7
E6EE300218E0C908
02DEF0F7F3FB47C8
0A1BEBE2FBF01DDE
0ADDF2FDF910FED7
E4EE0601E8050AED
FBE8052405E2E506
ECD10B07E2F9DAF5
1D18152E3F201F25
CD35F509F127E9F9
08242007040F2020
11FED705E4F635C1
0CEFEE070D01E9D7
061CFDE1FDEA20E4
20FB10060DD51D0A
08E807E808E40121
00FD20D0F6EB18F0
2CEFEEEC263B1FFB
19D6EB15F34A041D
11C6F8F8E222F806
3ECFFBC304B7E6F2
38C916F416E4FBD4
480B12FB29B6D5F6
55F40904EFE8100B
5CD209EE1A08F504
589FFB175F02FE17
191E39E4FEFD3542
E71617F8F2EF3B1A
11122FF60FFC213D
FAEC1ED32BFB244F
F3FB1EF711DE215D
0C17010500B5145B
F50633E6F4521F2E
132143E903280A11
0738200E1AECFA47
EE211D02011C2708
0011F328E10BFA0E
F13602DFD5E1ECF8
E805250AE92EF501
161B04D415250EFE
F245EAEBDFFF05A3
002CF5D2E00EE4EB
FB05FFD3D80CF3D8
1618EBE0FC12F7DA
F0F2FFD21CED15F5
042B09AE2EFD15F1
EF03E8ED35071F00
2600F3F0ECF107F8
FEE4E1DFD4091EE6
0CD8F107E1EF1619
DDD5C93601E3CBD6
C9F00817EF06E0D9
E5050431F9F5FBE7
06350D002224F803
EA1FED181CFEF228
D627F5EECD0EFDDC
1511EAFE261F20E3
FC3EF8F725FD1FF1
F130DDEEE9260EF0
25DF161306D91AF8
EFE101DFF8CCEEF5
13C91DE4F7FA27FD
28D428F7F2DC0018
32FBF5F82ED9D922
2EC31BEC12071829
0FF9E42027C3E3EB
28AA090514E214F0
38EFEFFF0612132D
1E1D0A09ECE123DC
09031AE51515F9DD
F50EECEEEEF412CD
DF33F5DB13F501C5
0B09D0F9E00AECCB
01F4F32304CED4CC
0A04F9CFDBF5FCE5
15EEFBE1EF14F8FE
26EBEF22D0E200E1
F3F91DF213F2FA38
E604FFE8F1021919
EF0EF508E4DBF719
F1EBEB291F16F2D6
060BED002C01CDFF
F60B00F90F0DE3F2
F2F1E62A1BF50AD1
E104E50600FDF9E0
E9E5F93100E206FA
D4ED04DF19FFEE28
F9D5211A08F7EA31
2CE1F00306EED61B
4CFCDCDE1C5309BC
15F2E2E6FB2DD7CE
3704F4EB0BD9F4E6
39EC01F20D09F621
2EEB0EBEE0D9D209
0FDE26E3E1DB1202
34E022C5D204FE19
3CF7E5FBECF6E328
05D60F22F202150B
040FFBEEEED4D5F7
302627E8FE040AF5
0B0F1C01F7D00709
04F7F4E717F40002
FC35EDF8E9F31F0C
0F0EF3F704E6FAFF
E105FE0D00E2EC28
07FC130EF20EEDFB
E4010DE204DEFAFF
DAD6010922D8CEFD
FACBDB0D1DE8E0F8
D108EA4A0109FE0E
EF14FF34F3D60BE6
05F5F102ECDBD7ED
0CECE9F4F90DF802
2028FF101C12E814
FF11FADF1E28DF1A
09FBF0D8FF0B15DF
FFFFFFB800000038
FFFFFFBF00000099
FFFFFFE0000000EE
FFFFFEC900000047
000000FE01010102
000008FEFE0001FF
02FE05FEFD010001
00000300FC04FF04
01FEFCFD00FEFCFC
00000002FDFDFBFC
FEFEFDFC00FE02FE
FDFD00FCFEFDFFFD
0000FC0000F8FC01
FFFEFD0301FD00FC
FD00FE00FDFD01FF
03000402FEFCFD03
0104FE0202FFFC01
02FDFE0103F702FC
FDFEFAFC03F5FC01
FFFD01FF03FA0203
FF0301FF0202FE03
0100FEFDFEFC03FF
03FB02FDFDFF00FD
FE01010000FE00FD
FD000001FC020202
0001FFFDFF010000
FCFC0502010000FD
FD03FBFEFDFEFB03
000105FF01FFFDFD
02FD04FDFCFD0200
000302FC01FEFFFE
0303FDFE01FD00FE
FDFD02FDFEFF0001
FF000002FEF90203
FEFE00FDFD000103
FD01FC0004020100
0402FFFFFDFFFF03
0003FE0102FFFF02
02FEFF03FDFEFDFE
FF02FEFD0102FD02
0102FEFCFCFC01FE
0401F9FC02F8FF03
FEFFF3FCFBEFFCFD
0202FFFEFD0001FD
00FCFDFDFEFE0201
FD01F4FFFDF50304
FB02F603FFF4FFFF
FB02FD000200FF00
02FDFD0200F4FDFE
0001F5FEFCF0FF03
0001F8FF00F6FCFF
01FDFC0303FF0200
FC010202FEFFF9FF
030202FCFEFDFB03
FC02FF020102FD00
FEFEFCFEFDFCFFFE
FCFC05FE0103FA04
FF00FDFB0102FD01
000206FE0109FEFE
02FEFCFEFB000303
FD00FEFE03FDFE02
FFFE04000204FCFC
FE020705FF0DFDFE
FDFF020202FF0102
02030200FD030101
01FEFF00FC04FF01
FDFC02FFFEFFFEFF
FFFD0200FF06FF02
FBFC02FDFDFFFC01
01FD010203000301
01FE01FF01FA0301
0000FD03FD00FCFE
02FB0401FD01FD00
FC020C00FF0AFBFC
FFFEFFFD00FFFC00
01FC06FFFC020103
FF010703FB09FF00
FC000EFFFE10FDFD
020008FB020CFDFC
03020A00FF0EFEFE
01FE00FF010601FD
FEFF08FD02070101
FE030B00020AFEFF
02FE0A01010EFBFE
00FB010300050301
FDFE01FCFBFD0102
FB03FCFF01FE0003
0102030200010103
000100FE0001FB03
01000102FC04FCFF
FBFF01FD0408FEFE
00FEFEFE03FB05FE
FDFC0B02FF0901FC
000305FCFF00FE01
02FC0600FE08FBFF
030201FEFDFD00FF
01FD09FF03070103
FF0100FEFB060000
FD020A000007FBFD
010406020108FF00
0100FAFBFDFA0004
FF030803FD0101FE
FF0009FEFF05FA01
03FFFC0002FFFEFF
00FCFDFF00FEFE02
FFFCFE02FCFBFE03
03FC00FFFF05FBFE
02FFFE04FEFFFCFE
03FCFBFD01FEFCFF
01FFFA02FDFBFAFC
FEFBF9FE03FC0101
FFFEFCFEFDFCFFFF
0001FCFEFFFFFD02
0301FDFCFEFA01FC
FFFFFAFC00F4FBFC
00FD00010201FCFD
FFFFFCFFFEF802FD
FD0101FD0004FEFF
01030600FCFE0102
00FCFC01FCF8FF03
01FDF8FDFDF4FFFE
02FDFFFEFC020102
FEFEF90202F903FF
00FFFE0202FAFFFD
FFFDFC040102FDFC
FBFFF9FE03F80303
FC01FE00FEFBFDFC
000200FD04FA02FD
FFFFFAFFFCFA02FC
FFFC00FFFEFF04FF
00FEFCFDFEFC0202
FCFCFF0002F90202
FD01FD00FF0301FD
0200FDFFFCF9FFFC
FE02FCFE0300FC03
00FFFBFFFE000303
FFFDFFFF0005FF04
010206FC0309FF00
FB010302FE07FDFF
FCFE0001FC040002
FFFFFAFC02FEFC01
00FC06FF020EFB02
02010B01FD0FFDFC
FFFDFAFDFFFDFEFF
FC00FAFF030300FC
FEFD00FE04FBFEFC
FD02FDFEFE000003
01FEFBFD00FD02FF
00FEFBFFFC00FC02
FF02FE00FE0003FD
FFFFFA0200FA0102
FC00FBFFFC00FFFE
04020600FF02FB00
00030101FE010003
FC0000010107F8FB
000203FE0300FDFD
02FD05FEFE03FCFF
010105FFFE01F9FD
00FC00FFFE04FDFE
FFFCFE01FCFF0203
FFFBFD010201FBFF
FFFE020303010004
0002FDFF0201FEFE
FE02FDFD00FBFBFF
000203FDFE01FDFD
FFFD06FCFD02FCFD
00FD03FF010404FD
FCFC03FF000003FF
0301FF01FFF8FB00
FFFFFE0000FCFE00
FDFEFAFFFEFBFCFF
FCFDFEFEFFF7FDFF
00FCFF00FFFE0102
0101FC0201F6FBFE
0103FFFB00FAFDFF
FEFF030300FC02FF
00FD0101FF0304FE
01FFFDFDFCFA02FE
02FE03FFFEFA00FD
FD00030100FCFF03
FB01FFFF00030303
0000FCFD010001FC
00FFFD01FFFB02FD
03FCFDFEFE0402FF
00FCFF01FD03FF03
FC02FCFF02FCFDFF
FEFEFC03FEFDFBFD
FF0001FD0302FD01
030300FCFDFDFDFE
03FDFD00FFFFFC03
FC01000402FDFE04
03FEFAFFFEFFFD02
0302FF00FEFEFF00
FD01FCFD04F902FC
FEFEFDFF02F9FD01
0001FAFC02FEFE03
FEFF00FBFEFB00FE
FFFD03FCFFFE04FF
FDFE03FC01FF03FD
FC00F8FC00FBFEFF
04FE01FBFE030102
FF0201FDFEFFF9FF
FE01FEFD00FEFBFF
FEFFFEFFFDFF00FC
02FEFFFDFCFE01FE
FEFFFE0203FF0201
040100FC0002FCFC
0201FE01FE020002
03020603FEFE0103
0200FFFF01FF0202
010001FD01FEFEFF
0400FD0300FD02FE
FD01FFFCFDFFFF03
040003FEFE03FB00
FD010202FC01FDFD
01FD09FCFE04FEFC
FD01FE0301000102
030208FFFC06FB01
FEFFFFFF0106FEFD
02FC050201050100
FBFD0103FF0300FC
FDFC07FCFC05FC02
FFFC0401FD04FDFC
FFFF0001FF05FEFF
FCFE01FBFF04FEFF
02FF04FDFB09FCFC
03FC07FEFE030001
FEFF07FEFC0400FE
030105FB01FF0101
000003FE0106FF03
02FC0600000200FD
FEFE0502FC06FEFE
0003FCFFFFFDFEFD
02FDF6FB00F5FEFC
FD03F5FDFFF60201
00FC000100FF0500
0000F90302FAFD00
00FCFA0101F203FE
FE02F3FF02F40100
00FEFEFD0101FF02
0200010200FE01FD
02FC01FBFD00FBFF
FD01FDFCFBFEFFFC
FCFFFE000201FCFC
FEFCFDFFFEFDFBFC
01FFFCFCFD04FBFF
FE020200FF0000FE
01FC03010204FF00
FD010303FCFFFEFE
FC0204FB0206FCFF
FDFFFF000404FD01
00FD09020105FE02
FC0102FE02FE0002
FFFE05020207FFFF
03FD07010109FAFF
010102FC04FFFCFE
01FD0300010201FE
FE0202FF020000FC
04FC03FB0107F903
02FD02FDFE03FFFF
FCFCFCFCFF01FEFC
00FD07FEFC0601FD
FDFC04FDFE010100
03FFFDFBFCFAFEFE
02FEFEFFFC040003
FBFD010202020000
03FC00FF00040100
0000FEFEFD010200
0001FEFB0100FAFF
FDFCF502FDF6FBFE
0002F8FCFDF301FD
FFFDF6FC01FDFDFF
0102FA00FCFAFDFC
FB03F902FFF4FB00
0100FD01FEF40101
FE01FB0200FCFBFE
FC02FF03FEFFFB00
00FE02FF0003FB01
03FFFEFFFE00F902
01FD04FF0203FDFD
02FF01FF01FEFD00
FC020902FD0AFEFE
030000FC0100FE02
FBFE04FDFC02FE01
FCFD02FF00FE0004
FD010501010500FF
FC0006FF01FFFC00
02010301FE030002
FDFFFD00FB0201FD
FCFFFFFC0004FEFF
030201FCFF03FB00
02FF0800FD0502FE
FFFBFF0103000302
FF00FF0103FAFC03
0100FB02FCFEFF00
00FE0202030401FD
03FDFCFEFF0100FF
FC02FFFCFFFF0001
0302FF01FC01FE03
03FF03FB00040101
00FDFEFD01FC04FE
FCFDFF02FFFD02FE
FF0203FDFE070203
FCFEF7FE03FFFF00
01FC0000FF04FDFF
FFFCF9FD02FB0103
0002FEFE03FE0101
FFFC000000FC0003
030404FF01FDFEFD
FE0101FBFB0305FE
FCFE0501FE01FD03
0100FF0200F800FC
FBFE02FF0102FD03
00FC03FFFC03FDFE
FEFF00FDFC01FD00
FEFB04FD04FAFFFF
00FB02FF02FDFE01
FC0104020204FC02
020304FFFD03FC02
FCFF030204FFFE02
000002FE01000203
0300FFFCFCF6FD01
0303000203FCFEFD
01FF07FE03FBFEFD
02FFFA02FDF9FFFD
0201F9FEFEFB0002
0300FB0201FD04FD
FE03FB02FD00FFFE
FF01FEFE02FF0101
02FD010300F801FD
FE02F8FF02F501FD
01FEFF04FEFDFEFF
03010300FCFDFF03
FEFCF903FCF102FD
FC01FCFEFFF7FE01
FEFFFEFE03FCFEFE
FFFCFA00FDFA0302
FBFDFA0204FA0000
01FFFEFC03FF01FC
01FEFE02FF0004FF
FC0001FCFF0803FF
FEFC01FCFC040000
FDFFFD020208FE00
02020402FC04FDFE
030103FD0205FAFE
FC0001FFFF09FCFF
FEFD0301000100FD
FFFE00FEFF030000
0402FD0303FCFA00
FF0003FD010CFC02
FE0204020009FE01
00FE0002FEF90102
0202F903FEFB05FC
FCFDFCFD02FC01FF
0202FC01FFFA00FE
FE00F7FF03F70101
0001FCFF020002FD
020003FCFD0900FD
01FE03FC04020002
00FDFD02FD04FF01
FEFE00FBFEFEFEFF
FF03FDFFFCFC01FE
02FCFF0200FBFDFD
FF04010203FF0502
FBFFFDFE01FDFDFF
FF00FBFD01F2FBFF
FBFEFEFC03F9FEFD
01FEFE0000FE04FD
0102000303F9FDFD
0201FBFBFFF705FC
00FDF9FE02F402FD
0000020301FE0103
FCFE0001FFFD03FD
01FF03FD03FF0302
000001FFFB05FD02
FC0201FCFDFBFBFD
0002FE0201FEFF00
01FE09FE0309FEFF
FEFF0900FE0B0200
03000103FFFA01FF
00020400FDFEF803
FCFE060101FF0303
03FD0000FCFE02FF
FF000100FFFFFFFB
01FE0201FCFD02FC
0301FB0203FBFCFF
FD03FBFEFFFC00FE
FFFD010001FCFEFF
00FC03FD01FC00FE
FDFF02FBFFFF00FF
FE0308FFFC00FB01
FFFD0502FB04FEFE
0302FFFEFEFCFEFF
FCFF01020200F901
040000FEFEFFFBFD
FF000201FF010200
02FCFAFCFCFEFE00
FE00030201000000
02000103FDFCFC01
FE02FFFE0001FEFC
0000FCFEFDFE0300
01FE0003FF020103
02FE00FF02FB00FF
FD000A02FF02FE04
00FBFCFD00FA01FC
0200FD0102FFFD02
03FDFCFD00F9FDFC
FF0301FFFFFFFF00
FD02FF0000FE01FE
FE00FCFF01FFFAFE
0100FBFEFC00FC01
FE01FBFE01F401FC
FC0006FF00030201
FDFDFF04FCFFFDFF
FE00040301FFFA01
01FD020203F8FAFD
01FC070303010003
01FD0101FE00FAFE
FFFC0200FE00FBFE
FE00FD0202FC02FD
00FE03FFFC0102FD
FCFD05FC01060104
FEFD08FCFC0CFA02
FE000201FC03FE04
FDFBFC0300FEFFFF
0101FEFF01FCFF03
FCFFFA0203FCFD01
FE01FFFDFEFFFFFC
0101FC0003FE05FC
FC00F50301F402FE
FF01F700FFF80103
FEFDF7FBFFFB0203
FDFEFFFF0300FCFE
0201FDFDFCF8FDFE
0203FC0002FC0103
0300070304FEFDFD
01FC010102FBFCFE
000207FF02030202
02FF0001FF0602FE
01FC07FFFC05FC00
FE0202FDFD05FCFC
03FC08FFFE0A0003
02FD0A00FE07FCFD
020307FFFE04F9FF
FFFC010004080402
00FC0C03000B0002
02FE05FB020600FF
01FE06FE020B0301
FDFE04FD000504FD
FD0304FF000601FE
FF020203FD0301FE
03FE05FD03090203
030003FF030001FD
FCFEFFFBFDFE04FF
FF02FE00000102FC
FD03FD03FC02FC02
020100FDFFFF0301
030102000202FEFC
FDFF0B00FE08FAFF
FF010504FFFEFD01
03FC0A02010AFEFC
FC030001FEFCFCFC
FE0006FF01FEFB00
01FF0402010202FF
030309FC020A0201
0201000300060103
FFFE0000FE040102
02030902FC080101
010104FC04030403
FD030900FE0801FF
FFFC0200000701FC
02FD0602010102FE
FBFDFF030201FB01
FD0104020203FC02
FC000701010401FF
02FD0401FCFFFBFF
040003FF000302FF
00FC0604FB040104
020307FFFC04FAFF
01FD02FE0105FD00
01FD060203010101
FD0307FC0205FFFE
0000FF00FEFEFD01
03FCFFFD0102FAFD
020300FC03050402
01FFFF010204FCFE
FF0201FEFC0805FE
FF01FDFF02FFFF01
04FCFDFDFD01FBFD
FF0003FFFE090002
000208FFFD0502FF
00FF0300FD0602FF
0001FB0201FFFDFE
00010AFD030EFC01
03FC0903FE0DFC01
FE0202000001F8FF
FE0200FFFE0102FF
FDFDFDFCFC00FBFD
FC01FB0200FFFF03
01FFFB0203F80002
FEFFFA0000FC01FF
03FFFD0003F6FFFF
00FC03FDFE07FD04
FC01FDFDFEFD01FB
FE00FF0001FC00FE
00FE04FBFC02FBFF
FCFB03FC03020200
FEFE020303FCFCFF
FFFDFCFD01FF0001
02FF02000004FEFF
00FD040202020103
03000202FF000101
FEFCFB00FD010303
FEFC0202020202FD
FF0000010203FE04
FD0106000203FF03
00FE00FEFDFF0000
0200FDFF0100FBFC
FC02FE0203FF02FF
FCFE010201050303
FCFD0103FEFD00FF
FE00FB01FFFCFCFC
03FEFEFFFFFAFDFD
FCFCFDFEFE02FEFF
0202FF02FEFAFDFF
00FBFFFEFEFBFEFE
FEFDFA03FDF301FE
FFFD01FF02FCFF02
FEFE00FD01FDFBFE
0201FEFEFEF8FE03
0103F2FF00F6FDFE
03FC05FCFF080001
020205FFFD02FD01
03FC0AFF010B02FF
FEFB06FBFD09FEFD
04FD0601FD08FD01
02010002FEFCFA03
00FDFDFFFCF700FF
0303FF01FEFFFE01
FEFFFFFB010103FF
00FD010103FCFEFF
00FFFB0001F6FBFF
0202F704FDF9FEFC
FBFC020004FDFBFE
01FEFEFD01FD0002
FE03F900FEF4FC03
0102FA0002F503FF
FD03FEFFFFFE0102
FCFD0103FDFDFEFF
000203FD02FFFE02
FD0103FEFF02FFFF
FBFF0003FCFAFC00
040001FF01FBFCFC
0102FEFCFCFCFFFF
FE0101FEFD030100
00FF02FE00FFF801
02FC0903FE00FAFB
FC0203FD03FF0300
FFFC0402FDFF0002
03030402FE010102
03030D01020302FF
FD0306FDFF01FF01
FDFF06010002FB00
03FC01FCFD03FE02
02FEFDFE02FE04FD
FFFDFAFFFF0201FF
FC02FF01FDFEF900
00FC01FDFDFF0000
03FF04FD02FDFC02
FD03FBFCFEFFFDFC
FB030203FF02FFFD
01FF020201FD05FC
FE0402FE01FCFEFF
FCFDFEFCFEF9FCFF
FC000502FC030200
0200FDFE03FFFD00
040203FEFE0404FD
FD02FEFEFF0304FC
FCFE01FB04F9FC00
FE0300FEFFFD0203
FD0000FCFD030001
FD0001FFFFFE00FC
04FDFFFDFEFBFAFF
040100000201FD03
FDFF0101010200FE
03FDFFFBFF02FDFF
03FD09FBFC04FCFF
FDFDFAFEFF010002
03FF0103FBFCF8FF
01FCFDFF0101FB00
02FC0301FE0103FF
FC02FF0103F8FFFF
0200010101020001
FD010100FD05FEFE
FCFE03FC0001FDFE
03FF01FD000101FE
FDFD07FF0207FDFE
01FF08010105FEFE
000204040205F901
020205010102FCFE
FEFE0600FFFCFC02
FEFC04FE0205FEFC
030204FE0304FB03
FEFD02FE00FE03FE
010200FCFF0102FF
FCFE06FD00090203
02FD0403FF06FDFE
FE000401FE0203FF
FDFF0302FC03FEFF
03FD0702FF0502FF
01FC03FE0204FCFC
00020801FD0303FE
01FD00FC0002FF02
FEFC0502FF04FB02
FC010803000BFA02
01010403010503FC
FEFFFDFF010102FC
010203FDFCFEFFFC
00FF0403FF02FD01
01FCFD01FDFCFDFC
0302FB0202FCFF02
FB00FDFE03FD00FD
0202FA03FCF9FBFE
FF0100FEFEFA00FD
FDFEFB01FEFDFFFD
02FFFF03FEF803FF
03000400FDFEFC02
FE0005FE02FFFD00
FEFC0503FE020400
0003FF02FD020301
FE02FE04FE0202FD
00FDFF040006FF02
00FD0000FEFF01FF
01FFFD03FFFFFB02
FC00FEFC01FFFC01
02030201FF070302
01FCFF0000FC0003
FD00FEFF00FC0003
FD00FBFD00FBFDFF
FEFEF90202FAFFFC
0102FF01FDFE0401
02FFFAFB03F7FF01
FFFDFA01FEF8FF03
0200FF00FFFEFE02
00FF00FF0200FFFF
FB0308FF000900FD
FE0009FFFE07FFFC
00FEFEFC00010000
01FC00FEFE020002
FB0203FD01FFFDFE
FF0303FE0001FBFD
FE0204FF0000FCFC
FEFD010100FF0102
01010102FFFDFF02
FCFFFDFFFFFAFEFE
00FD01FF02FBFEFE
0203FB0001FAFD02
0200FBFC02FB02FC
FD01F9FFFEFA00FE
FFFDFFFCFFFD0200
03FC00FE01FF0102
000001FEFCFFFB00
01FB040103FF02FD
03FE03FD020302FE
FDFDFB0201F9FE03
FEFF02FEFE02FDFD
FD00FB020000FF01
FEFC02FDFEFF03FF
FFFC01FE01FBFFFD
FEFDFDFE010101FC
FE01FCFCFDFBFCFE
FEFD0100FD00FD03
FF02FC000101FB00
FDFC0202FE060300
03FDFE00FDFEFFFE
01FD04FFFD01FD03
FEFE06FEFD06FF00
FC01040200050002
02FF02FBFF0700FE
FDFE01FB0004FEFB
01030203FB08FDFE
FD01FBFEFEFDFDFC
02000201FF03FB03
02FF0000FBFE00FD
FF0304FC02FE01FE
FBFC01FD020601FD
02FDFFFE030200FE
0401FCFDFCFB01FF
02FC0102FC010203
02FE00FC00FDFDFF
00FFF8FFFEFDFFFC
00FCFA0001FCFDFF
FFFCFFFBFFFBF9FC
01020AFF01010103
00FB07FE01060000
020101FE00FCFEFF
0003FB00FC010100
01FC06FF0304FC01
010004FBFEFFFDFE
FF0102FE0302FD02
FE02FB0103FDFFFF
0201F50304F9FCFF
FEFFFF02FCF700FD
FEFDFA0003FC00FF
0001FCFDFEF904FF
0303F8FDFEF6FD03
0201FEFC01F40102
FF03FA00FCF8FD00
FEFD0002020302FC
00000501FF0000FF
0201FE02FFFFFDFD
FC020001FCFFFF02
FF020700030800FE
010304FE020700FE
030209FCFE090102
0202FD010003FCFC
00020E00000C02FE
FCFF0AFC010C00FD
FC010BFDFE0DFF03
FD0302FFFE030201
FF010500FC04FAFF
FFFC02FF03030200
03FC0402FB0600FE
FFFF07FD0009FA03
01FC08FC01020102
FE0008FFFD07FD01
0100FFFDFEFC02FE
FEFE0001FFFD0102
FE030702FFFFFD01
FCFE030102FCFDFE
FEFD0802FD05FFFF
02FEFE0003FD01FE
010000FD00000102
FFFD03FE03FF0303
FFFD00FD00FBFFFD
FF00FFFCFEFDFE00
FF000D00FE0804FE
FD02FE00FC01FD04
0102FD01FDF800FC
02FE00FFFC02FC00
00010302FD01FD00
01FD0800FD030201
FE020C02FD0603FE
FEFEFD00FDFFFF01
03FD0302FF02FBFE
030007FB000600FD
01030800000601FD
FE000200FE01FDFE
030206FCFCFFFB00
FC0202FF00FFFEFD
FDFCFEFDFFFDFF01
FCFC05FF03050101
FBFBFCFDFEFAFFFD
FBFEFA03FFF904FE
FEFCFCFEFCFA03FF
FBFDFEFF00FD02FE
0101FAFE02FEFE00
FF02FFFDFFF9FF02
FC01FBFC02FA03FC
FEFDFE0303FE01FF
000000030303FFFC
03FF06040109FEFE
FCFF0600FD09FB03
FCFCFE0300FC00FF
FF0302020007FDFE
03FE07FF0109FCFC
FF010AFBFF0EFD00
FFFCFBFC0202FD02
FD01FEFF000000FF
FE000103FD00FEFC
010002FDFB00FA03
02FB03FE00030203
01FE05FD0408FF03
02010A01FC05FD00
FCFC0BFD030B0100
02FF0504FE05FD01
FF030203FE0101FE
FF000801FE09FF03
01000C01040C0100
00FC05FF0101FFFF
FDFC05FFFC0303FD
00FD04020203FF02
FEFE08FD000EFFFF
FE040200FCFE02FF
FF0103FD020503FC
FFFE00FC00FFFFFE
FEFDFF02000201FB
FD00030200FE0302
00FE04FF03FFFDFD
00FB02FE010202FC
02FE0700FD05FBFD
FCFF07020407FEFF
FFFEFFFD03FCFFFC
0201FFFD0304FCFF
00FC00020105FF02
00FC05FF020400FE
FF01FFFC01010201
FFFF07FC0008FD01
FCFD0700FE070100
02FF010302FF0001
01FDFEFC01FE02FC
FC0004FF02060202
FEFF0703FC040003
FD0408FD0009FD01
FC01FC03FEFBFCFC
FF01FBFF03FB0301
0301FEFF02F9FDFD
FF00000101FD02FD
FC02FE040005FD03
FD0410FCFC13FB02
FE010702FF09FBFE
FF0004FC0205FCFC
FDFE0600FE0B0100
00FF08FF0011FD02
FE021302041303FC
FBFC0A01FD05FE02
FC000002FD02FAFE
FDFEFFFEFE000301
FEFB0102FD040300
FDFE03FEFC050003
02FF0003030101FF
FEFC0700FD0505FE
FE01FFFF0205FFFF
FDFFFB00FFFE00FD
0302F90302FF0001
03FFF8FFFCFAFD03
0003F8FDFCFE03FF
00FEFDFFFDFE02FF
FDFDFDFC03F8FE03
0301FCFF03FA0102
FF00FAFF00FBFE02
00FEFD01FCFBFF01
020201FE00FCFEFC
FB00F900FFF902FF
FDFEFEFEFFF5FEFD
FFFFFDFC02F803FD
03FFFE0100FCFEFC
FDFFFEFEFFFEFA00
0001000201FFFB02
000302FBFEFEFCFE
FC01FDFD000001FD
04FD05FB00FEFA02
FFFCFEFDFD01FFFC
01FBFFFF02FCFAFD
03FC07FEFB06FAFE
00FC0BFEFC09F901
FD010CFF000FFE03
FCFC06FD0108FE03
FBFD0504FE060202
030109FC0212FB00
02020C02FF09FC01
FC0109FF03070001
FB02F701FCF30101
04FFFB0000FC0001
050003FEFEFBFCFF
00FDFBFDFFF40202
00FCF9FDFFFAFCFF
00FC04FFFD0101FC
00FCFE02FDFCFDFE
FCFDFB01FCFCFFFF
FCFDFB02FBFD0100
0100030301040000
0002FDFD02FD00FF
0201F9FDFFFB0201
FEFFF8FEFCF9FF02
FCFE00FB0203FBFD
FDFCF9FDFEFD0402
0101FE0101FDFDFE
FD02FBFC00F90001
01FCF9FDFBFEFFFE
03FFFD0202FFFFFC
01020001FBFC0002
FCFD01FEFF02FE00
020006FDFD03FA01
040204FBFFFEF901
020203FCFF060200
FDFD02FF02FE01FD
FDFE02FBFB07FFFE
020007FD0001FCFD
FCFF020101FBFD03
FCFEFFFDFEFCF901
00FE02000000FDFE
010005020005FD01
FE0306FF040500FD
FEFC02FCFE0701FF
02FD0702000B00FD
03FE0401FF08FFFC
FE000502FF070102
02010201FF09FD03
FE0001FCFF00FAFD
FFFF06030203FF02
00FD03000300FDFF
00FD000103010303
FFFC00FD010201FD
FEFB0102FDFFFEFF
FDFCFB01FEFFFFFF
FEFCFEFFFFFA02FD
FFFCF3FE03FCFD03
FD00FCFCFBF70302
0101F9FCFFFC02FD
0201020301FE04FD
FF020801FE06FC00
FC020602FF09FB01
FF00FB02FFFDFAFC
FDFF00020204FEFC
01FE0C02030DFFFF
FDFD0BFBFC0D02FD
030205FEFC00FEFC
00FD0702FF07FEFF
FDFF04FBFD040300
FDFC04FD0208FCFD
00FF06FE0102FDFC
FCFEFE01FC02FFFD
FB000601FF00FEFE
FFFCFEFDFF01FBFF
FEFE010203020102
FEFC01FF00FFFEFD
FCFCFD03FD0101FE
000100FE0103FD00
03FF03020301FBFD
FE00FD01FE00FEFE
FCFDF9FC03FEFF01
FC02F60103FDFCFF
FC00FFFD04FAFF02
FCFDFB00FEFF0104
0300FA0202FE0100
FFFEF9FFFEFB0103
02FCFEFEFE02FCFD
FB01000200020502
FE00FEFDFE02FF01
0000FE000202FF03
0100FAFD01FCFE00
FD01FF00FFFB00FF
FCFE06FFFD0101FD
040009FEFC0402FD
04FDF9FCFBFAFEFF
FE03FF03FD0200FD
02FE0BFFFC07F903
FEFE04FCFD09FDFC
03FFFC000200FE00
FEFE06FF02050202
FFFCFAFFFCFE00FC
FFFC0603FD03FDFE
FFFCF80201FAFF03
FD02FF0201FCFFFC
02FEF900FEFDFDFD
FEFCFBFE00FAFE00
01FB000204F8FEFE
FE00FEFB00FB04FC
01FDFBFBFCF6FC02
FE02FCFE02F9FDFD
FFFCF9FB03FCFF00
FF020001FFFEFCFD
FEFF05010204F901
02FE00010201FD01
FEFD0AFCFE090102
FD0203FD030202FF
01010B00FE0BFF00
FF020CFE030BFEFE
FE0100010100FFFB
00FC00FD0104FE01
00FD08FBFF0600FD
FEFF04FDFD08FF03
00FF01FFFC0301FD
02FC0201FC01FCFD
020002FE0100FD03
FE00FDFDFDFBFAFE
020306FCFD06FFFD
01FBFF0101FF0001
00FE0300FE01FAFC
FE03FF02010201FF
FFFE00FB000000FC
FFFC000201030001
02FE06010208FFFE
FB03FF000204FE02
03020301FCFEF9FE
FDFC03FD01020400
FFFD0200020000FE
FFFE08FBFE05FFFC
02020000FDFDFE00
0101FF02FC0102FD
FE020201FD02FDFF
FE02FFFF0204FDFF
FF01FD0002FCFDFD
03FB04FD030502FF
03FE04FDFD06FBFC
FE000300FF04FBFD
FEFD01FEFEFB0100
FF0005FEFD02FC03
FF0307FD0006FF02
FC0000FCFE0101FF
FC0103FE010401FF
01020300FD02FBFD
020000FC030001FE
FF02FD03FE02FEFE
FEFF02FC0000FF02
FB01FA03FDFC0101
FDFEFF0101FD0100
030205FE00040200
00FDFFFFFEFEFDFD
FB0102FD0100FE00
FFFDF9FE00FBFF00
0001F901FBF6FD01
FCFD020200FF0103
FFFFFF01FCFFFB01
0002F9FFFDF901FD
FDFD0102FFFE0101
FD00FD04FF0001FF
FDFDFCFD02F803FD
03FFFBFDFFFD0202
03FCFF03FEF4FDFE
03FFFEFEFEFEFEFC
FDFDFFFEFFFD0101
030003FBFCFDFF00
0201030201FA04FE
FE01FDFFFEFCFCFD
FDFF0205FCFF02FC
020001FCFF0401FC
FF010200030002FE
00FCFF01FFFC0103
010209FCFE0B0103
02FC07FC0108FF02
010006FCFD0A02FD
FDFC04FE000902FE
FF0010000112FD03
FF0105FE020BFDFE
02020BFCFF07FF00
FEFF08FDFE0D0200
FCFFFFFFFBFFFFFF
04000000F8FFFFFF
F9FFFFFFFBFFFFFF
0000000001000000
00FD03FDFE020AFE
0900FB05FFFD05FE
0C00FD03FCFC0801
0203FC01FE0305FF
030100FF0101FFFE
05000804010606FC
00FF0503FC0302FE
FCFE03FA0202FEFF
FE0203FB02050205
00FF0000FB0AF9FF
010102FC0404F8FD
03FF03FBFE02FEFE
0801FC03FF00FCFE
FD020500FE000001
050005FF0002FF02
05010005FE02FB00
FCFFFEFC01F8FAFB
090201FF01F60001
01FFFD00FDFD03FC
03FDFDF9FC060101
08FCFD030202FA02
F9FD00FCFFFDFCFF
03FF03FC03FA03FD
FBFF05FD00FCFAFB
02FCFD02FCFCFEFA
0600F9FAFD01F7FC
FFFC010201FFFDFE
FDFE0001FD02FF03
0101FF01FDFAFC01
0203FEFB01FEFB02
03030004FFFFFCFC
FBFCFCFD03FDFEFF
F803FEF6FD0102FF
FD0101FC020303FF
000201FD02000700
FCFF02FF010004FD
F70100FE0102FFFE
0102FEFBFD030300
FD0100FD03070B01
FA0000FFFEFF0102
FAFDFF01FD08FEFF
FB0304F902080700
00FFFEFAFF0203FF
00FB030103FD05FF
F6010101FF070100
FC0302F9FC050AFF
01010100FD0009FF
FB00020004010200
FC0202FAFFFCFAFD
03FF00FFFCFCFA03
00FDFDFCFEFBFD00
FF02010003040501
FE02FD0103FEED02
FF0100FAFEFEF6FE
F902F8FE00FDF503
FAFC00FC0003FBFE
0001000401FDFC03
00FD00FDFB02F302
020300030100ECFD
FB0408FEFFFE05FC
0200FD040100FEFD
02FFFE03FCFFF1FC
0703FF0303F8EE03
FE0108FDFCFCFD01
00010A0200000A03
F7FEFD00FE0904FE
FEFF0603FE0008FE
FBFF07FFFE0509FF
00FEFB0200F80303
0502FAFE04F503FC
000004FCFEF904FD
0002FF0003FB06FC
02FEF4FA02FC0100
0704FF0201F703FF
07FCFCFF03F502FC
FE02FD0202F804FC
FBFE00FD02010802
FC01FBFD02F50200
FEFDF4FEFCF4FFFD
FFFFFDFB0000FFFC
0301FF010001FD01
FF010103FD0003FC
FBFDFEF900FE05FC
FDFE06FA010009FD
030303FCFD00F502
FCFD00FFFCFEFEFE
0203FCFFFD000701
0003F80200FE0301
0200F9FF01F8FAFC
010003FDFDFE03FF
06FEFB0504FFFDFE
00FE02FC02FA02FC
06FC0501FFFAFA02
0801FE00FDF5F800
05FDFC00FDF10003
02FC0403FFFC07FE
F9FE05FD010207FC
09FC0308FEF70702
0AFCFA0503F809FF
FDFE040202030901
FBFC04FF000505FC
01000704FD050AFE
07000206FE010100
FD0000F9FC0300FC
FA02FFFEFD0504FD
FBFB02010207FFFF
FD0103FE0001F8FD
FDFE04020104FDFD
FDFE0600FEFF01FC
02FCFD02FD090001
000109FFFF0300FC
FB00FEFFFE0303FC
FAFE0AFF020E0704
0304020203060AFF
04FE05FF05040C01
00FF0BFBFF0C0A04
020302FDFB010302
FF03FB0004070602
020001FFFD0506FD
05FF02FEFD050102
FF030602FE0801FD
0401F9FAFF0B0401
04FE01FE0308FCFF
FE010002FEFFFB02
030100FF010402FC
0401FE080002FAFD
030206FC0303F8FE
04FC0501FB01FE00
F9FE040001010504
F8FD03FDFF0609FD
F70303FB000206FF
F9FF0500FBFF02FE
00030001FC07F5FC
01FE0004FCFFFAFF
03FC00FF00FCFF04
FD01000200010101
FDFDFEFD04FDF4FC
02FCF901FFFAF8FF
03FF010200FEF2FF
FF03FEFEFCFFF600
FBFC08FF02000502
FB0201FFFCFE03FF
FE0007FC02050502
FCFFFF0200050304
FEFD04FE00000702
FC03F9FCFBFE02FF
F80003F6FE0409FE
FD0200F9FC00FEFE
03FD0201FFFAF101
FC03FFFAFCF9FDFD
FF000100FCFFFFFD
0203FCFFFFFFFFFD
03FEFF0501F3F703
FC00FB04FDFDFD01
02FD030102F5F2FF
FEFEFCFB03F9F9FE
040301FF03FAFCFC
0100FE0502FDF3FE
FEFDFEFF01F6F601
FB00FF01FEFC0100
040306F9FF0400FB
07FDFB02FC010602
0802FF0504FF0703
0302FE04FF030000
0403050100050AFD
FF03FDFEFEFE02FE
FDFC02FBFE030503
0400FCFA01000A00
01010504000704FF
06FD01FDFF0802FC
FF01FBFDFD03FF03
030000FFFFFC01FD
0C02FE04FCFD0300
04FF06FFFEFDFF01
02FEFE020001FFFC
0A01FD030402FB00
FAFF03FDFF0200FC
FBFFFF020301FEFE
F700FEFEFD0405FC
F603F8F80104FFFC
FB0102FD000302FE
FE0204FF00070102
F8FCFDFC010600FD
FF02FFFBFC02FA00
FCFB0800FD06F900
FD030002FD07FBFD
03FBFDFFFCFEFD03
00FE02010103FA01
FB02FEFEFC0405FD
01FB0901000803FF
FEFD0203FE05FBFD
F902FFFD0200FDFD
FCFF00F80302FA02
06FEFE0502F705FF
03FD02FE02F70301
FFFE02FFFE040602
01FE020101FEF804
04FE01FE0501FA00
020206F8020001FF
0501FB0102FFF5FD
01FFFF0200FC0503
04FE0300FD00F7FE
0703FDFEFC00FEFF
FC02FF0204FFF702
08FDFD02FDFBFEFE
0101010100FDFF00
04010204030000FC
FCFC0502FEFDFD03
FC0002FDFF020502
00FFFCFC04FA0100
0A03FD05FFFE0102
00FD000000FB0200
000200FEFE01FC01
0100FBFB02FDF4FD
FEFDFFFBFDFCF9FF
0100F8040300FA03
FBFFFDFEFE040200
FE03FB0402F8F4FC
0501FEF9FD00FC00
00FEFD04FD01FE00
00FB06FD0200FF02
01010108FEFFFBFB
09FF0404FFF9FCFE
03FDFB0001FBF6FD
FD01FBFD00FC0101
0801FB05FEFFFA00
0702F9FFFEFCFFFF
03FFFDFAFDFE0102
01FDFA0000FFFEFD
FFFD02FD02070502
FB02FF00000800FE
03FCFCFAFCFBFBFE
02FD00FE0107FE01
F6FC00F7FE0708FF
F5FE00F8FE050900
F9FFFDFC0402FC00
01FEFCFB00000601
02FE09030102FF01
0401030302FE04FC
FEFF04FBFDFF0201
FEFE020003FF0604
FF01FE00FF020201
0500020003FA08FC
01FC03FE020000FF
030003FAFC01FFFF
0501FD02FEFFF8FB
01FFFBFBFD000300
01FC0007FEFCF6FE
FBFCFEFC00FFF9FF
04FEFF030000F5FC
08FEFE01FFFE00FE
03000200FCFDF702
FE04FBFDFCFCFA02
05FD010203FFFF02
0304020601F7FE01
01FEFE01FEFBFBFE
FE0201F901040900
0CFEFD0AFF0006FF
0CFEFC0202F807FC
FEFC050001090C03
FEFFFDFDFD01FF00
000006080107FAFE
02FCFF02FE00FC03
FE01FFFDFCFEFDFE
FA0302FAFB0304FF
F8FD01FF02030003
F70102FCFE04FD04
FD030000020A02FD
FDFC05FEFC090000
01000100FB0801FE
02000201FD040403
FFFE03050201FF01
03FEFEFFFF030901
0101FEFCFE0004FE
0AFF0108FFFF0400
FFFCFCFCFFFDFEFD
010206FDFB000001
FFFEF7FEFCFEF600
01FD0201FFFBF900
0901FD03FF00FBFE
FD0304FEFF0505FD
000300020300FDFB
03010203FDFB02FB
06FFF704FCF8FB02
00FF04FB03FFFE03
0701FF05FE02FBFD
03FCFDFEFCFD00FE
03FFFB0100FBFAFD
FCFD05F9FCFF0501
F2FDFE0000000501
F8FC05FDFE060402
FB02FF0003050400
F902FD0002060202
FA00050101010103
F500020102030201
FDFEFD0004040200
FCFCFF000203F805
FAFDFF0003FFFDFC
FCFFF8FD00FB0200
FC0007F700030300
F7FE06FDFCFF0603
FBFD08FD010101FE
F9000001000206FE
F7FF00FB02030E02
05FFFDFEFC0509FE
0800060004FD0A04
0AFE010301FF0BFD
03FB070303FF0701
040300FDFD0104FD
04FD00FE01FD09FC
06FDFBFCFFFF05FC
01FFFEFEFFFD00FC
03FD0100FCFF07FC
0A01F80300000303
0501FF0002FBFDFE
010001FE02FDF901
09030304020103FD
0702FDFCFF0202FD
07FE01FD02FBFEFC
0702030102FCFDFC
FCFE02FD01050802
01010701FF090B02
FE0002FAFF0208FD
FD0300F7FE040400
FE000300FC0202FE
01FF03FBFD0600FD
FE02FAF9FD03FEFD
0303FFFD00FEFD02
030000040002FEFE
0103FAF9FE08FF01
010206FB000600FF
000207FF020400FE
04FE010101060303
02FE00FCFD0501FC
05FCFFFD0000FEFE
00010900FDFE05FC
F7FF02F80301FFFF
F903FBF8FD020201
F90002F70204FD01
F8FF01FCFF02FAFD
FF01FBFBFC05F201
FC0202040304F7FE
F9FF01010200F804
FDFD04FB0300FE03
00FD06000001F3FE
FFFE0002FEFEF801
FD00FF0100FFF0FC
FA01FEF6FCFDFEFF
FF02FFFE01FFFCFD
F8FC01040002FAFC
FC010200FC03FFFE
F9FF03FD00FD0002
01FFFEF9FF0407FD
020004020406FA03
0202FA0402FFFFFF
00FCFEF8FD05FFFD
0101FEFA0100FDFC
FEFEFCFBFF090500
FC0305FB03050303
FFFC06FFFD03FEFE
FF02FFFEFC05FFFF
FEFFFDFB010400FF
FD0200FC01080202
FF0104030105FAFD
FFFC01FBFC0503FC
02000803040304FD
05FF04FFFF03FF01
00FC05FFFF0103FD
FFFCFA00FE050600
0700FE04FF000400
0401FF07FCFB0900
FD0300FBFF0406FE
FFFDFF00FE030CFD
0603FE0800FBFE04
0CFEFD0503F90200
01FDFB02FF020100
0602FEF9010703FE
0203FBFAFE030000
0201FE060102FAFC
FD01FE01FE080B02
070202FEFFFE03FC
01FF03FA0000FEFD
05010803000404FD
05FF0102FDFD06FD
FDFD03FAFE030002
FFFFFE00FDFB0604
0600FCFF05FC0502
05000002FCFDFC04
00FD02030200F9FC
FAFDF9FB0400FAFC
FEFC03F803FBF802
07FF0005FFFD0102
FEFCFC02FC03FDFD
FE030201FD010101
0104F900FDFEFFFE
0204FC0302FBF801
FB02FE0200FD01FF
FFFE000301FE0802
0404FC01FCFD0402
09FEFB08FEFCFD01
05FEFEFFFFFB0001
08030203000101FF
05FE010101000703
0804FE0502FE01FC
06FEFFFD0301FC03
FCFDFC02FDFEF901
FCFDFAFAFFFDFFFE
0302FFFE0000FC01
03FD01F9FDFDF7FB
FF00FEFDFDFEF800
FDFE06FBFD07F902
01FEFBF9FEFAF3FC
00FFFCFDFEF9FCFE
0002FD030301FCFC
02020805FDFCF804
FFFEFFFFFEFD0000
010000F8FCFFFA01
08FDFBFE0200F3FD
04FFF903FCF7F6FB
09FEFEF904FCFEFF
FFFDFFFAFD02FF02
FCFD03040303FAFF
FF02FAFE0405F403
FF00FF00FF02F9FC
FF00FF01FCFF02FF
F801FDFE0205F701
F703FAF90206F6FE
FA03FEFC0203FAFF
FD020005FD010002
FE03FF010209F803
FDFCFEFF00050B02
000002FCFDF6F9FD
FC0101F7FF020402
0A02FFFCFFFAFF03
04FDFB01FFF6FBFF
020000FE01FB04FF
FF010200FEFFFE00
01FEFF0101FBF900
03000000FDFF00FF
0704FBFC01FEFA00
0200F9FEFCFB01FE
040200FE02FEFE02
04FFF9FE02FCFDFF
02FEFC0101FEFAFE
000204FDFDFBFAFF
FF02FE05FFFE00FE
07FEFC00FDFAFF00
05FE00FB04020201
FC00FAFCFF0106FD
0503FEFCFDFE03FD
0200FE03FEFE0502
010202FBFC0502FD
080003FA00010800
0402FA0604010C00
02FE0305FDFB02FF
0AFCFFFE02000800
0E00FBFE00FE0A00
02020001010102FE
04010208FDFB0500
02FE0300FF0007FC
020201FCFFFA03FE
FF0103FD00020203
FAFF00FB04030101
FF02030000030002
FEFF04FBFFFEFAFE
040302FDFEFEF9FC
06FEFD03FFFCFDFF
0502FFFB02FDFA02
04FE01F7FEFA0001
FF00FBF90301FD01
FEFCFFF9FEFC03FF
04FEFD0203FD00FD
050002FEFFFAFC02
04FBF6FC02FDFAFF
FBFDFEFE00F9F902
FF03FCFE00F9F105
0601FC00FDF7F901
0202FF04FEFDF6FC
0203FD0101FF0004
FFFD0000FCFCFCFB
FAFCFE01FCFA0501
FA03FEF6030005FE
FC00FFFFFC010800
FCFF02FDFE000201
FEFFFDFBFE02FA01
02FD03060302FCFB
FAFEFDFFFD02FD02
05FFFA01FD00F5FF
F7FC05FCFF05FD01
0603FA0A02F3F6FA
0203FC0700FAF2FD
FDFFFFFC0403F002
F9FD05FA00FF0AFF
0105010503F9FF01
F9FC04FD03FE0000
F90003FC02010102
FF0004F902040502
FDFC04FCFD0109FE
09FCFF04FBFB0AFD
010203FAFD01FBFF
00FD0502020300FB
FC0300FA03FAFEFE
FF0104FCFEFA02FF
FF02FBFDFDFF0004
000003F903FF0402
0401FE0101FEFD03
06FF03FD00FE0701
04FC000300F4F5FC
FCFF03FB00FFFEFC
05030603020300FE
0100FCFF01F6FF02
0100F70004F9FD03
FBFFFDFD01000403
F9FFFEFC000604FD
FA0200FA02FF02FE
FA01FFF8FD05FE00
FB0205FA01030400
0100FEFFFE0505FF
FA01FBFE010302FF
FE020300FD04FBFF
FA02FC0002040300
FE010202FFFD0BFE
FEFC07FC03080CFD
00FE0302030301FF
FDFD0200FC0407FF
FEFDFC00FC090CFC
FBFB06FBFE050BFF
FC00FE04FFFBFE02
FFFC00FF0005FEFE
03FFFD010300F6FD
0503FE0603F9FAFF
040102FE02FFF6FF
FCFD03FE04FFFEFC
FAFFFFFC03020201
01FC0100FF04FAFC
0201F7FB03FDF8FF
FFFEFDF80006FEFE
FC0104F8010301FF
FBFB040003050501
0200FFFFFF02FF00
000100FDFD0209FF
020403000004FE01
00FF0701FC060001
01000500020503FD
0803FF02FFFD04FF
070001FEFDFF08FF
08FF000400FF0203
05FF06FDFDFB03FB
090204FCFD0301FE
FD0204FCFCFE08FF
03FD00FD02FF01FF
0400030301FFFF03
0B00FD00FCF804FD
0404FEFFFFFC0203
FD02FB0000FE07FF
06FFF7FBFEF9FC04
0DFFFF0702F407FC
0400FC03FEF7F900
0A03FDFE01FDFC01
01020207FFFEFFFC
040301FBFCFCF903
0500000102FAF302
0003FAFD0401F9FC
000205F6FE030601
060201FDFCFEF600
0103FEFC00FDF704
FBFCF9FFFC00FA01
FEFCFDFEFD02FF00
0501FC0001FFF8FD
03FFFE01FF05F402
FEFB0002FD01F100
FDFD03FFFBFF0100
FDFEFF00FCFEFD03
05FD0404FD03FB03
01FC01010003FC02
FB0103FBFF0403FF
0502FFFC00FEFE00
07FFFD08FFF6F7FE
06040401FFFD0002
050200FCFE04FDFE
05FC0006FC03F402
FD010100FEFBF7FC
0102FDFF00FAFAFE
0101FDFC00FEFF01
02FDFFFD01FDFEFC
0400FC000202F7FE
FC01FD03FE03F503
00FD05FB02010402
08FEFB0602FF0603
0501FD02FEFCFEFE
0502FF0603FF03FC
01FE02FBFBFC02FE
08FEFBFA01FBFEFC
070002FFFEFDFE00
FE0100FC02FFFE01
01FEFCFEFDFF0201
0602FFFCFB02F9FF
FEFEFF0000FFF901
03FDFD0103FDFEFF
0403FA00FE0201FF
FF03FDF80202FB01
03FDFCFD02FFF404
FCFEFDFF0002F001
FF01FEFD0301F900
0501FE020200FD03
06FE0300FDFEF7FF
0401FD0603FFFEFD
0300070302FAF802
0401FEFA010201FF
0302FDF90100F9FF
0300FB0101FFFA02
04FC02F9FEFD0102
FEFBFFFFFE05FB01
FEFDFEFF01FFFFFE
00FB0202FD00F7FD
03FCFC01FDFFFEFE
01FD02FCFF02FC01
F8FB03FD0206FD02
F5FEFEFE02FFF3FE
010202FD0102FBFF
FF0300FA0102FB00
03FE070502FFF704
0004FF07FFFAF800
0503FC01010000FD
00FC00FA00010200
F5FE00F80101FE01
FA00FDF7FDFCFE02
FC0100FC01FF01FC
00FFFDFAFE03F9FF
FA03FAFE02050100
F702FE010200FFFC
FEFDFB020200FFFF
FA0008FAFE040001
F9FD020101FF0100
F50100FB00FE00FF
FA01FFFD0302FF02
F8FD0002FF010B05
F60004FE020505FB
F40006FFFF0509FD
FB0106FA01010500
0200020002030F03
0C03FF03FEF600FD
0B04FE0501FD06FE
FD0306FEFE0603FC
FFFC04FD03FD08FF
0401FF0400FF06FE
07FFFD03FEFF08FC
FF00FAFE00FE02FB
FCFEFCFF01030402
05FDFBFF0102FDFC
FD020401FB09FE04
FFFB00FEFF02FCFC
03FC05FDFF020200
04020606FF040600
00FD04FCFD08FF04
00FC0100FDFEFC02
050302FEFE01FA02
FE01FFFC030603FF
06FCFDFFFD010202
010000FB01FEFF01
020000FEFEFEFC02
FDFD02FE00FEFB02
FB0202FEFC050102
040004FE01FDF7FE
04FEFC01FEFEFDFE
02FF02030302F5FE
030302F60004FCFC
00FE0400FF00F303
FF0006000300F903
02FFFF080001F300
02030602FCFDFA02
07FEFA0202FDFE01
FB02FB02FC000004
F4FF010000FBFFFE
FB0303FF01FC0301
F8FF02FF000505FD
FE010100FF020000
F60000FEFFFF0104
F80204000004FF03
FB0100FBFF0505FC
FA0204FE02FFFB00
F7FC030102FD00FD
F7FEFF02FD0403FD
F803FFF9010401FC
F9FD0702FF040301
F90006FF00FD0902
F7FD00FEFE060702
F80304FC020405FC
F9FD04FBFC010CFD
0701FA05FEF60B01
0A03FF0500F60B00
FCFCFFFF01060B00
FC030201030304FE
0703FD0900030103
0201FD0601FE0502
FDFD00FDFFFE0303
FA03FDFBFD0A0602
FCFD01FC0109FB02
FE0205FFFD07FD00
FBFCFCFCFC0302FE
FCFEFF01020800FD
01FF0502000BFCFE
030201FF00060201
FEFE02000308FDFD
FB0202FDFEFC03FC
03FCFE0300F90403
000203FE010205FE
FCFD04FEFE040A00
07FEFE0102FCF3FE
FD0000FF03FDFA02
0101FDFF00F5F502
FF020002020006FC
0600FD0402F8F4FF
01FF01FF00FDFA01
0800F8FD00F5F6FF
FF0103FDFDFC02FD
0202000300FBF8FE
0801FD00FFFEF504
0603FF0400F9F702
000001FFFC01FDFC
0804FBFDFDFAF901
0AFEFE08FDF6F501
09000300FD010201
04FB03FE0002FEFD
05FD01000003F6FD
0300FE070001F7FF
FDFDFD0701FBF802
FCFD00FB0002FD01
01FF010502040000
010300FDFD03F903
FE01FE050207F6FF
000002FCFFFD04FF
0904F806FEFCFA03
05FF00000306FA00
03FE05020004FBFD
FDFF02FE010004FD
01FEFE00FD0008FE
0803F70502F90800
0AFFFA0202FB0900
000101FDFC070400
FEFEFBFF02000200
0A00F50404FE02FF
0700F90301FB0300
0300F9FBFD0107FD
02FFFD00FDFF0500
03FEFC02010505FD
0601FB010302F702
01FF010005020102
000101FF000601FB
FD02FE00FB040702
070104FFFC010401
FF00000500FF0403
FCFE0101FE03FE00
F8FFFF0401FF08FC
F600FFF9FB0805FF
FB010600FD090A01
010301010103F802
03FEFC00FF01FFFE
FF02FEF90002FFFC
00FD01FEFC040101
FBFD000200F8F700
FDFDFDFFFEFBF600
0402FC0200F5F4FE
FEFDFFFC02FB02FE
FAFCFDFE01FEFEFD
0601F9000303F9FF
FFFE020002FFFD01
FFFE0701FDFE04FE
00FDFF03FFFFFD00
04FDFAFE01F4FBFE
0400FF00FEF8FF00
040201FD010109FB
00FC040200040402
0302FF0300FFFC00
FCFBFDFFFFFCFE02
0001FFFC030702FD
01FC0203FCFEFDFF
01FDFDFF00FCFD04
01FEFA00FEFCF4FD
FDFD07FDFC0704FF
03FD010001FDFF02
01FF02010000F6FD
000105FF0101FD00
FBFEFF00FE020502
02020000FCFC02FD
03FE03FF00FB02FD
010101FD01FBFDFE
020104FD02F8FD00
0400FD0302FEFBFE
0300FD01FFFE0003
010203FE0001FAFE
06FC02FD01FEF203
03FDFF0200F9F3FC
0001FCFDFCFBF404
FCFDFAFAFEFAF7FE
04020103FCFEFC02
01FE010002F8FEFC
050304FF00F8F901
0300020404F5F500
08FE030403F9F7FD
FC0105FD02FF02FF
FAFCFD00FD040B00
F7FF020003040901
FDFF050301090AFF
FE00000000000300
0A01FD0801F2FE00
02FEFE03FCFE03FE
01FCFB01FFFEFB02
0002030201030603
0103F90600FEF5FD
0D010105FFFDF701
0101F902FF030102
FCFC040004FC0802
FB0201F8FEFF05FC
FA0102FEFD0005FF
FB01FDFCFC030902
FB02FDFCFF0600FD
04FFFC040000FB05
0200FB0205FFF9FB
FEFE05FDFF02FE04
FDFFFAFDFC0504FF
020100FF040CFDFD
FA0403FE0505FDFD
FA0005FFFF00F903
FF01F7F9FC06FC00
FA00FFF9020AF600
FBFDFFFB0305FDFD
FAFC05FCFD06FCFD
FF02FF05FE02FEFE
03FD0A07FE030601
050008000002FEFD
FF000304FD01FFFD
FD030500FE030804
FBFD0002010706FE
F8FF050000020BFD
02000AFEFD0504FD
FCFDFF05FDFC0800
000402FE02F905FE
03FF03FC01F90600
FB0200FBFF020403
06FE03FDFDF30302
0303FB0300F004FB
0903FE0500F50400
0302FFFDFEF40303
00FDF7FFFEF802FF
07FFFB0901F60502
0501FF0401F403FB
FD03FEFB04FB05FD
FCFE02FE030A0701
00FE01FEFD000601
05FE030600F809FC
FE0306F9FE060B04
010000FDFCFC0901
02FFF9FE01F903FE
0201FE0401FCFB03
FFFE00FD04030601
00FD03FB000A0502
0903FE08FFFCFC02
02FFFF040207F800
0200FDFC0001FDFE
FE0400FF04FFFCFD
02000102FD050801
FEFD04FDFF070001
FDFDFF02FEFFFC01
0101FFFA00090202
00FFFFFF03FD04FC
0403FC0204F807FC
040301FD04FFFF01
F900FCFE0101FFFE
FCFFFE0202F9FD02
FE04FA0200F8FF02
0400FF0404FDFA04
FB03000501FC05FD
08FEF805FFFFFC00
060002F8FDFD0601
FF01FD07FEFBFBFF
F90301FEFCFBFB04
0800020402020103
05030000FFFAFF01
0103FC05FDF9FE01
FAFE04FE01000001
00FD01FF04FE0200
FE00FCFBFEFF02FE
FDFDFBFD01FA00FF
FF00FDFFFE0203FF
FAFE00FCFFFD0401
FCFFFAFC00FD00FE
FF0204FD0001FC02
F90300FD0201FFFF
FAFFFDFFFFF7FDFF
F9FD03F802FC0400
F80300F801040202
F9FC08FA03FF0501
F3FC00FFFC0506FE
F6030700FD080702
FD0202FB00FE0802
FCFF00FDFE0709FD
0004030402FF08FF
03FDFF02FD030A01
FA00FB02FE070401
060000FFFD0508FC
03FE040703FE0104
0303000702FF0800
03FB000003FE0903
01FF04FE020302FC
02FD03FDFBFDFBFC
FEFD0000FF0501FC
FCFEFFFAFD050DFF
FEFD12FAFFFF0100
00FC04FE02FE06FC
F6FC0CFDFC04FF00
FE0009FEFE03FDFD
FCFE06FBFC000603
FA0303FC00FF0800
F90100FF00000303
FA03FFFEFCFD04FB
0303FEFEFE0306FE
FAFDFD00FE0505FF
F40200FB00090100
FA0100FD02070702
F80202FFFE00FAFF
FBFF04FF0205FD03
F40304040203FFFF
FA0206FDFC0A0005
FA0003FEFD0303FE
FA0106F9FB0208FB
F7020502FF070301
FAFF03FCFD0408FF
FEFC0100020910FD
08FB0101FFFC0DFE
0CFD0000FFFF0500
F904FFFC01080702
FDFFFEFDFFFC0501
06FCF80500F8FB00
06FFFA0AFFFAFB00
01FFFE00FD0303FD
FEFFFFFDFF0406FE
0201FBFC0409FFFF
08FDFF03FC00FDFF
FDFC04FD010605FE
03FEFBFFFF050103
FE030704FE080203
05FE0401FD0607FE
02010401FD040102
01FD05FFFF0706FE
F9FEFFFBFD020802
FD0006FE03050601
FF020702FE0609FB
0302FAF70402F9FE
FF01FB0101FEFCFF
0202FCF9FBFD0300
00FE00FCFDF7F9FF
0101FB0001FEFAFD
0601FC03FCFAFD04
0402FDFB01FEFEFC
00FCFE05FEF9F6FF
03FF0302FEFDF7FB
0502FC04FCFBFFFD
050002FD03FAFCFF
FCFFFEFFFEFEFA02
FC0003FDFEFFF802
01FDFC0300FEFB00
0402FFFDFF000504
0303FFF9FB00FC02
010302000103FC01
FFFEFE0003FFF9FE
01FBFFF901FF03FF
01FF01FFFCFAF703
FEFFFFFB01F7FC03
04FDFCFD00FDF500
01FF04FEFF00F8FE
0100FF00FBFCEF02
FFFC06FEFFF4FF01
05FCFE0602F8F8FC
01FF030303FAFA03
0202000104FB0403
F7FB02FCFC070B04
FB010100020302FE
04FF0002FFFF0704
FD0300F9000804FC
01FDFBFB020001FF
03FEFF04040105FC
04020502FE040401
FFFCFDFD03060702
01FCFEFBFE0502FC
02000302FC0201FC
FEFE0302020003FF
00FCFFFEFF0802FE
FDFC0604020202FC
F9FB01F90203FDFF
FAFF09F7010408FC
FDFD00FEFD030201
FBFDFF00FC020A01
060004FDFF00FCFC
00FF0102FEFD0203
03FEFFFD04070101
02FEFD0001FDFF02
F9FC01FDFC080202
FDFE02000003FCFF
0400FD01000102FE
010204FDFF0604FC
00FC01F70209FE02
FDFF03FC0206FBFD
00FD00FE0102F2FD
05FC0304000A0301
0401030402FF01FF
070201FD0008F903
03FF0300FD03FD02
02FE0500000206FD
04FD00FE01010204
FFFF03FDFF02FD00
FDFCFFFDFF0A03FF
FF0104FAFF000A02
020100FE00FB0AFC
0002FC04FDFA10FE
FE00F90001FC08FC
0700FE0102F70701
0102FE0002FC0802
04FDFD0301FA0201
FFFD0002FDFB09FC
0301FFF8FEFF0002
FB00F800030207FC
FF04010101FE01FE
01FF0101FFFB0201
0900000001000000
FBFFFFFF0A000000
01000000FCFFFFFF
FCFFFFFF01000000
0203FFFF0401FE02
02FEFDFF020002FD
0104000100FAFAFD
FCFF00010003FDFD
FFFD02FDFDFF0003
0100FFFE02FF01FE
01000401FE020001
00FDFCFE0201FDFC
FCFFFFFB02060AFD
FCFEFEFFFC0608FF
FFFF01FCFD0005FB
FD01FDFE01FDFFFF
FEFD010102040401
02010403020503FE
02FCFFFBFDFD02FD
00FF000101040701
FCFCFFFEFDFAF501
0101FFFB02F9F100
02FE03FEFEFAFB00
0300FDFC030407FF
0200FE01FFFDF4FE
FFFD020203FCF2FC
0200FA0300FAF4FB
02FCFDFE03FCF503
04FEFF0200FCFAFB
FE02FDFE04FAF5FB
FBFD01FF0100F6FD
010301FD00FEFD03
FF03FDFD03FBFD00
FDFFFD03FFFEFAFB
FFFEFEFB0301F803
FDFCFC0203FDFB02
00FE0201FEFCFCFC
02010103FE02FAFC
FDFEFC01FCFEFB01
03FDFEFC0002FFFE
02FCFE02FE0202FF
FE02FF000001FF02
02FE00FCFC0703FF
FF0303FFFF0004FE
FFFD01FC01040401
FBFF03FFFD020001
0100010003010403
FDFCFEFFFDFEFE01
000200FFFCFF0403
FDFD02FCFC0700FB
00FE020002FDFD04
FE03FCFDFE03FE00
020202FCFF00F5FF
FE0300FCFFFEF800
FEFFFE0301FAFB01
04FDFD00FF020501
020202FD0101F5FE
FE00FD04FF01F400
00FD0001FFF8F5FB
00FEFBFE0303FE00
FFFFFFFCFFFCFBFF
01FFFB02FFFC03FC
0000FD03FCFDFFFD
04FB00FFFC0004FF
020400FD000301FE
FF0000FE01FEFEFB
FBFDFBFC0000FE02
FEFC03FEFEFBFD00
03FB01FFFF0302FD
000101FBFC0506FF
02FD000003FB0801
0301FFFCFB0100FF
00FEFBFCFCF8FDFB
00FFFBFFFEFBFBFC
FEFE01FF01FAFEFD
FEFDFFFEFC0101FB
FE0300FDFEFF02FC
FFFFFC0102FBFDFA
FBFEFDFDFCF8FDFC
FD0200FEFFFBFCFB
FA01FB0203040502
FFFCFB000200F903
FF00FDFCFF00FDFF
010302FD02FDFEFB
00FB04FE030402FC
FB0001FFFCFC0200
FD00FDFD01FEFE01
0201FFFBFD0302FB
FDFF03FF00FB0002
FC00FFFCFE0204FD
FD020003FEFD0004
FF03FD00FCFE00FE
FBFC0201FBFBFA00
000004FEFCFC02FF
0103000100FCFDFE
FD01FF0104FD03FE
FE0300FC01FE00FE
0200FB0404FFFFFD
02030003FEFE03F9
01FFFDFD02F9FEFB
FD02FD01FDFF02FF
FDFD00FEFEFEF7FC
01FE0201FC01FEFF
00030000FE070600
00FC00FCFC00FD03
03FEFEFD0203FFFD
FF03FC000006FE00
FD00FEFCFE02FCFE
0200FEFDFE0003FD
FDFDFA00FFFEFE00
FC03000104FE0504
FBFD030201FE04FE
FDFEFCFCFD03FF01
FEFEFBFF00010001
FF01FB01FF0001FD
FD0202FF03FD0403
FBFEFF02FF0904FC
FEFD00FE0103FC02
FA0300FF01FCFFFD
FCFFFBFC0004FE02
FCFE000201000502
0103FBFD01070100
FE03FE0200030601
0001FD030206FF03
FD000302000208FF
FCFEFDFE00020901
FDFD01FBFE010704
03010103FEFF0504
03030200010205FC
FFFEFC02FB050201
03FDFE01FC0608FE
0103FFFDFF050801
00FC04FF0405FF00
FE02FDFE03070101
03FCFD01FF060701
FDFE03FFFD03FEFB
FE03FFFCFE05FB02
FEFD04FF00FBF901
0003FC00FCFEFBFF
FCFF00FF030601FE
0200FD01FDFC0201
0202FF0000F8FAFD
0302FC03FFFEFF01
0202FC03FFFD02FD
FFFD01FCFFFF0001
03FF00FFFB00FBFD
02FE0000FEFFFE03
00020202020300FE
FD0202FDFEFEF701
FCFDFCFC0003F900
FFFC0102FD04FD02
0102FFFFFE00FDFF
020001FCFFFCF9FF
00FEFFFDFFFDFA01
0002FDFDFDFDF7FF
0303FB0202FEFE02
FF04FD03FFF9F9FB
02030000FBFFFBFC
FFFDFEFF00F6FCFB
FF03FB0302FFFF02
FE02FEFDFDFFF9F9
FC01FDFE03FCF401
FC03FBFD01F9F6FE
FFFDFBFDFCFCF701
0101FFFC02070600
0003FDFEFEFDFCFE
FF020204000202FC
0102FF02FB0201FD
FDFFFFFE03050700
FDFD01FFFF010201
02FC02030304FD03
FEFC02FD01030803
FF02010201050A02
01FE010403FF0600
00FEFC0301FF01FF
00FF0101FFFF02FC
00FDFDFD040205FE
02FF000001030AFC
FFFCFE0102FC0C00
01FF01FEFEFF0D03
02FDFE020102FD02
00FF01040104FAFA
0102010101FFFAFD
FDFD05FDFF0502FE
FFFF03FC03010101
FF0300FC030205FB
FCFEFAFF00010304
FE02020003FE03FD
FEFF03FFFF01FEFF
01FCFEFC020100FF
FF02FFFDFF01FBFC
FFFF0201FD0405FE
00FD04FE02020101
FDFD04FCFE01FFFF
02FCFF0400FEFEFC
0000FEFF00FA00FC
FBFE010200FCF100
FF03FE03FDFAF3FE
FF03FA0004FAEF00
040403FE0205FC01
FE00FD03FFFFF7FC
0101FF0203FAF3FF
0001FBFFFDFDF601
FFFEFA02FCFBF5FA
02FBFDFCFDFEF901
0001030002FDFB01
0203010200FEF6FB
0001FDFEFF02FC05
FE02FE01FDFB0002
FF0303020001FDFA
0204FBFC0101FEFE
FF0002FD03020202
FFFF0301FC0300FE
02FFFC0104010103
FC02FD01FDF9FC01
00FF030201FDFB01
FDFEFEFE0203FDFD
FCFDFA00FDFEF9FB
00FEFD0300FDFE03
FE02FE0301FDFE00
0403FE0001010106
FE01F900FCFB0203
FC01FE03010004FF
FDFE00FE01FA0000
00FEFB02FEFFFF02
010300FEFCFEFFFD
FEFEFC0401FDFB00
FEFE0002FFFB0001
FCFDFB03FC020002
FF01FBFF0404FA05
01FCFB0201FFF904
FEFF0003FC02FB04
01FFFB0303FF0304
FC02FC03030801FE
FFFFFAFDFE09FF01
02FCFFFCFDFEFD04
FBFE00FE00030A00
01FC02FCFD060804
01FDFF00FC010103
010200020104FE01
FDFEFB01FCFC0300
FFFDFCFDFB01FE02
0200FE00FD010801
00010303FC0303FC
00FBFC020403FEF9
00FD01FC00FEF9FC
FE0201FEFDF8FBFF
FCFCFFFF00010001
03FC000101FEFCFC
FDFC0203FDFDF7FA
0102FFFF0203F4FF
FE03FDFBFF0200FE
FDFEFAFB010204FC
00FF000100FD06FD
0000F9FCFEF9FDFF
FDFB0202FCFC04FE
00010001FF04F9FB
0004FD01FDFFFFFF
FF0301FDFCFCFFFE
0002FFFB000002FB
00030202FCFFFE01
01FDFB00FEFAF802
FEFCFEFC0201F601
FEFD01030202FBFD
FDFF0002FE04FFFE
FE00FFFEFFFFFFFD
FEFE02FCFF02FEFF
000100FCFF05FDFE
01FDFEFF05010602
01000103FE000003
01FEFD0202FFFF03
01FD0002FC04FF05
0100FEFEFB06FFFD
FEFD00FF03040000
FF03FDFEFF040402
04FEFFFDFE0301FC
FCFC03FCFF050603
01FC0002FC00FFFF
FC01FC01FDFAF9FC
FD01FE01FDFAF601
0000FF0203FC00FC
FDFC01FE02F5F5FE
03FD01FBFDFEFCFB
02FFFFFDFCFDF901
030102030001FD01
00FF00FC01F902FF
0004FC0202F704FA
0303FC04FFFDFFFA
0000FFFEFF02F903
FC0400FFFCFFFB01
00FEFE0100FF05FB
00030002FC0000FD
FFFC0101000303FC
FE03FE0102FB00FF
0200FE02020300FA
02FD03FB020504FB
FF0000FD040704FF
0300FF0201050600
FDFEFF01030301FC
FC030402FF050900
0100FEFE040501FF
01000303FCFFFEFA
0300FCFC000003FC
FFFC0300FD040001
0003FCFEFBFDFEFF
FD0401FDFC04FF03
FEFEFE03FE010100
03FEFF00FFFF0600
01FDFA00FF02FF03
FC01FB000002FDFE
FEFFFC02FE0705FF
010303FD0304FE03
0100FDFDFE00FE01
FFFC0002FFFE04FE
FEFCFFFE0003FD02
FF0002020205FB02
FF010300FEFB02FD
0301000202FF05FE
FC0000FDFDF807FE
0101FEFC00020102
FC03FDFFFD0708FE
0200FE0000FE06FF
00FEFEFF03FD0BFF
04FF01FDFD00FFFC
02FDFDFF01030102
0001FE02FE030302
00FEFC02FE01FDFE
FF02FC00FE01FF02
0001FBFE02000300
FF00FD03FFFF0205
FDFF0102010BFD01
FEFE01FEFC0001FD
0000FFFEFCFD02FF
FF01FF02FE060402
FC030103FE06FF05
030304FE02FDFD01
00FE03FDFDFF0503
02FFFF00FB010400
FDFEFC03FC02FE01
0301FFFE03010903
FD0202FC03FE02FE
FE02FDFEFFFE07FC
03020100FEFCFF02
FEFB0203FCFD0600
FF03FCFC03000403
FEFDFDFC030501FD
00FD01FF040203FB
FEFCFBFDFE0303FD
FF0003040201FF00
FEFE040201FE03FE
FB03FDFCFEFE00FC
03030002FD0100FF
0002FE00FF0204FF
01FD0400FC0501FE
FD01000103FD04FA
FD0203FC00FE01FA
FE0103FBFE06FDFF
0203FE01FD040000
FF030100040301FE
FE01FF010007FCFC
FEFF00FC0105FC02
FDFCFE0005030102
FC02FEFC0205FB03
FDFC00FC0206FF03
0100FDFE000104FC
03FEFE0300020402
FCFE03FDFF050501
00FC02FDFC00FDFC
00FFFE02FF080202
FFFDFEFE04FE0901
FDFDFCFCFB010301
02FD02020300FCFF
FF0205FFFD020503
FDFEFBFEFCFFFC01
FD00FC00FFFDF9FF
02FD02FCFE0302FD
02FEFE00FF030002
FD02FCFD0100FF01
FCFDFFFEFFF9FCFD
0201FCFDFE030003
FF00010403FC0801
0202FE0303040705
FE01010200020DFF
FEFDFDFE03010802
FE0203FE02010200
03FE02FC020100FD
0303020300060101
00FE00FEFD030002
FDFEFB03FDFCFBFE
01FDFBFE02FFFFFF
01000001FFFDF5FE
FDFDFCFEFE01F803
00FF00FFFDFCFD01
02FD00FE00FCFA03
FB03FEFD04FCF7FD
01FDFD0002FBFC03
FE0301FE02FF03FE
0301FBFD0000FAFF
FF00FBFDFEFC02FF
01FFFEFEFEFCFF03
FEFF0000FE05FDFD
FEFDFBFEFD00FF03
0101FB02FBFDFB02
FE01FCFD030102FF
FF00FFFCFF02F6FF
020000FFFDFBF9FE
02FEFF02FE01FEFD
FEFFFD01FE00F8FB
FC03F901FEFEFFFB
0002FEFCFD03FA03
FE000003FDFAF6FC
0202FE010000FEFE
0102FFFE01FDFAFF
03FE00FDFF01FC04
02FDFB020000FD00
02FFFDFE01020301
01FDFB00FBFC02FD
FB010004FE02F402
FD00FF02FF010200
FD0102FEFDFBFD01
FDFFFBFF0103F702
FFFEFEFE02FFFCFC
FEFEFFFF00FAF7FE
FE040102FFFD00FE
000103FD01FD0001
FF0102FFFF04FFFD
03FDFE03FEFF0201
FFFF0103FCFEFF00
FFFE00FD01FF01FA
030104FCFF0600FE
0101FEFC00FE0002
01FD0404FEFE0800
FC0004FBFEFBFB00
00020302FE0403FB
FE0401010304FFFB
02FFFF0204FDFEFE
FDFE02FCFDFF0202
FCFC0200FEFB07FC
FDFE0002FDFBFFFB
010001FFFDFE00FC
030301FCFD06FA00
FDFEFF01000006FE
FD0000FDFFFCFEFC
0102FC010201FEFD
020202FDFBFE0401
000203FE01FC0701
030002FDFEFA05FB
FC01030102FC05FD
FFFC010203FD0001
FD010403FE00FDFC
0004FFFC03020201
FF01000201010BFC
FF02FCFF020607FD
0202FCFF00FC0BFD
FC020103FD0708FD
0202FF00000507FA
0002000203FE04FF
0100FEFEFEFE05FB
FCFC0203030106FD
03FD0600FF030700
FD01FDFDFE050A02
FE01FDFF02FE06FB
00FCFA01FCFE0301
0300FCFE01040600
0201FFFE02020101
0303FCFDFD05FF02
FB01FEFDFF060001
FEFCFD02FFFD05FC
FFFCFF00FE02FAFC
FCFD010300FD05FD
0002FEFCFC00FEFD
010003020203F900
FFFD00FC01FEFF02
FCFE0200FF010201
FC00FBFDFDFC0303
020202FCFCFEFEFF
00FE0303FEFB01FE
FEFC04FB01FF0BFE
FF0001FB02FE0403
01FF01FDFE000803
FC03FF04FFFD05FE
FEFC0401FE020400
0104020001FF02FF
0202FE00FEFC09FF
03FF030001010201
02FE02010305FA00
FF01000200FEFD02
03000000FE0100FE
0003FE0305FCFEFA
FD03010303FD02FC
0202FFFE010407FC
03FD03FEFEFDFFFE
FFFF00FD0005F902
FFFF020202F7FC00
02FEFC0203F5FCFE
0001FC01FC0002FF
FEFCFDFB0008FC03
02FFFE02FDF801FE
01FF03FF020100FE
00000501030002FB
FE000200FF05FE00
0301FE010404F8FF
0001000200FAFD01
FF00FDFDFC01FD01
FDFF010000010104
0001FEFE02FDF4FE
0303FBFDFEFEEEFF
FF02000003F8FC01
00FFFEFC0404FF01
02FDFBFEFBF7FDFF
FFFFFFFC01000202
00FC02FFFFFCF4FC
02FC00FF01FDFDFE
01FE02FB00FEFFFD
01FFFDFF00000502
030303FE03FCFD01
FF02FF00FF0402FE
0001FCFEFF02FDFF
FCFDFFFDFF040002
010100FB020405FD
02FDFFFD0200FFFF
FDFE02FF01010202
FFFCFF01030602FE
020000FFFEFDFF02
03FFFCFD0001FF03
FC01FBFEFEFCFE00
FF0301FC020100FE
01FE04FFFD0304FD
02FC03FFFD01FA03
03FD020202070100
03000000FE080400
02FFFFFD030200FF
00FFFD02010304FC
FBFCFC0202FAF402
FD01FF0100FEFD00
FB0001FF01FEFF04
FC0303FCFEFCFE01
FFFDFFFBFD06FE00
FF00FB03FB02FEFC
00FEFFFDFF0000FF
00FCFE02FF0003FD
02FC03FF01060603
FF01FD010106FCFE
FCFDFEFEFEFD0302
01FF0403FC020604
0200FBFEFC0204FB
FD000502FF040102
00000100FC030404
0301FDFCFDFF0601
0300FDFDFFFF03FC
FC0003FF01FE0000
FC0103FEFEFE0102
FD0301030401FF00
00FEFC01FF02FDFF
FEFCFEFC01040103
FFFE01FFFF02FDFE
00000102FBFD0301
FE01030100FF09FF
01FC03FE02FA04FE
01FEFE0003010AFD
01FE03FEFEFA0400
020302FC00FE0303
01FFFE02FEFAFEFE
FE010302FFF80600
01FE04FEFCFEF0FD
02FFFCFD01FCF001
020202FD04FAF9FC
03FEFDFCFFFF00FF
FF04FB0100FBF4FD
FFFC0203FC02F8FF
FC0101FCFCFEEFFD
FEFCFB02FBFBFB01
02FF01030303F7FA
000002FCFC00F700
0203FDFCFDFA00FE
0100FCFC00020001
FD0102FE0400FE00
000102FCFD01FCFC
02FD02FDFE04FEFE
FDFD07FE01FC02FC
0203FF02FDF9F7FE
FCFF000000F5F500
FA020102FEFAFA02
01FDFC01FD0304FE
FE010400FE02F0FE
0000FCFE01F9F2FE
FE0003FF02F9F601
0000FE0001F9F702
FDFD020404FEF6FB
02FEFE02FEFE00FD
00FE04FEFD00FE01
03FCFDFF01FFFA02
01FD0202FCFC0001
02010202FEFF0001
FF01FCFE010903FC
0202040204FEFDFE
FEFE050002FFFB00
0301FC0004FCFDFD
FDFF04FD01FFFEFE
0102FE01010205FB
000002FFFF02FF01
FCFEFD01FEFFFCFA
FE0004FE01FEFC00
FE030303FC03FFFC
00FE0603FC040300
00FEFDFE01FF0203
FFFF02FF00000201
FFFF01FD01FB07FD
FCFC04FE0202FF02
FCFF0300FFFB00FC
FB05FC020002FEFC
04FC0201FFFD00FE
020203000306FDFC
FFFF010000FC00F9
00010101FEFA01FE
FDFEFFFCFE01FFFB
02FE00FDFF0004FF
03030102FD0103FC
02030302FEFF01FA
FFFCFD0301FDF9FD
01FC0203FD0002FD
FC010102FD04FB01
00FDFDFD00FFFEFE
FDFCFDFD03FC06FE
0000FF00FDFD0A04
01030503000002FD
01FF030201FB05FF
000105FEFE0006FD
040203FEFCFFFFFC
00010002FDFFFF03
FE03FD000202FE00
0102FE01FD0000FE
0300FEFE020504FF
01FC020002FF02FD
FFFD010100FE0700
0003FEFBFFFE0A01
01FF0201FD0105FE
FDFB00FDFC0003FC
FEFEFC0203030100
00000101FC010602
0302FFFD01FFFDFC
FD030003FF060302
010303FEFC05FCFB
FDFE03FFFC000201
FDFF01FD040305FF
FFFE000202F9F704
FC02FBFF03FAFC01
FD0003FCFCFF0200
FDFC00020401FDFD
01FFFD00FE0302FD
FE00FDFCFE0202FC
01FE00000304F800
FC00FF0201020303
00FFFEFE02010901
FEFEFC03FD000AFD
FFFDFFFF03000501
00FCFC000101FDFF
00FE02FE010302FC
0003FC0002070302
000201FB030306FE
FE0105000402FD05
00FD020403FFF8FB
FDFD02FF01FFFE00
0101010101FDFEFE
030004FE01FE04FB
02FEFCFEFEFF0200
00FC01030005FF02
FDFE00FFFDFEFEFD
0402050002FAFEFF
FFFDFE03010207FD
02FE01FC01FD0601
050004FD00FB0800
02FDFD00030005FF
FDFFFFFDFDFD0202
0203FFFDFFFA05FD
0302FEFFFDFB0300
FFFDFF01FD030401
01030203FEFAFEFA
00030402FCF905FE
FFFD0201FD000702
FC0102FE000102FB
0301FD0102020D01
01FDFFFE020301FE
00FCFEFCFF0204FF
FE000201FD05FBFD
03FD02FEFE0204FB
FF0201FBFFFB07FC
00FF0103FC010302
0200FC02FD0405FE
FC03FF03FD0103FD
00FEFE02FC060803
0301FC02000102FC
FCFCFCFDFE02FFFE
FFFEFE0101F9F5FB
FAFEF7FD02F4F903
00030201FC000103
0102FA0002FBFB01
FC02FDFEFBFEFCFD
0002020201FEFF02
03FFFE030202FBFF
FB04FC0201060302
FFFFFB0102010203
0201FC01000500FE
02010202030905FC
00000302FD0301FB
FE0103FD020407FD
00FF000302040AFD
0303FBFCFC02FB03
01FE02FDFBFEFD03
FDFEFE0201FE0001
FC00FEFBFF00FFFC
04000500FE0001FD
FBFE00FE04FDFC02
FDFFFEFFFF03FFFA
FCFDFE02FEF5F7FD
FFFE00FFFF03FBFA
02FFFBFCFFF8F9FA
0200F90102FCFFFE
020302FEFFFDFB00
030101FD0302FE00
FDFFFE000000FC01
FCFB05FEFD05FE02
01020102FEFEF401
FFFCFF020003FEFC
FC03010004F8F602
0001FF0102FBFCFE
FD030102FC03FA01
03FDFE00FFFD08FC
FEFD0001FDFFFFFF
FFFC00FF030000FC
04FF01FF03FBFA00
FDFCFD0201FEF8FD
0403FFFF02010300
FF0100FBFF010402
00FFFF00010305FE
0403FD000001FE00
FFFEFEFEFEFCFBFC
FDFDFCFE000400FD
02FDFF020000FFFD
FE03FFFE0202FCFD
01FC0002FDFEFFFF
02FDFA0101FE00FB
FE03FF0303FD00FF
01FC020002020202
0300FE03FC06FE01
FFFDFD01FEFC0402
FD02FFFFFF03FFFD
0002FDFBFD04FC00
03FEFE0300010701
01FE0200FE050A01
FB0000FDFEFD05FF
FFFE000400FF07FC
010103FEFF030201
FD000403FD0704FF
01FC0100FE070104
01020102FF010403
FE02FF03020402FC
02FDFC000200F901
00FE03FF0000FEFC
010001FD00050600
FEFF01FD03FBF601
FCFFFD02FE01FAFE
02FF03FE02FAFDFF
01FFFDFFFFFDFCFC
FA03FE0201FBFAFB
01FEFF0103FBF9FE
FFFBFEFC01F3F600
FDFC02FD03FCF201
01FFFB0003FDFF02
FF000203FF04FB00
FF02FEFFFE01FFFD
FEFC02FB030400FC
FEFFFEFDFE010001
FC020001FEFFFEFB
000000FC02FA04FF
FEFC03FD01040101
000201000104FDFC
0102030102FE03FD
04FD03FE00FDFCFE
FD010101FE04FEFD
0002FF0000FA00FC
02FF000000FF07FF
FFFC030101FB0501
FEFDFCFCFDFD0600
0201FA01FDFFFBFC
FC03FF00FDFC02FD
FEFD01FD010202FF
01FF03FBFB010603
04FFFEFF01020802
FF030203010001FB
0200FEFFFCFE00FD
FE000102FDFF03FE
0200FFFDFF04FE02
FE01FCFCFBFFFC01
FFFEFFFE03FF02F8
010201FF00FC04FB
0100FE0201030801
04FDFD0101F804FD
0202000201000700
FD0103FEFFFA07FA
0100FCFF00FA0102
FC01000200FDFBFD
FD020103FCFA0202
0300FE02FBF5FFFC
FF000001FD02FE03
FF03020103FFFA01
00020100FE010502
FEFB00FBFE04FF03
03FE01FEFD000001
01030000FDF5FF00
FD0102FFFD01FA01
FD00FB030100FE03
FCFEFFFCFEFAFEFF
020000FDFF00FAFB
FDFF0203FCF9F902
FDFFFC00FC010201
FD00FCFC0107FEFF
01FFFEFDFD01FCFF
FE03FDFCFF0508FE
00010303000402FF
FDFE02FB0202F902
030100FE00FDFA00
FB0001FEFDFCFB05
0200FF0002FF04FF
FE0300FCFE01FFFF
FBFE01FEFC07FAFC
000201FE0007FB01
03FEFC01FEFFFFFE
0102FB02FF0401FF
FFFE0100000704FD
030400FF02FE06FE
FF00FE0001020401
00FDFFFE03010701
03FDFDFEFD00FFFF
02FE03FDFDFF03FD
0301FBFFFC00FEFE
FEFC03FE020604FE
FFFDFBFEFC02FCFC
FBFCFEFEFD030100
020002FC01030BFD
FD03FE01FDFFFCFF
0201FB01FCFDFCFB
FD0200FF0202FE00
FFFC02FBFDFEFF01
0200FFFCFEF4F7FC
FEFDFE0105FFF9FD
FC01020002F9F501
FEFEFCFFFCFCF9FC
FDFCFC00000200FF
03FFFAFEFDF9FC01
FFFFFBFFFFF8FBFC
FC00FF0302000301
FC00FEFF01090702
0001FE00FE01F701
0004FFFE02FEF401
01FFFAFD02FFF900
0003FEFB02FEFA00
FC010203FCFEF8FD
0201FCFCFDFFF6FC
00FE02FFFD020200
02FDFFFEFE050204
0401F801FEFCF900
FEFEFB0302FE0400
FFFD0001FF020104
FBFDFEFDFEFD0402
02FFFFFF02FF02FC
00010200FD0801FD
FDFD04FC02020AFE
FC03FEFFFD040105
FF00FEFEFFFAFC00
FE03FE0303FBFCFF
01FEFF0102FEFBFD
0203FDFCFCF9FAFF
FC02F803FDFAF701
0000FB0002F8EFFF
01FFFF0101FEFA04
010101FEFEFF07FF
0101FAFDFBFC00FE
FF0200FEFFFD0600
FDFC01FF00FEFA02
FFFD0003FC0501FE
FE02FF0000FE01FC
0000FDFDFEF701FC
FDFFFCFEFCFC01FE
05FD03FE000704FC
0100FCFFFD020201
0103FD00FBFE04FE
01FD0302FDFD04FB
FE0004FD000303FF
FDFDFDFF040403FE
00FCFEFDFFFFFFFA
0300FEFFFE040BFC
FCFE03FDFE05FE02
FFFC0200FDFA02FB
000303FFFCFD0202
FF0303FE04010202
FFFC00FDFE06FFFF
020305FBFD040002
0001FF02FC09FF01
02FFFEFC01050303
00FBFF01FF0007FB
FF0103FDFC0309FC
02FDFEFE02000AFA
02FDFFFEFB0208FA
FDFC00FF03FF04FC
00FDFD01010206FE
FFFDFCFE00FA02FD
0202FFFF000002FD
02FFFD00FD0106FC
FD01010301FE0AFA
00020103FEFD03FC
0002FD03FFFE0901
FEFCFBFF020603FC
FEFF0203FEFF0001
0102FD00020703FD
03FF02FCFDFD0501
02FDFEFEFF0100FF
FFFD0301FB0005FF
03FFFDFCFFFF03FC
01FFFAFD01FEFBFE
FDFD01FD030802FE
FEFFFA01010101FB
FD02FD01FD050201
FFFC0302FC03FF00
020003FBFC0001FB
04FC04FDFDFF05FE
0002FE00FD020602
02FF01FB0103FEFB
00FF0502FF0900FE
03010402FD030102
0201FB02FC00FF00
FE000301FF060101
000300FF010205FF
FFFCFF02FFFF01FF
00FE0200FFFEFAFF
FB0101FE0206FCFD
03FC01FD03FDFBFF
FEFEFD02FFFEFA00
FD01FAFD00FFFA01
FE03FEFCFCFFF703
02FCF9FCFE010102
02FD01FE020202FF
FF01FB01FD010300
03FB02FBFC070A01
0203FD01FC070503
FF03FDFC02010601
00FC0403000202FE
00FDFD00FF010004
010202FD0103FDFC
FD000002010003FD
FEFE0100FF0302FF
01FD05FE03080401
FE04FD000300F7FC
000301FE02FFFFFD
FC02FF03020203FE
FEFF000301FEF7FC
FD01FF0201FFFEFF
02FDFDFD01FFFDFE
FF02FC0100FDFCFD
FB00FA0203FCF800
FCFF02FE00F903FC
00FD020102FBFDFE
02FC03010000FFFC
FFFE01FC0400FAFF
FFFFFE03FCFC06FA
FCFC0103FEFC00FC
FE020203FFFDFEFA
FF02FBFC01FFFBFF
FF03FFFC0003FCFF
00FEFB0003FBF900
0000FAFC0203FCFC
FFFFF8FEFDF9FEFD
FCFD00FF01FA04F9
01010103FEF9FDFD
03FF01FCFF00F801
FF01FE0101FCFF02
03FB03FEFEFA02FD
FD00FD02FFFFFBFC
FD00FE0500FDFFFB
FCFE02FD03FCFFFA
FE01FFFE000606FE
02FF0001040209FC
FD00FFFCFFFF05FC
FF00FCFEFF070101
01FE0301FD0600FC
02FDFDFF040001FB
000200FCFD0006FB
FFFEFF00FF09FC01
00010005FE030601
FEFFFC03FD0401FD
01FE0102FEFF0700
00FEFFFCFD010602
FDFEFFFE000502FD
FFFD00FD00040603
01FDFEFCFE060601
FBFD0302FEFF0502
FDFCFE020103FFFD
FC02FFFFFBFDF4FF
0004FDFD01FBF902
FC04FFFF02FF0406
0202FDFC03FBFB00
02FFFBFF0008FE01
FDFD0001FF0206FE
FD0100FF0004FF02
030201FCFC060503
01FE0300FF020602
01FCFE0204030505
FCFE03FE01030500
FFFCFF00FCFF0AFE
03000302FE050801
01FE000300010303
FCFFFE02FE020A00
FF00FD020002FCFD
FEFD00FE00030700
FC0100FC02040100
FD03FF01FF030600
02FF0001000204FE
00FEFFFD03020AFA
00FE030302FF01FC
04FE010201000300
FF02FF0004FC04FE
030100FD01FC04FB
02FCFE0202FF03FD
FE00FE0400FB0003
04FF01FB01F80600
FCFEFFFCFF0200FD
02000003010601FD
0203FFFDFDF9FFFE
05000000FFFFFFFF
FBFFFFFF07000000
FFFFFFFF03000000
0300000002000000
01FF030003FE0708
01FC02FD0000FC0A
FEFB01FCFDFEF80B
010201FFFCFC0507
FEFCFD0201FD03F8
FF00FD00FDFE030A
FDFFFEFFFDFD050E
FDFDFCFDFFFE09F8
0101FC0201FE02FB
FFFEFFFD020203FD
00FFFFFDFE000605
030201FFFEFE02FD
02FC0001FC0304FF
FC0400FE01FE02FE
FBFD00FCFCFE03F9
00FD02FD01FC0207
03FCFEFEFCFC0301
010001FF0103FF10
03FFFCFEFDFF01FA
0202FF01FDFD02FB
FF01FBFD0002FFFD
FD01FFFD03FEFDFE
FEFF02FDFFFEFA01
0100FE01010004FC
FDFFFD00FF02FAFF
FEFF0201FC03FCFC
FD03FC0103010207
FF0203FD03000303
FC01FF03FC020102
00FD01FCFEFC00FB
FD010101FE03FE08
FFFD01FDFFFEFFFB
FE010302020203F9
FDFC02FDFF0001FA
FE0103FD010200FC
FEFCFFFE04FEFF02
FD03FEFE000004F9
FE00FFFFFE020807
FE01FF0001010DFC
FFFFFF0303FD02FA
FFFFFDFDFE0007F8
FFFB0301FC000AFA
FCFD000100000AF4
0103FF0403FC00FB
FCFE000000020901
020302FFFF0109FA
FFFE02FE020305FC
FCFCFFFE01000900
FEFDFDFBFF0000FA
0401FCFCFCFE0006
FF0201FCFF00FEF5
FD00FFFEFFFE03FF
FFFE0101FBFDFE03
03FDFE03FC04FD00
01FDFF03FCFFFCF8
FF02FE03FD01FEFF
FDFC01FC0103FDFD
01FEFC020002FDF5
FFFF0203FFFEFB08
00FF01FD03FE01FF
FBFD01FF0000FE08
02FF03FCFD03FF09
0300FFFEFFFFFA0A
0101FBFF02FFFE02
FEFEFAFE010201FA
FC01FFFDFD0404FC
01FC0101000200F9
FFFBFD0202FE02FC
FFFDFDFCFFFDFBF4
00020102FDFEF602
FBFFFDFC01FDFBFC
03FC0101FDFCFBF9
01FF04FCFD00F7F6
FE0105FC03FCF705
FEFC02030002F302
FE0203000000F5FE
0101FDFE02010000
02FC00FFFCFDF8F9
03FC00010202FCF5
FEFE0200FDFDFA01
0101FB00FEFC02FE
03FDFEFEFDFFFC04
03040102030105FF
00FD01FE01FEFE01
0001FF01000300FE
030002FCFDFDFDF8
FFFDFD02020500F7
0201FF02FD0104FE
FCFCFFFB0200F508
FD00FCFD0303F9ED
00FDFF0000030004
FE03FC030102FAF8
02FC010000FEF70A
FC02FF01FE01F906
FEFB010003FBF609
FE00FD01FE03FF03
FC0202FF02000200
00FDFEFD0202FD09
FEFB02010200F908
0302FD01FFFE0802
FCFCFDFCFEFF02FE
01FCFFFC01000312
00FEFEFE0100FE1A
FD02FB00FEFD04FF
FEFCFD00FB0306F9
FEFE000103000806
00FBFE02FD010801
01FEFFFC00020001
01FE01FE02020302
FEFC0202FEFD0602
FF0001FF03FC05FA
00FEFDFCFFFF0800
FC010203FC010F03
FD0004FCFCFC0603
FDFD0101FCFF0309
0300FE0100000703
01FC0302FFFE06FE
01FC02FCFDFE05F0
01FE0101FD030A02
00FEFF02FE000301
03030303FDFDFE01
FE000003FCFE08EF
01FC0203FFFF04F9
0102FF00FDFC0306
FEFEFCFC01FD0205
FFFE0101FF000307
02FE03FDFD020500
020200FC04020604
03FFFDFEFFFF0503
FE01010103FF0402
00FEFC02FDFB05FD
03FFFC02000303FE
0101FC02FE000509
FF020202FFFCFA12
02020202FFFE010A
FE00FF0203FD0408
FEFFFDFEFFFE0107
030203FE00FFF906
FC0101FEFCFEFC08
020000FEFD010203
FF01FEFEFFFF0001
FCFEFD03FD030704
0101FEFBFD000104
FD03FC0103FF0AFD
04FF030300010902
010200FEFDFC0402
FCFDFE00040001FC
0201FBFD04040202
FFFE02FD02FFFB00
00FD01FB0202FBFE
FDFEFC00FE01FFFC
02FCFCFF00FEFF04
00FE02FFFF00FC05
01FF0400FE01F9F6
00FDFDFEFCFFFE07
FEFD0201FD020108
FDFCFDFEFFFCFA0B
00FF05FFFF00FB08
01FD02FF0103FC04
FFFDFFFC00000408
FEFE000002010306
FE02000001FF000A
00FF0303FF020107
00FCFEFDFCFB0407
04FFFB01FC0300F3
FFFD01FE00FD00F5
FEFFFE030002FFF8
00FD00FFFE0005F7
FEFF00FB0000FC08
01FC0003FDFF01F6
FCFC01FBFF00FFF4
00FFFEFE02020207
01FE03FFFDFB0006
FF0100FDFDFDFFF6
00FEFDFE00FEFCF7
FCFB02FE01FD0102
0100FBFEFE020300
03FFFCFE03FB05FD
0200FE01FEFF04F3
00020202030004F9
FFFCFF01FE0302FE
0403FD00FF0205FF
0003FE0103FE01F8
FF000201020203FC
FCFDFFFF03FF04FB
FEFEFE01FD0206FD
0204FD0300FF0104
FCFE000201FF0603
FEFE01FE04FC0701
FEFEFFFEFE010900
04FBFD0101010100
03FE000003FF0302
FF02FDFCFE0105FB
FEFF01FEFF01FB09
01FDFDFEFDFDFD09
FCFE01FCFFFE08FD
FDFDFD030102FCFA
04FD04FCFC01FA04
010300FDFE01FFEF
02FB000002FFFFFF
FDFDFCFF02FCF901
04040202FFFD00FA
FEFE0300FF00F907
010301FB00030306
020200FEFE02FB06
04010300FBFCFE02
010302FDFEFC040B
FFFDFC01FFFEFD07
FFFC0101FC0402F7
03FEFE010100FBF9
FEFD01FE00FF0108
030201FEFE00FFFE
0201FF03FC04FEFF
FDFCFFFDFFFEF601
FE0202FE02FDFDFE
000003FCFD00FBFE
FE01FE01FD030300
01FFFE030202FA09
FCFD0101FCFFFF01
0101FCFDFC0100FD
04FF010201FE02FC
04FF0300FE010007
FDFC00FF00FDFE04
000002FDFF01F504
0003FEFFFD01FFF9
01FE00FC03FEFB02
FCFEFE00FDFCFDF6
FFFDFFFEFE0101F4
0101FCFEFD00FFFB
030202FD00010701
FF020102020004F9
FEFC02FEFDFCFCFB
FCFBFD01FC010600
00FFFF01030205F6
01FB0100FF0306F7
03FDFFFF040000F6
FC00FF01FC0003FD
FDFF05FFFEFFFF01
FF00FEFE02FD05FC
00010300FCFEFF01
03FEFDFF02030102
0200FF02FFFC00FC
FBFEFF000102FC05
FC00FB03FEFE01FF
0101010003FD00FE
FDFF0000FCFDFDFC
02FE02010001FDFA
0303FD02FD03FF01
FC000102FE00FD02
FC0003010302FB05
FD00FD00FC01FDFA
02FEFE04FF02FC06
FD03FE00FFFF00FF
01FDFF020200F90A
04FD04FF02FBFC08
FE030202FF03FD02
01FBFDFEFF0003F7
FE0101FDFDFEFB0A
FFFC0400FE01FF09
FDFE0200FE0205FF
0001FDFEFD0204FE
0101FDFE03FD0511
020202FC01030216
03020103FC0103FF
0000FF02020306FD
FEFFFF02000305FF
0300010302FD09F8
050200FDFFFD0AFC
FF000202FE030604
03000000FEFD0802
FCFDFE0300020601
FDFD0104FD020904
0002FCFC000404F2
02FB00FFFD0201F5
010103FFFDFBFE0E
00FD01FDFCFCFCFD
02FCFEFD02FC00FA
FE030102FDFCF702
FDFD03FFFCFF0002
FFFEFD03FCFDFCFE
FFFF0301020202FC
FD01FFFF03FF000D
0301FCFCFE02FCFE
0002FBFFFF01FF02
FE01020402FBFDFB
0100010100000308
03FF04FF01FDFD04
01FD02FE03FEFB09
0001FFFFFCFFFEFC
FF000002030004FC
FF02FBFF020104F9
FD000102FDFD04F8
04FDFEFE03FC0502
04FEFC01FC00060D
03FD0101FE040304
FE03FF0203000202
02FDFFFC02FF0604
01FF00FF02FC0508
0004FEFE00FCFD06
FD00FEFF02FF03FA
01FC01FEFEFD0501
020201FD02030103
02FD01FDFFFF0606
FE00FE00FEFC07FD
0301FE03FEFF030E
FE000301FEFEFD03
0102FD02FDFE030F
FF0000FF0300010B
01FEFDFEFE0200FB
FFFBFC020102FEF0
FFFB0301FC0300F8
01010002FB0103FD
00FC00FF0204FC03
01FD03FCFCFF02F8
01000101FCFFFFFB
0302FBFEFCFDF907
FF03040302FC0107
0100FE00FFFCFEFC
FFFF020102010103
0102FEFFFDFFFF08
02FBFFFCFDFC0503
010002FB00FF0202
FEFD0300FCFD07FD
FEFEFCFEFC020600
FDFE03FDFF0104F9
0002FF0001FB0402
FE03FE01010206F3
02FE010300030700
FCFEFE0201FE03FF
00010203FF0103F9
01040001020105F9
0201FE02FDFF06FC
02FDFE04FE0007FF
FFFD03FDFD0107FD
0102FD02020006F9
FC0001FDFDFE05FF
01FEFDFDFCFDFAFD
FF02FCFCFF00FDF1
0000FB01FDFE04F8
03000002FE03FFFF
FD0001FDFCFFFDFF
FEFF01FEFF000105
FF03FE0201040005
03FFFE02FB00FFFD
0205FD000100FE02
030203000104F707
00010201FFFDFF02
FDFFFDFEFDFC00F7
01FCFF00000200FE
00FFFF03FEFF0701
0301FC0104FF0204
FE00FF00FE0302FB
04FEFE0301FF07FC
FCFFFEFBFF01FF03
FE040102FEFE0105
02FE02FD000305FB
FDFBFEFD000304F8
00FCFEFC030001F0
0001FDFE020209F2
FFFCFFFEFF0101FC
020002FFFDFF00FB
01FEFDFE030102F5
FEFDFD0002FE02FA
FF030001FF030206
00FE02FFFEFF05FD
FEFBFCFEFC000002
FDFC0201FB010404
FF03FDFEFDFF0203
FD01FE0402FDFFF3
FCFDFE0103010006
040203FC0300FE04
01FC00FD01FF08F1
FF0203FE010001F1
FD0101000303F61A
FFFC00000201F820
010104FFFDFF04F4
FEFDFF01010303FA
FDFEFD030100FF12
01FDFFFE0201031C
03FCFCFCFEFF05F4
FFFFFFFDFBFC03FC
FE01FDFCFCFC07FB
01FE02FD0201FFFF
00FD02FFFD0202F5
03FF0301000102FA
FE0100FD00FEFFF8
FCFD04FCFE02FA06
FE02FDFB0103FBFD
FFFDFDFD01FD0200
FEFD0000FCFFFAF8
00FCFEFCFDFDFF00
00FCFE020201FDFA
FC0201FFFC0000FE
FEFFFEFFFFFF0004
FEFD02FCFD010302
0102FCFCFCFB0104
FEFCFEFCFC0201FE
0004FD010001FE09
00FFFB0201020005
030300FD02FDF409
FE02FC03FCFDFFFD
FDFF02FF03FB0609
FCFE03FBFF020504
FDFB03FCFDFB0104
0002FCFFFE0103FA
01FE00FD01FF01FE
0501FDFF02FD06F2
FEFFFFFF020302FE
FEFD010201FDF806
FCFFFFFEFF03FDFB
00FCFE0100010502
FFFE01FC03FDFC00
FDFFFC01FC01F802
03FF0201FCFDFFFE
020003020201FE05
0402FE00FC0004FB
0300FD03030102F3
02FB03FDFC01FA03
01FCFEFEFD02F706
020101FCFEFBFFF2
0000FCFD0000FEFB
FE02FF01FDFF0809
FEFEFCFDFC0103F3
010000FC02FF04F0
02FDFE02FD02FEF8
02FBFF03FC0008F1
00FCFFFEFE020201
FEFEFE03030307F7
02FCFF01FC0105FB
0101FD00FF0109F6
FEFF020003FB02FD
FC01FD01FEFCFB01
00FE03FF010003F8
0201FC000100F6FE
00FD00FC00FFF8FC
FB02FBFC00FB0100
FEFB01FEFDFB01F5
020201FCFDFDF90B
FEFDFD00FF00FB04
FEFDFF000002FEFD
02FFFCFE03FE02F9
FFFE00FE0001FC09
FF00FE000200FFFF
02FEFE000003FA01
01FF01FEFEFDFCFF
FC00FEFDFEFBFA08
FCFC03FC02FFFE0F
01FC030001FCFBFE
FC000100FEFE03FA
FFFD0302FE0300F8
0103010202FD01FD
02FE0002FFFCFFF6
FF01FD01FD0000F5
02020002FFFFFE12
FCFFFD0301FBF915
FFFD02FE010101F7
FF03FEFD02FBFEFD
02000204FEFC0409
0000FCFEFDFBFE17
02FEFD0201FC02F3
04FEFC030301FFF9
01FCFEFE000300F7
020103FBFDFF02F8
01FDFF030100FBF6
000301FC00FE01F4
FC0102FB01FEFBF7
FD00FCFC0002FDF9
FD01FB0201FEFAEF
FF04FF03FF00FDF8
FE0103FFFF02FAF1
FEFFFD01FE03FCF6
FDFF00FFFCFCF8FA
FFFC03FF02FDF6F7
00FE0303FF03FBF9
FDFC020200FEFCF5
03FE02FE0002FEFF
FE03FEFEFC03FEFF
FDFCFF01FDFDF600
FD00040200FEFC06
FF0000010203FB00
0104FFFE03030005
FEFBFC02FDFC05FE
FBFDFFFFFEFDFCF9
0102FC00FF020306
FE0301FF02FD0300
FEFCFFFEFFFC0113
FEFC00FEFEFDFF08
FEFFFE01FEFDFD0C
02FFFFFD04FF0502
FCFB03FDFCFCF20E
01FDFEFB00FDF805
FF02FC010103FF05
FB04FF03FE000406
0303FFFC01FF0201
0302FCFEFCFD0207
0102FEFEFDFE0801
FDFE020202FC01FB
01FEFFFBFF00FFF7
FF00FB03FFFC030C
FC02010000FE06FD
FDFDFD0101FD0400
FEFFFF01FC01FCF2
01FF0001FCFFFFFC
FC01FFFF01FD00FB
01FDFB00FD0404FB
FC03FFFFFD03FA02
FF04FE00FEFBF9F6
000302FE0402FF04
FC0201FDFEFE07FE
03FF02030100FF0A
02FB0202FD0202FE
03FFFFFEFE00FB09
FDFF000102FD00FC
00FDFEFF030007FA
FD000102FFFD04FB
FCFE00FBFE0201FD
FBFDFF0001FD04FE
00FCFC02FDFF01FC
FF02FEFB03FE0203
00FF03FFFC00FFFC
01FF02FCFFFE05FF
FDFC000203FE0401
FCFFFF01FF010302
00FCFCFCFEFE0500
FD01FCFF02FDFEFA
FDFD03FFFB0309FF
0302010300020AF7
FB0202FFFC0200F8
FEFE00FDFEFCFEFA
FFFE0203FEFEFDFA
FFFD00FDFFFDFA08
FFFCFFFC01FCFFFC
FC0002FEFFFE01F7
FFFDFF03000106EF
0202FEFC02FE06F9
FBFCFCFBFD0103F8
FC02FBFEFC0404F8
02FC020302010BF4
03FFFDFE000101F2
FFFBFEFD010006F5
04FEFD0102020201
FE00FFFC030303FE
010002FF00020804
FC01FCFEFEFDFF09
0301FE0000FC0004
00FDFCFCFDFDF9FE
03FDFEFCFEFE0009
02FF03FE03000105
FFFEFD02FDFEFDF6
00020302030002EE
FEFF01000204FB01
FEFF03FDFCFCFFF9
000303FE0100FCFD
FF02010003FFF9F4
FDFE03FEFE0400FB
FE0002FFFFFFFB03
0201FC01FEFFFBFD
FCFD02FDFC02F701
000402010000F900
FD00030100FFF900
FFFF0103FB00FEF8
FDFE00FB02010407
FD0302FDFE03FEF6
FF01FFFC02FD05F7
FFFDFD01FE00FFF8
0202FEFE04030301
00FEFC02FDFC00F3
FEFDFFFE03FEFFFA
FD00FD02FF03FD00
04FF02FDFD0303FE
0300FEFFFCFEFF06
0300FFFCFD00FFFF
FFFD01FC03020109
FD00FE03FEFE0206
FB000400FDFC000A
00FD0001FCFEFCFC
02FEFFFC000000F8
020004FC01010009
FC020000FBFD06FB
03FDFE02FC0304F7
FCFEFDFC02FB01F7
04FFFD03FE01FCFF
040202FFFD03FC04
0300FE01010201F9
FDFFFDFD05FC02FC
000200FD02FF0202
FC0202030002FE06
02000000FC00FDFF
FFFCFFFD03FD0305
01FE040201030000
FC00FF0100FEFF06
00020200FD0001FF
0201FEFFFEFD01F8
FF01FCFC0202F8FE
FF040102FFFFFAF3
FDFD0100FF0003F2
FD0300FF00FFFDF9
FF010101FFFE020B
FD02FDFEFD00FF0F
FDFE0301FFFCFEFB
FDFD02FDFF0401F4
0002FD01FFFEFE09
03FEFC0200FE0004
00FCFE02FC00FAFF
0102FEFB020000FD
0102FE010101FF07
020102FF0200FDFD
FEFE00010103FDFC
FDFB0202FE0003FD
FEFFFD00FEFDFFF1
FC02FE0202FDFA09
0101FD03FF0302FB
FB02FC01010301F8
FDFC03FC01FE0304
02030001FC04000B
03FDFFFFFCFE03FD
FF02000102FB0101
0200FD00FD03FDF9
02FC01FC00FFFDFC
04FD02FF01FC0304
03010303FEFF06F8
030000FC00030206
02020401FD02FA0D
FF010305FDFCFC0B
01FBFB040003FCFB
FFFFFC01FF01FEF5
FC03FEFC00FEFBF6
FDFCFE02010200FE
01010000010000FE
FFFC04FB0200FEFD
0001FC01FFFD0002
000301FF01030104
01FF02FFFE0403FE
FF0303FDFCFC0406
FDFEFCFE03FE0102
FBFC000202FE0001
FE0202FD00FE0002
FFFF03FEFDFE00FF
FEFEFF0002FF07FC
FEFEFB02FC0004FE
FEFFFD02010204FD
04FE00FF04FDFC06
FEFCFEFF02FCF80C
01FF00FDFF0303FA
FCFF010301020104
03000001FFFE010E
FEFC02FC04FF0614
02FE00FD01FC01FE
FC0300000101FFFB
0203FBFEFD000304
03FEFBFF0201020B
FE02FEFFFDFF04F9
FDFDFDFFFFFB06F8
0001FFFF0000FF03
FF020302010202FC
0302FE03000207FC
FCFD03FE01FB04FB
FEFCFDFC02FE04F1
FFFE02FFFD02FFFF
FFFD03FEFCFCF8FB
0203FE01FD0004FD
04FCFC02FB0202EF
FE03FBFE010106F1
FCFC0002FEFC04F9
03FCFDFDFE01FC00
03FFFF02FF030002
FC02FDFDFEFDFFF4
000200010301FDFE
FCFC030104FC0105
02FF00FEFF01FE0A
030201FD00FD0101
030003FFFDFB010C
0200FEFC01FCFFFB
03FD040200FF00F9
00FDFEFFFFFDFDFD
FD02FB03FEFD0002
FD00FE0203FDFFFB
FD03FCFC01FB0704
FF030002FBFF0303
01FDFD0104FC06FB
01010300FF0102FF
FDFEFDFEFDFF0205
FC00FEFEFE04FF01
FE0201FE00FF06FD
FC0101FEFDFF0204
01FEFFFE0301FE04
0200FD0302030503
FEFBFEFCFE030601
FCFF000200FC0BFA
00020203FEFCF80B
01FF02FF0300FB0F
0201FE0100FD0700
FE03FD00000104FF
03FFFD0000FF011B
02FF000100FC0314
FF0000FDFDFD07FB
01FEFC03FE0104F9
FEFDFD0102000A02
FDFF00FEFFFF0202
01FCFD00FEFD04FB
FF0301FD0102030A
04FF030302010904
01FF01FCFCFF0401
03FCFFFF00FF0300
01FFFE04020104F6
000302FDFE010202
FE04FBFF000004F9
FDFCFBFFFC0204FA
0101FC00FE01FD04
01FEFC030202FFFB
01FEFC02FF00F600
03FCFD0002FF02FF
FEFE02FCFEFDFBFF
0103FDFF0102F8FD
0000FD01FC00F406
FFFF0103FD03FBFD
FD0400FF00FEFC02
FEFCFEFCFD00FC05
000402FE02FEF70C
0302020100000302
FD0204FDFFFDFDF1
0002FDFDFEFCFC07
FD04FCFC040102FA
FCFDFFFC04FE02F6
FEFDFCFC01FD02F6
0400FEFFFEFC000D
00FE010102FCFC09
FE01FCFE030202FD
00000002FFFD05FF
01FEFC02FE000306
FCFFFD02FD030408
FCFBFC02FEFEFFF9
FD01FE0102FEF908
01020103010204FC
03FD0000FF030506
020001FE020301FA
FFFE01FE02FFFDFC
FCFF05FC01FEF708
FC0000FD01FEF608
00FFFEFE00FC06FF
FF0000FDFD0303FA
000003FDFE02FB16
01FE01FEFFFD0014
0100FB0000FEFFF6
FDFFFFFE040100FD
000001FE0102020A
040003FBFFFFFE14
FE0201FFFC00FEFF
FDFC000103FE0300
FEFF0301010304FC
FCFDFFFC03FE07FF
00FB01FFFCFF0701
020300FFFF0201F9
0100FEFD02FFFD02
0300FE0102FE04F8
0102FD00FD020802
FE00FF00FC020201
02FDFC0103FD030B
0500FDFD02030201
03FDFFFD00FD02FE
FE0002FDFF02FB06
FE00FEFF0002F504
0000FBFFFFFEFB11
0001FEFF01FFFEFC
FD010301FFFFFF04
02FE00FEFF000002
04FDFF0002FBFF10
02FFFE02FE01FFFE
02FEFC040203FAFA
030200010001F8FD
FD01FDFD01FEF8F5
0003000100FD03F8
0002FE03FEFCFCFF
FEFD00FD0303FE0B
FCFF00020004F90B
0203FCFCFC0400FC
02FF03FCFDFCFB03
FDFFFEFFFDFCFDF8
FDFBFE020201FA0C
03FEFF0301FEFFFA
FF01FFFEFE01FD00
010304FE03FE010A
02FD02FF0300FB11
FEFFFC0401040202
FF0302010304FE01
030300FEFDFBFEFA
FCFDFB00FEFEFFF9
FF04FD0002FFFEF4
FE0000FCFFFB03FC
0102FD0100FEFBFE
02FCFFFEFF03FBFF
00FDFBFFFC00F9F7
0001FD0300FFFAFE
FEFCFF04FC02FA04
0200010201FDF8F4
01FF0400FE01FB0B
FBFFFCFBFB030000
FE0203FFFFFFF708
FE02FF0100FCFC03
FDFC0003FF03F60A
00FEFE0302FD07FE
02FD00FCFCFF0204
020004FD000107F6
01FE020102FD0902
000000FCFDFD00FC
FF02FEFFFF00F821
03FD04000000FC0A
FCFC0001FEFD0003
FFFF0100FF0200FB
020303FD01FFFF0E
FCFDFEFC02FEF31C
FE00020001FDFE01
FE01FCFD01FC00F7
FEFFFF0200020204
FCFCFF0301FCFF01
03FE00FF02FEFF01
FDFFFD03FE00FFFF
040000FFFEFE0205
02FF01000002FE09
00030003FCFC07F7
00FD03FC03FE0702
00FB0201FEFD0AF9
03FBFE0200FC0703
02FE0303FF030200
01020303030406FC
FD01FDFE010405F7
FFFCFC0200010200
03FEFEFFFDFD03FA
FF03FDFDFE000408
FCFE010300FD0506
FCFC00FEFB020905
FE0103FD01010902
FCFC0203FF020205
02000100FF01FF03
FCFC00FDFF020702
01FC00FF020102FD
FDFB020002FF0200
FDFB01000003FAFD
FF0204FF01FFF904
FD0200FF03FC02FD
FEFE0101FDFFF800
FDFC0201FEFDF401
0002FEFDFE02F204
010201FF0301F607
02FDFFFDFCFDFC01
FF030100FC02FB01
FDFC01FE01FFF609
FD02FE01FCFDF8FC
FF00FFFE01000D00
FE0100FE020102FF
0002FDFB03FC000E
01020100FC0407F3
FEFE02FDFF0406FD
FE0100FFFC04F909
0003FD00FCFEFE12
0202FC0301FC07F0
FF00FE00FE000AFD
FDFBFE02FB01FF0F
FFFF02FF01FE0306
FCFFFE03FD040202
FEFF00FFFFFD08FB
01FBFCFFFDFD0406
0201FD00FFFD0CFE
030200FFFF010404
FEFD0100FEFD09F9
0302FEFEFEFF06FE
FF01000101FCFA04
FCFC0302FC000103
0001FDFD00FE0001
FE010303FF02F5FB
0303020301FCF8F5
FDFEFD0003FFFCFB
03FEFF02FDFD0007
FCFD000302FCFB00
FDFEFE0304FEFEF9
0101FD04FD02FFFF
0003FC0002FC02FB
FBFC00FC00FD0107
01FE04FDFFFEFEFF
0200FCFFFE00FB0F
0001FB0002FD00F8
03FCFDFC0102FBFB
FE03020101FFFBF8
0103FDFF0103F9F0
FF0203FDFF02FCFA
0001FE0201FD0304
01010102FC01FCFF
FCFCFF00000104FD
00FFFC02FD020400
0002FF01FE03FFFC
02FDFC020201FE06
01FFFF02FFFE01FA
0002FE02FC0305FC
FF0400FE03010800
02FB0401FF020B03
FD0103FE01000101
00FD020203040402
FF010100FCFFFCFF
01FB01FFFF03FB01
010203FFFEFD06F9
030303FE02FF01FD
02FC010202FEFC13
02FFFD00FE00F513
FCFDFEFDFEFD00F8
FD02FEFC01FCFA00
00FE0102FBFBFC02
FC00FEFE02FCFE0D
FF03010200FF02FB
FB01FF00020002FB
FEFF02010403FDFD
FCFFFC0100FC02FF
02FFFD0401FD05FF
FD01FCFF0003FFF6
03FEFD0001FF01FB
FDFE0000030203FA
FBFE0301FC0102F9
02030300030208F9
020201FF01020603
FD020300000308FF
FCFDFDFDFF0204F6
FCFD0101FC0104FE
01020102050104FE
FE030001FC000804
FDFFFF00FD000704
0301FF00FCFE0301
03FE0000FE010802
FFFD04FCFDFE0203
02FEFCFEFC0105FF
FCFE02FE01FF09FB
FF02FE0403010006
040101FE0100F809
05FE0401020008FF
FEFCFEFEFEFF01FD
030202020302F61F
0303FE000302F914
FF02FF00010406F4
00FFFCFDFDFE0201
0100FF020002070A
00FF010000FFFF17
00FD00FFFC0204FC
0001FDFE000008FB
FC0102FD04FF0700
FD02FDFD02010500
00FCFDFC030203FD
FDFE00FFFD010402
03FE01FF03000800
0302FB03FC0105FA
0302FF02FE020301
FDFDFEFEFD020002
FDFCFF0202FEFBFF
0002FBFC030100F2
02FF01FEFD04F6FE
FD02FC000002FA05
FE01FFFFFFFFF5FF
FFFF0401FE01F7FA
01FF01FF0201FAFE
01FDFDFE03FDFA06
FCFF04FEFEFEF903
FF0101FF00FBF9FD
02FDFE02FD02FE02
020000FF00FFFDFD
020201010001FD03
03FFFCFDFE03FCFD
FE00FDFB01FD00FF
01030300FCFDFFFA
01FEFFFE03FBFD01
FC000200FD0404F4
FCFFFC01FFFDFD04
00FEFEFE03FFF903
000302000300FD01
FF0302040001FFFA
01FDFDFFFCFFFBF4
FF030204FDFDF902
030304030000F909
0000FE020201F805
FF0301FEFDFCF9FA
02FDFD0102FF07FB
0000FDFDFDFCFEF1
FC0103FEFEFD01FC
FB01FF03FEFD06F3
FFFFFEFE030003FA
FEFE00FCFFFEFF0D
FD020300FDFC030F
02FC0200020005F7
02FD020102FB0305
01FF0102FD01FF04
FC04040302FB0308
FE01FDFFFFFE00F9
FEFCFCFFFC0303FC
00000201FC030301
00FE02FE000003FE
FFFB0102FCFFFFFC
FD030100FE010402
01FB0001FC02FF07
02FE04FB01FFFB09
FCFCFD0003FD0704
FB02FDFFFEFD0200
03FEFFFC00FD0804
00FC02FD02000703
FC0202FD01FB08FD
03FDFDFFFCFEFF07
FDFCFE03FFFD00F5
FFFFFE02020200F4
010301FE0303FF00
FE0302FE0200050B
010103FC03FC0504
FFFB000000030301
02FF0103FFFC0609
FD010400020206FA
FE0201FF01FC05FC
01FDFEFEFF0003F8
FFFE01FBFE0007F3
FCFFFD0104FD03F0
FFFC00FC01FC0002
00FDFD010201FF04
01FEFB02FE0002F1
00FF04030403F6F4
FF020300FC02FF0B
0100FC02FFFBFA06
FE0002FDFE00F7F7
FCFFFB030000F7F8
FD02FDFEFC000106
FF01FE0003FCFFFF
FB03FD03FD02FCFB
0A000000F3FFFFFF
FEFFFFFFFDFFFFFF
FCFFFFFF00000000
01000000FCFFFFFF
0201FDFD0302FEFE
FFFEFEFF000602FE
00FD00FB0109FD02
02FBFD03FDFDFC01
F7FEFC04020202FF
01FF010102030004
F7FE0402FE00FD01
FAFDFDFFFF01FDFD
02FA03FF020001FB
01FF03FB020001FD
05FC01FFFF020002
04FEFEFE0301FE03
FE0103FF0008FF01
090000FFFF020101
08FDFD00FE0303FD
08FFFCFEFD02FEFF
F8FDFF0303FCFE03
FDFD0003040600FF
FEFF01FE02090401
0805010203FD00FD
F3FB03FF0002FCFE
F400FFFD02FFFDFF
F9FD03FDFEFD0201
FA0200FD02FA0100
FD00FF00FD0303FF
FFFDFEFCFC08FE00
FC010300FDFC0002
FFFF00FD0006FF00
FCFE020302FCFE01
0600FBFE0101FD03
F7FFFC010002FCFE
FAFE02FCFC01FDFF
F6FE02FCFFF9FEFF
FAFDFF0103FDFE00
FE0202FB02FCFCFE
0202FDFEFC0100FD
FFFE0201FBFC0103
FA0102FF02FE0202
0201FDFFFCFC03FD
05FE02FDFDFFFD01
0000FD02FCFA00FC
050000FE01F803FF
0AFF0100FEFC02FF
06FCFDFD0004FB01
FF01000001FC01FF
08FE03FFFD02FD01
07FC0003030002FE
01FAFEFEFF00FEFE
FCFAFFFDFEF2FB02
03FBFC000305FCFE
FF01FCFDFCFB0002
0406FFFC04FCFDFD
FBFBFFFD02FA0102
F9F7FD00FD0302FD
F5000200FCF8FBFF
FCFEFE0302FAFB02
FCFD03FC00FDFE01
FB00FF010106FFFD
00FBFC01FCFDFF00
020100FE00FE0102
01FEFD03FBFCFEFF
FFFFFEFDFD03FC01
FEF9FEFEFF0502FD
FE00010002FD02FC
0403FFFCFFFFFE01
080304FC03FD00FF
02FDFDFCFFFBFCFC
0501020003FD0200
0401FFFC0002FD02
020303FD02FDFF02
030303FDFFF9FEFD
0104FFFC03040201
0200FBFE00FFFF02
FF00FE01030502FF
FC020201FB05FCFE
FC0201FFFC05FDFF
0401FCFC02FEFEFD
F601FEFD0301FE01
FB01FBFF00FDFD04
0008FC01FC010001
0003FCFE02FEFE02
0500FD02FEFE02FD
FF02020201FA0203
0302FD0303FEFDFD
F9FA03FD00F8FD02
03FCFCFE02FAFB01
03FD03FEFF0302FF
0600FEFF0000FC03
FE000301FEF9FDFC
09FD02FFFEFDFFFC
01FAFDFD0206FE03
05F900FE03FDFCFE
FDFF0001FD00FDFB
FAFF0001FF05FC05
00000000FD040002
0504FEFDFE02FCFF
02050005FCFF02FE
FA02FEFE010BFDFC
FAFFFCFE000A04FD
02FB00FD030000FE
FE06FE01FF0000FE
FFFD0401FE0101FD
FBFEFDFEFD0A0001
FFFDFF0102FEFFFF
02FAFF0101FDFE01
06000001FB01FFFE
0501FE020305FCFE
0801FFFC00FAFE03
FF0302FD0003FCFB
FF00FF030204FD02
0FFF020203FE02FE
03FD01FC01FFFD01
04FFFF0101FDFE00
FEFEFD020202FF00
01FEFFFB0405FC00
0201010302FEFC00
020000FDFBFBFFFF
FA02FB05030102FD
01FD0203FC0101FD
09FBFD0302F902FD
0300FEFDFDFEFFFD
05FCFD01FEFD0102
07FFFE03FB05FDFE
05000400FDFF0100
0300010101010203
07010001FC060303
0401FFFCFF00FD02
0AFCFEFF02030002
08020105FDFC0001
0501060003FDFDFC
050303FE04F80303
FEFC030101FAFEFE
02FDFBFE0003FE03
0001FFFFFDFEFF02
00FBFE01FE00FD02
FDFA0002FDFDFD00
FD00FB0003F9FF01
FEFDFEFEFE0002FC
00FD0101020602FE
FFFDFDFEFEFF0202
0003FC0100F9FD01
0201FEFEFCFB0103
FE00FF03FDFAFDFD
02FEFC0102FEFDFD
FCFFFBFFFDFCFD00
04030403FDFF0002
0301FF02FEFC00FF
07FEFE00FEFB0100
FEF900FC010102FE
04FCFD0303010003
FFFCFD02FE0003FF
FDFE0300FEF9FC01
FC00FDFC00FC00FE
03FD01000103FC00
03FE020301FC01FD
FF00FE0101FEFDFF
FC00FFFD03FE0303
FAFCFDFFFD0100FD
FCFCFCFBFF00FCFF
FCFF0104FD00FFFE
FF000202FFFFFEFE
02FF01030004FE03
FFFBFE03000A01FD
05FB00050203FC01
0200FB030101FCFE
05FE0103FDFDFE03
01FBFE01FDFCFC00
06FFFB01000201FC
00FBFEFE04FE0301
05010000FEFFFC04
0A00FFFD0000FDFE
05FB04FC0205FCFD
0100FFFFFE0A03FE
04FBFFFC03FE01FD
03FEFCFF0105FEFD
05FD00FBFF09FD00
FE0101FEFFFDFD00
FCFE020103FD02FF
FBFF01FE01F701FB
04FC010001F40001
00FC02FE02FF0300
00FE030002FE02FE
0000010202FAFCFD
060000FDFEFEFEFF
FF00FE02FD00FC00
01FE0101FCFEFD00
FEFF0301FE0402FC
FEFE01FA03FCFE00
03010003FBFA0200
0001FD03FEFCFC04
0501FBFBFE020400
00FCFBFAFDFF0300
F9FF00FF03F7FCFE
0401FD0100030103
FEFDFE04FF070102
03FC02FFFBF9FDFF
F9FB0101FC02FF00
F6F9FD00FBFC0002
FA01FF02FFFD0102
FE0101FBFF03FB00
03FCFEFD0100FDFE
FEFB00FFFD0303FD
07FF0101FF0AFC02
02FCFDFEFFFE0101
0201FFFBFC010200
06FFFCFE02020203
01FB04FFFF02FF02
01FF0403FF02FC02
03020305FF00FD02
01FBFC01010103FD
F2FFFBFB0007FC03
F3FC00FB01FF0100
F9FE030001FD0203
F3FA01FEFFFB0002
F5FA02FFFDFEFF02
F5000001FE060001
FFFBFEFDFFFB02FF
02FDFE01000100FE
050002FF0100FB01
F9FD03FE0004FFFE
01FFFEFDFFFC03FC
FEFCFCFEFF0303FD
03FFFD00FFFFFB01
FE01FF030205FD03
FCFC00FFFDFA0200
F901FC02FC01FE01
FC00FC02FDFF0102
FF0002FCFDFE02FD
FA010206FD04FFFE
01FB0302FCFFFD00
FCFCFE0201FFFC00
FE04FCFF0102FDFD
FDFEFE0102FF0100
0A02FCFEFEF7FD02
0802FD0202F901FD
06FF0101FD00FC02
FF0103030203FF04
FEFFFF030006FD00
0B0000FEFD090302
020202FFFF000004
FFFEFA0401020101
FAFDFDFE00020301
FCFFFFFF0008FFFE
F80302FCFD01FFFF
FEFBFD00FDF8FC00
F9FA00FFFFFDFCFF
FA0000FD01000202
F7FDFDFF010203FF
FF01FD03FEFF00FB
05FB00FDFDFBFFFF
070101FDFE0202FF
F9FE03FDFD0401FE
0005FDFD01FAFF02
F801FEFEFE07FDFE
FCFC02FF030402FD
07FFFEFCFD02FCFD
0001FE00FCFCFF04
FBFFFCFDFF04FFFF
FDFFFEFC0208FF02
070202FFFFFAFCFF
FDFD03FD02FA0102
F7FB0400FE08FFFD
FBFFFCFFFD0500FE
F5FF0102FEFEFEFC
FFFD02FFFF01FFFF
0300030200FEFF01
FFFB05010001FE02
06FC03FF04FD02FF
0003FEFD0003FDFF
06FD00FC000200FF
0AF803FE010202FF
0A0001FCFD03FCFD
06FF0300FE04FC00
F8FDFFFD02FDFE01
F2FC0401FF09FD00
F5FEFEFEFE02FEFE
05060302000301FD
F603FE0201FF02FF
F5FF02FDFFFE0103
F802000300070102
0300FBFD01FD0003
04FFFD03FC00FEFD
09FEFE03FFFF02FF
00FC00FF0306FC03
0003FCFC00F50300
FC010203FF020103
0603FEFB01FB0101
FE030002FD05FC02
0B00FE03FCFDFEFE
FEFEFD0001F7FD03
0501FB01FFF90102
030303FEFDFD03FC
0404FFFC00F7FF03
0702FCFE03FC04FF
FEFB01FE01F603FD
05FF01FD0303FB02
FB0201FFFFFB01FC
FB04FEFE0201FCFD
0101030102FBFF03
FD0200FBFDFCFFFC
04FD01FDFBF801FD
030301FEFFF603FF
03FE0100FFFEFC04
0202FE00FFF7FD00
FF01FE00FF0301FE
FE04FC00FF08FD02
070102FD020900FD
04FEFDFD02010300
00FCFEFE010502FD
08020103FF000302
06FBFD03FF03FDFF
0900FFFB0003FE03
FE000401FB010100
09FBFD020105FD03
02FE00FCFF0A01FD
0B00FDFB000502FD
0202FEFD0106FC01
06FBFD0104020103
08FAFC0302FF0104
08FFFE000308FFFC
0203FF0303FE03FF
02FC03FEFE00FCFF
03FF0104FDFF0102
06030202FEFEFBFC
F9FC0001FDF700FD
FCFF0200020700FF
FCFC01FFFBFE0000
FDFE00FC00FEFDFB
01FA0101FF01FE01
05FCFF0000FDFFFE
0AFF01020003FEFD
0CFEFFFF0303FF02
0300FE01010201FD
0204FDFDFF0103FF
0501FFFC0200FDFC
040201FFFEFE0102
03000300FEF8FEFD
03FFFFFFFCF7FBFC
01FEFEFDFCF40001
050000FE03F90201
F9FB0402FF0202FE
FFFA0303FCFF02FD
06000004FDF70202
00FFFFFC00FEFD01
F5FE010003FAFEFF
05FC02FDFEFC0302
FF0303FEFDFE0001
FFFE000001FAFEFE
02FD040200FA01FD
FEFFFC0105F7FF02
FDFB0001FFFC0300
FF0200FBFF010301
F900FDFE01FA0200
FA00FEFEFE04FE02
02FA02FFFE03FF01
FE030000FDF90201
FAFC03FEFDFD0000
01F9FCFCFDFFFF03
03FE0204FCF9FEFC
05FBFE04FDFCFFFD
0603FE00020301FE
FCFF01FF01F7FFFD
02FC01FC03FAFC02
07FDFE03FF01FF00
0900FE01FFFD00FE
03FEFFFF02FD0200
05FD00FCFD000401
04FEFBFBFD060000
06FB020300F60301
FD000203FD060003
02FF03010108FF01
01FE000400FA02FE
020100FDFE030303
F90102FC040DFCFC
FFFFFC03FE09FE02
02FCFE000001FCFD
07FD0100FFFDFD02
FEFCFEFC0004FF02
02FC0101FD060102
04FAFD0001FEFE00
03FF03FDFDFEFEFF
0600FE0303030200
02FE02FEFF04FDFF
04FDFD040204FC01
FCFEFDFE02FDFD04
FAFCFF000103FF02
F3FEFCFC040A0304
F300FD00FD050100
F6FF020202FE03FF
F200FCFE01FE00FE
F5FF010101010000
F6FA000300070200
FF00FDFEFEF80201
FCF9FCFE03FE03FE
08FEFF0102040103
00FA01FCFF060203
FDFCFEFD03F8FC01
FDFEFE01FE01FD00
0BFDFCFE02010103
070002FDFF09FD01
F6FF000000F903FF
FDFBFC03000A0003
06FEFC0203FF03FE
0100FE00020B00FC
F20301FC01FE0100
FCFC0201FCFEFE03
F2F903FFFCFEFD04
FBFE03FD030401FD
03FE01FD01FE02FD
00FB0000FE00FEFC
F9FEFEFF030002FD
FAFDFD020005FE02
00FF00FFFDFFFCFF
FDFC00FE0002FD05
FE0302FEFF0202FE
0600FEFC0005FD01
F6FDFEFBFC0000FF
FC0002FE010004FF
FAFFFFFBFE0DFEFC
F90504FFFD010300
F40004FF02FE0002
F9FFFD01FFFF0300
FCFAFFFF01FF00FF
F8FB02FC020104FD
0002FEFD02FC0102
FD00FFFFFCF80001
FBFBFC02FDF8FDFE
FB01FDFF01FFFFFD
FE02FF010303FD00
07FD00FC04FDFD01
02FEFE01FF0200FD
F900FD010209FD00
FC01FF01FEFD04FD
000000FDFDFEFCFD
F7FE0401010204FF
F804FDFF0106FF02
0101030201FCFD00
FFFEFF0200050203
F501FD02020503FB
F7FCFFFBFC0800FE
0403FCFFFDFA03FF
020000FE02FE0000
06FDFE0200FD00FF
F9FDFEFCFC050102
FE06FEFD04FCFF03
F600FCFE0200FF04
FC020101FE0402FF
00FAFFFF0208FF00
020303FE030500FF
05000303FD080300
0401FEFD0201FFFD
08FFFF01020301FC
0B0200FDFE00FF01
07040201000AFBFD
0C0200FD0208FE01
0C00FEFDFF08FC03
040201FBFD03FEFF
03FE03FD0305FE03
03FEFC01030702FE
0101FFFB0201FD02
FE04FDFB030502FD
F50001FD01FA03FE
02FF03FEFF01FE01
FF03FC03FD010204
0103FEFEFBFB0002
03FD0301FE03FD01
FC020302FB07FD01
FA0002020302FF00
FDFFFEFE0200FFFC
F90000FCFFFF0204
0100FB030002FEFF
FBFE02FF0200FF03
04FCFDFBFC03FD03
FEF9FF00FEFDFE02
0200FC01FCFB00FF
01FE03010006FDFD
F70201FC0200FD01
F901FEFFFD06FEFC
05FFFB000407FD01
FEFDFEFB010BFD02
01FD0002FCFF01FE
FC03FB01FFF902FF
FDFE03FE03F3FEFC
0703030201F601FD
FDFE000302FDFFFE
FDFC04FC030303FC
0400000201FB00FE
0001FC0200090302
040300FF01F8FFFB
00FAFFFBFF0A0300
F8FC0100FF04FE03
F901000104020104
0300FF01FEFEFFFF
FF00FEFF0100FFFF
0101000200FBFC01
0402FDFF03FA03FF
FEFE0000FEFBFDFE
00010102FF01FE00
F4FBFFFE0108FFFE
FAFBFEFDFE0201FD
FCFC0201FFFCFCFE
F6FE02FC0101FB02
F6FBFDFEFF02FCFF
FBFB020103FF00FC
01FE0201FFFFFF03
FE01FCFCFB050201
0601FDFE0002FD03
FC00FC000007FC02
03FD02FF03FCFDFE
04FC00FEFE03FB00
0BFDFF02FCFC0203
020103FE0104FF01
030100FD01FDFF01
01FB0201FFFC0301
FE00FDFD02F7FBFB
03FD0202FFF60202
0504FE0001FBFC01
FDFF04FE01FBFF00
06FCFDFDFFFD0201
FFFBFC03FEFCFDFD
FD01010000FCFF02
05FA02FEFFFDFEFE
07FEFDFD03FE01FB
0001010400030103
0105FDFD0201FFFF
04FF0200FFFDFE03
0A03FDFCFFFC01FC
01FEFE01FD0103FE
FA04FCFDFDFC0103
FA010301FD020303
FAFDFC030206FE02
F700FCFCFF01FC01
F8010000FEF702FF
F7020002FFFE0100
FD01FD03FC02FDFD
0101FCFFFD01FF03
FDFE00FE00FC0102
09FF020301FAFC00
05FD01FDFEFFFC00
07FAFDFFFD06FEFE
FFFFFC03FE020101
0A02FFFF0301FCFD
08FAFEFC0303FEFD
03000001FD0301FE
01FC02010400FF03
0400FF04FDFA04FD
08FDFC020406FDFF
0701FC0202FFFDFD
F6FA030000040201
05F9FD0200FE03FD
03FCFEFF0200FC02
04FC000100FFFDFF
06FE020104FE00FD
030001FCFE00FDFD
0101FE03FB0103FC
0CFD03FDFE05FD02
04FE02FBFE0200FF
0201FDFFFC0504FE
0202FD02FC03FC01
0301FFFFFE0602FE
F1FBFCFE01FB0003
F50001FE030CFEFC
FDFD01FFFB00FEFF
FC03FE02FE0002FE
F4FA0200FFFFFFFE
F6FF02FC02050102
F3FD0101FFFCFCFA
FC0004FCFC0001FD
FBFD0202FFFDFFFC
01FFFE010304FF03
FCFBFDFB00040002
01FBFE00010301FD
FEF9FDFFFD00FD03
FF0101FD020002FF
FDFD03FFFE03FF00
00FB0204FFFC00FE
F901020001FCFEFC
F6000102FD060302
FFFE01FFFD070100
000200FF03FF0201
F4FBFDFBFB03FFFC
F4FAFFFD010200FD
FAFD0002FD05FFFD
FD01030003FEFEFF
01FFFCFB03FA01FE
03FC03FBFE010202
FCFBFDFD0300FC00
FFFF03FF0104FE03
02FD01FD00FFFD00
01FA03FC030403FE
F800FF020003FC03
00FC03FE02010001
FCFCFD0101F900FE
FD01020301020302
FEFFFD00FFFD0100
01040100010403FE
FAFC020002010200
FBFC03FD0103FFFD
FB00FC02FB030102
01000301FF03FC00
FC0001000202FF02
FFFD0102FF0103FE
00FEFE03FDFC0003
F8FA04FD0003FD03
FF01FF01FCFF01FF
FEFE02FF010AFF00
FC0202FE01060000
FC02FFFF02070102
FB02FD05FEF901FF
F60102FDFCFB03FC
F302FFFDFD090101
F90101FCFDFC00FD
F802FFFBFEFCFE00
FBFB02FAFBFDFEFD
F700FD0001FE0100
F9FCFE00FE02FC00
FC00FC02FFF80300
FAFCFE0101F8FDFE
FC02FFFE00F80200
FCFDFF00FEFEFEFE
FF01FDFEFEFCFFFE
0001FCFD03000001
FEFEFDFB0208FF00
FB050200FE050103
01FDFEFBFDFF0201
00FC0104FBF4FD02
FDFF0404FCFDFC02
0604FCFC02000100
02FC01FFFCFB0001
FD00FDFE01F904FF
05FE0002FCFAFEFE
FFFF00010203FFFD
0103FD0203FDFEFE
FA02FEFF00F504FB
FEFD03FF02F6FFFF
05FFFCFF03FB01FE
0501FDFBFCFDFDFD
03FFFDFEFEFC04FC
03FE000303FA0202
050400FD01FEFBFC
0601010200FBFEFA
F602FF02FF04FE02
F9FF03FFFD09FE03
03FEFF0403F8FEFE
01FD00040302FEFD
FBFBFD02000400FF
FAFEFD00FD040100
FEFBFC03FBFE0302
FF0300FC00FDFDFF
02FBFCFFFDFFFCFC
0201FD00FF030001
05FB03FC03FDFFFE
FDFEFD01010400FF
0AFC03FF000201FD
05FEFBFFFD04FD00
05FEFF00FC0201FF
FFFDFD04FCFFFD02
F6FDFD0001FE0200
F6FB01FFFFFD0100
F9FBFC06FF03FDFC
F6FBFE02FF0101FF
F8FCFE01FEFB0302
F7FF0404FFFF02FC
F7FBFD01FE03FFFF
03FEFF02FEF902FE
020001FF010000FD
0602000200FAFFFD
FD01FDFEFE04FBFD
FC0403FAFCFBFEFE
F6FFFB00FF0300FF
06F9FCFF02020004
05FDFBFB000A0003
04FF0102FCFCFEFD
060101FA01F90003
0301FDFEFDFAFDFE
FE0302FEFDFC0002
08FC00FC03F90101
07FD0000FDF70402
FF01FDFD02FAFD01
FFFEFD00FB0502FB
02FDFFFF020203FF
FFFE03FC01FD00FC
0505030200FCFE00
FFFD02FD00FDFD00
070500FFFEF9FFFC
04FC03FBFEFE0000
0704040200FDFC02
050101FD00FB0100
00FDFC0300F80102
FB010203000FFE02
F8FBFCFDFD0602FF
03FD0204FEFEFE04
F7FEFF01FC02FFFE
FAFDFF03010AFCFC
F6FF02FFFC0BFE04
FB02FE05FEFB0200
020102FD03FA0002
0102000102FEFE02
01FF0003FBFF0000
06FE0203FEFB0102
00FBFDFD01010404
090001FD000102FD
06FB00FF01050401
000101FDFFFDFDFD
01010101FFFDFEFF
07020302FE08FC00
0202FEFFFD00FDFB
0105FFFFFCFF01FF
FCFDFC00FDFF0103
FBFF00FE00FF0200
F9FDFEFBFC03FD03
0201FFFC01040202
FCFEFFFB02FFFFFF
04FB010101070300
02FBFCFDFD00FDFF
06FF030201FD0100
06FFFCFD03020000
09FFFDFE00010002
0101FBFCFD07FC04
030101FD04FB03FD
F20001FF000101FC
F5FFFCFA030F0100
FFFB0001000402FD
01FEFF03FF01FDFD
F6FEFEFD0204FF00
F4FAFDFDFB0A03FF
FBFE01FFFE020202
FCFD03010001FFFC
02FEFC0102FC00FE
080003FCFE06FBFE
02FF03FDFBFE03FD
02FF03FEFDFEFCFC
FD02FD01FD08FE03
0BFD00FEFF04FFFD
FFFCFCFC00FFFC02
0202FCFEFC0200FC
03FF04FF030203FE
FDFE01FD0107FF04
FCFE00FE010BFBFF
020302FC03FAFDFE
FAFD03FFFB03FC01
F6FDFBFD0205FCFE
FF0003FC0009FFFC
03FB05FA03FBFF02
00FFFDFBFE04FF03
01FF00FDFE00FE01
02FC01FD030A0201
04020200FC02FFFE
02FE0104010202FC
060001FCFE0202FF
01FC01FF0102FD00
0204FE00FE0900FC
070201FE00F702FE
0400FE03FC03FFFD
0303FC0100FA01FD
070400FBFFFFFFFF
FF0300FFFDFC0401
040202FC01FD0302
0300FF01FEFFFE03
F90102FC0204FFFC
FF01FE0203FDFE00
FAFFFD02010300FF
FBFEFFFC0006FC03
0000FF010100FD04
0301FD0000FD01FE
F9FFFF00FFFD00FC
FEFEFFFC0408FF03
01FC0003FF050000
0100FF0402FB0300
010000FC03070400
FC00FF02FC04FEFD
FD0303FD0103FEFD
06FE0000FEFCFFFC
FCFD02FB0202FE04
FCFC03FB0101FEFF
04020200FE05FB00
03FEFEFFFFFAFE02
04FD00FFFCFE0002
FE030301FBFCFC01
02FEFCFE01FCFFFF
FD000102FFFC0100
FB0002FC0005FCFD
F7FE00FBFC05FC01
00030202FE010202
0C03FEFD02FE0201
010002FF04010201
FCFE02FF02FF02FB
FA01050200040201
FFFC01FDFF020100
F8FFFDFDFDFE0202
FCFE01FE01FF00FF
F6FEFCFDFE04FB00
F60002FBFF020202
FFFF01FDFF00FEFD
FEFAFCFEFEF501FF
FD0201FC010700FD
FFFFFD0201FD01FD
F6FC01FC03020104
F90102FF0202FD00
FDFBFBFAFC070104
0AFDFFFEFFFEFFFE
0504FD04FEFF0000
0201FD00FCFE02FE
06FC0302FE04FEFE
0305FEFF01FFFEFC
FB020100FE08FFFD
FDFEFEFD0203FF03
FDFF01FF010600FE
06FF0002FFFB01FD
FCFD00FF03050001
FC020203FF0EFEFD
0502FD01FC04FF02
02FFFB02FEFCFF02
02FC0400FC010001
FD0400FF00FBFB02
FE000002FC00FDFE
01FC02FDFFFBFFFE
F2FC0102FE0300FF
F200FF030103FE00
FB0200FEFDFB02FE
FC01FCFFFCFFFFFE
F4FBFEFEFD0004FE
F7FEFDFD030300FF
FB01020202FF0101
FDFEFDFA01FAFC00
FE00020102FC01FD
09FB00FEFEFFFCFE
01FB03FF0105FFFC
06030203FC08FEFD
0502FE030003FDFF
07FD00000006FDFE
04FD0001FE030202
0203FF030100FCFC
080202FDFE010203
0CFDFF03FDF9FE02
0002FFFB02FAFEFF
0701FE04FDFCFDFF
0901FFFEFBFC01FD
08010104040202FF
0AFA02FDFEFFFEFF
0301FE0100FE0002
0202030004030001
050301FCFF06FF01
FC010101030501FE
F9000100FDFFFE03
FCFE0403FB0CFEFD
FDFFFFFDFD0102FD
04FFFB02FCFB0103
0901010300FBFD03
FF020302FC00FE01
F4FD01FC02050105
FB02020100FDFEFF
02FE000100FCFFFC
F3FDFD00FE0400FF
F2FE0202FC0AFCFD
F50002FEFDFC0000
0305FD02FCFA0003
00FD0300FC040202
FDFC02FDFC050201
FD01FD04FFFE00FC
FFFDFCFD030000FF
010002FEFEFDFD03
0601FEFCFEFCFE00
0303FEFE0000FEFD
010001040303FD00
FBFC01FEFF06FF00
F4FBFF02030901FC
FE00040403FD0304
FAFC00FB02FEFF02
FAF9FC0001FD00FF
F2FCFC06FFFCFDFC
F8F900FDFE0800FC
02FFFFFD00FBFE00
03FB01FF00FDFE03
0100FF02020601FD
FEFC00FEFCFFFEFF
F901FD01FFF7FC03
F7F9FDFEFC030001
04FAFD03FF03FE00
01FFFDFFFE000201
09FFFDFCFEFDFF02
0300010202FEFEFF
00FA00FCFDFD02FC
04FDFEFFFCF802FD
080100FD000300FE
09FB000101FE0300
02FAFAFEFDFF0200
0600FEFF010304FE
07FFFEFCFEFA02FB
00010304FDF9FCFE
0702FC0002FB0300
FC00FEFDFC01FFFE
02FEFF0101F90202
07FBFDFD01FBFF01
01FCFFFDFFF6FE04
F80201FBFEFB0002
12FF02FDFF02FE02
020001FCFDFE01FF
0201030000040001
05FC02010100FF02
0E0003030202FFFE
050603030003FC02
050302FDFC03FEFD
0A0001FBFC01FBFC
FEFA01FD0102FCFE
0203FCFF00FEFF00
03FC02FD0004FB03
0805FF01FD06FEFE
0E050304FF0400FC
0802FE01FEFC02FD
0303FB0002FBFB01
080003FE00F9FBFD
FF0102FFFEFBFDFD
03020102FEF6FE00
03FF000202FD0100
FF03FD00FEFCFD01
0404FF02FEFEFD00
0702FCFFFEFCFCFD
FEFC02FE03FC02FD
FC0201FF02FE01FD
FCFEFF02FDFCFEFC
0401FE03FEFCFEFF
02FF02FEFCF4FEFD
03FFFF0200FFFDFF
040104FCFD0001FC
0801FD0001FAFF03
01FCFF0302FAFD02
FF02FF01FFF5FCFE
00FF0200FCFCFC01
FFFC000400030300
FAFFFD00030C0103
0803040203FA0301
F8FF0305FFFF03FB
F4FBFF03FD0FFCFD
F9FE0300FD0D0004
FDFFFE0401FD00FF
03FFFCFF01FDFEFF
040101FDFFFF0200
FDFC000201060104
090204FEFDFB02FB
FFFA02FC02FF01FF
060103FE0200FE00
00FE03FEFE05FB03
FF010101FD0200FE
0102FEFF02FFFEFE
00FCFF01FBFA02FD
02FD0101FC00FF01
060600FFFDFF02FB
F703FDFEFF0300FD
00FB02000300FE03
010202FCFFFC01FC
F7FEFF00FFFEFE01
02FD00FE01FB01FD
00FC02FD0000FD02
0000FEFC00070004
F9FE01FD03030201
FF0100FC01FE0303
FAFE0204FD030002
0402FEFFFB020202
FDFE00FDFE000101
FFFDFF03FEFF0000
FB00FE0201040204
F9FF0103010702FE
FCFC02FEFF02FE03
00FBFC0001030102
FDFD0000FF0001FE
FFFD04FBFF03FD00
EFF804FBFF060200
00FB00FE03FB01FC
F9FCFEFB03010200
FEFFFDFBFC020300
FB04FCFC010700FF
0300FDFC01F902FC
F80000FBFD04FDFD
01FBFBFD00060000
03FC02010403FD03
05FEFD05FEFD00FE
05FCFC0001FEFDFD
03FF00FCFE020102
0900FCFEFEFDFDFC
070100FE03FCFB01
05FBFC030201FCFC
08FDFD00020402FE
0400FE0300050102
0201FEFBFEFA0202
FE000302FE020301
01FF0102FE02FD03
0003FDFCFE00FCFD
0800010303FCFC01
03FD03FE02F7FE03
040102FE01FDFDFE
07FE0103FCFCFF00
FCFA00FFFCFBFFFF
F6FDFEFC0402FD04
FCFFFF020104FDFE
01FBFC02FE01FDFE
FC01FE0001FCFFFC
02FFFEFE02FFFFFF
FEF8FF0302FF02FF
FCFCFB04030102FF
00FCFFFEFE00FB00
FC00FF0001020203
FFFF00FE0201FC02
07FFFFFDFEFDFBFC
040403FFFC02FC02
06FE01FE0204FC02
0CFAFBFD0403FC04
04FDFFFDFD02FFFE
0C000200FE0201FF
0601FFFE01040101
05FFFEFCFEFF01FE
08FF0001FF05FC02
0E01FDFE01000002
0CFC04000204FC01
0BFDFCFE010901FC
0AFEFFFDFC0002FD
FFFAFD0000FFFBFF
00010404000403FD
05FE0202FF060100
050101FEFD00FEFD
FDFF0301FD00FC00
FD02FD0104030200
F402FEFE00FB0100
FE01FD01FD020302
03000000FFFFFFFF
FFFFFFFFFBFFFFFF
0300000000000000
0800000001000000
FE0901FE02FBFC03
030FFE00FDFCFCFF
0008FCFF02FCFC01
0104FDFCFEFEFCFD
04FE02FDFCFE0103
0303FFFCFC0001FF
03FFFF000201FDFE
02FCFCFEFE02FB00
FFFF04FFFCFDFFFD
FF04040102FEFE03
000400FFFDFDFD01
0308FFFE00FFFF01
FF0802FEFEFB03FF
FC05FDFC03FC0003
0400FEFC03FBFCFE
FF04FBFC0301FF00
FF03FBFDFDFE00FC
FD0C01FFFE00FCFD
FE0903FFFE02FEFC
FF0000FF03020003
000200FD02FE0302
FFFA0201FF02FFFE
0102FCFC01FE0301
01FD00010300FDFD
00FD00FDFCFBFDFF
FD00FD0100020302
FC03FFFD0001FDFD
00FFFDFE00FDFEFC
02FEFB00FCFBFEFE
02FEFF00FB0000FE
0303FFFFFF03FE01
01FDFF0300020002
03F702FDFC00FB00
02F9FEFEFF00FFFE
FF0400FCFDFBFFFF
02FCFF02FFFBFDFE
03F8FD01FF00FCFC
020300FE00020301
FEFC0103FCFE00FD
030102FD03FCFD02
FCFEFCFCFD0203FE
FFFFFB0203FC0101
FF01FEFFFC01FFFD
FD01FFFDFDFE0000
FEFCFC020200FB00
FC0001FD03FB01FC
FEFEFCFD020001FF
03F803FD030100FC
FFF9FD01FDFDFCFC
0002FDFFFE0101FE
00FD00FEFF000000
FDFCFEFEFFFD01FE
FC05000200FFFCFD
FDFDFD00010001FE
01FD0003FE0201FD
FFFBFCFDFEFEFFFE
FC010201FDFD02FD
FCFD02000102FB03
01FA00FE01FC01FE
040302FDFFFE0102
0101000100FD0101
02000304FF0201FF
0305FBFB0002FF03
FD03FC02FCFE0200
01FFFF0200000001
00000200FDFE0304
01FEFFFC0100FCFE
00FB04FD02FF03FE
FE0300FF01FCFD02
FC04FCFE010202FE
FFFF0301FCFCFC03
020001FF03020300
0202FF02FC030101
FE030101FDFD0100
0100FF02FFFD03FD
FF0500FE03FD02FF
FDF40100FC01FEFF
01FFFEFCFD020100
FCFF0103FD02FFFF
01FD0200FC03FFFC
FCFDFE02FFFDFDFF
00FF01FDFF01FD02
FCFF020202FB00FC
03FEFB0200FF02FE
FC02FF020201FC01
03F7FB02FC020300
FD00FDFDFEFC0202
00FE030100FEFC03
0305FFFC01FCFE01
03FEFD040002FCFF
FF01020100FC0002
FE01FC00FE020100
FC0BFC0301FCFBFE
FF06FDFBFFFE0101
0007FE01FD010302
0304FDFDFF0201FC
0100FF01FF0000FF
0310FE03FB0003FE
030C03FD03FDFD00
02FFFF01FEFFFEFF
FCFC0304FD0100FF
0203FB00FFFEFB02
040B01FE00020100
FDFCFF0200FE00FC
01FF01FC00FCFC02
030304FCFDFDFB00
FD00FEFCFDFFFFFC
03FEFCFCFDFC0003
FD02FF02000201FF
0106FCFDFCFB0003
FD00FEFDFB030203
FEFB0300FEFDFC03
00FC02FE01FF0100
FF0300FD03010302
0204FE01FFFD0303
FE00FF040101FB01
FE01FFFCFFFFFF00
0201FC0202FE0300
0202FEFF00FEFD01
02FEFE03FD00FD02
0202FCFD02FD0200
FF00FCFCFD00FF02
FF02010100000202
0205FD0101FFFF03
0007FFFD04FF0203
FD02FD0301FFFEFC
02070000FC02FFFC
0107FE02FDFE02FD
01FD02FC04FF0002
01F802FDFC010301
FDF7FCFD01FDFF00
01FAFE03FDFB00FE
FFFFFBFD010203FD
FCFF010000FCFF03
03020202FCFFFCFC
01FE00FD01030304
FDFE020001FCFF00
FFFEFEFFFE0202FF
0000FFFD01FFFCFE
FDF8FE030101FDFE
FFFCFDFE02FC0300
FF000000030100FE
FCFD01FEFE030002
01FF010002FD0301
00FFFBFC05FEFDFF
FDFDFD01FB01FEFD
FEFEFEFCFDFDFFFD
02FB01FEFE0300FC
020600FCFFFE0103
0001FFFDFF00FE00
FEFDFC0002FE0002
FCFDFD01030201FD
00FF01FC03020102
01FC01FF03FDFE01
FE01FDFEFDFFFC01
FEFFFEFEFE00FCFD
FF04FF02020200FB
0005FC03FF0201FD
04FDFDFFFF0202FE
02F9FC010200FCFC
FF09FCFEFEFCFDFD
030701FCFF0201FC
010901FDFD0103FC
FD07FF01FEFE02FF
FD0303FEFF00FF02
0102000402FD03FD
02000003FFFE00FC
FF0BFD02FF0000FF
FE0400000002FB03
00040100FD0202FC
FF08FF0202FF0201
FD07FEFFFDFEFE02
000BFCFBFFFBFCFF
FD05FF020100FDFD
FE0603FC0100FFFE
FD0AFCFEFBFD0301
FFFB04FE03020200
FDFCFDFCFDFF00FD
02F6FFFF02FFFCFD
FEF40403010000FD
FDFAFCFEFE03FDFD
00FCFF0101000202
FCFE02FDFEFDFEFD
FFFCFFFF00FC0004
FC01FC03FFFF02FE
03FBFB0301FC0200
FD0002FEFB0301FE
FDFC02FE010300FE
FCF6FE02FEFD01FE
02FC03FCFCFD0304
02FDFC02FD0001FE
03FB0302FDFC0303
FF0102010201FD01
03060201FC01FF03
0204FC02FC00FF03
FDFAFE02FD02FC02
0403FD03FD0102FC
FD01FFFDFCFC01FE
FDFAFFFEFC000201
FC01010101FEFFFB
0204FC01FFFFFFFE
FE070100FDFF0300
0306FB03FD000001
FD01FEFDFEFE0202
0205030402FC0000
FD00FE0100FC0100
0201030001FF01FC
FEFC0303FDFF01FF
FCFFFEFEFCFC0302
0101FE02FE0101FF
000C02FB03FEFD03
010101FDFCFE02FC
FEFE03FC03FCFF00
FFFAFF0100020200
FDFB01FD01FBFD01
03FD0003FDFEFE03
FE0103FF02FCFD02
FEFBFE0002FCFE02
FFFEFCFFFE0300FD
0102FF0301FFFDFD
FDFDFFFFFD01FC03
0302020302FD0103
000100FCFF03FF02
02030102FD02FC02
FFF9020303FF0200
0004010103020000
00040103FD010001
01FA00FD03FF01FF
FCFF0403FF00FF02
FF000202FEFD0301
FE02FDFCFF00FBFE
FE05FE03FE01FE01
FE03FC0100FEFEFE
03FA000101FD0300
02F7FDFC02FF0301
FDFA0003FEFD01FC
FE020002FEFFFEFD
FE0203FB0302FEFD
FF0700FD02FFFF01
030500FEFDFC03FE
02FFFFFE02FDFE04
FF00FFFEFFFD01FD
020903FC00FF01FE
FDFFFEFBFC0202FF
000002FCFF02FEFF
03FF02FDFCFF01FC
FEFFFDFF0102FFFF
FF0402FEFC020300
FB00FC02FDFFFEFC
FE01FDFFFEFF0003
FD0300FD00FEFF01
FC01020000FF0301
01FAFEFE00FC0100
0202FFFE000102FD
FFFFFCFFFD0100FE
000401FCFEFC02FD
FBFB00FF03010000
FE0F00FC00000001
010EFF03FCFB03FE
FCFAFD02FFFDFEFD
00FEFDFCFCFD04FE
FC030301000002FF
FE05FC02FBFBFBFE
FEFD03FE00030103
FCFBFFFFFDFD03FE
FD0003FFFDFEFD02
02FB010303FCFEFC
01FCFFFCFCFDFD00
FF00FEFD00FCFFFC
FC0401FE00FFFBFD
0200FE0101FFFE00
FDFE0201FEFCFCFE
0102FDFFFDFFFFFE
0200FC01FCFC01FE
FC12FF000000FF03
FDFDFCFCFF030003
01FFFE02FFFEFD02
03FB01FEFFFB0202
0101FE0000FB01FE
030503FF00FF03FC
03FDFFFD02FF00FD
FDFE02FC02010103
FD04FBFFFC0303FD
FD05FC03FCFEFD03
03FBFD00FFFBFBFF
02FF0200FC00FE02
0402FD02FC03FFFD
FD0202FE02FBFB02
03F701FC00020303
00F2FE010000FFFE
03F0FEFDFCFEFBFF
FFFBFFFDFF02FDFC
00F8FF02FD000101
03F401010100FD01
FDF6020002FEFEFF
FDFE02FFFE03FFFD
FDFB0100FDFDFF04
02F7010102FF0101
FCF8FE03030201FC
FFFA00FFFC010102
02F50001FDFBFEFD
00FBFEFDFD0102FE
04FCFCFDFF0200FC
FEF7FD01FD01FCFC
FB09FDFCFFFF02FF
0306FB01FD0002FE
FC0801FEFC00FE03
FC02FDFDFCFF02FE
010C0100020000FE
0404020100FFFCFD
FF03010103FE0102
FD040100FFFEFF02
FC0700010300FFFE
FC0AFDFF0302FCFE
FD0E01FFFBFFFE01
00040302FDFEFFFE
000701FF02FB01FF
FD07FFFBFD030303
FF0900FB0101FFFD
020600FC010104FF
FFFB0303FEFCFE01
02F9FEFEFD0001FF
02FDFEFF01FE03FE
FCFEFF02FEFDFEFD
FE02020203FD0302
FF050103FDFEFDFF
010101FD01FCFC02
FF020400FF0204FC
FF08FE02FE02FEFE
0101FB02FFFF01FE
000202FD01FC0102
FC01FFFF00FC0201
FFFB030100FDFEFC
FE02FEFCFE01FD03
01FFFE0301FF0302
FC0401FFFDFDFF00
01F401FE00FC04FF
FEF6FF02FFFC02FF
02F503FFFEFC01FF
01F9FDFEFF040202
FFFFFE04FD0301FF
02FE03010200FC00
03FFFEFDFFFEFE01
03FDFDFCFBFDFCFC
FFFAFD0200FE0103
01FA0002020100FE
FDFAFB03010000FF
00F701FE00FC04FF
00FC00000302FD02
02F8FF01FEFCFDFE
FFFEFCFE020300FF
01FCFE01FDFEFC00
FDFFFD000201FD01
FE050102FCFB0101
FDFF010000FE02FD
00FFFDFD01FBFD02
03020101FC01FE00
03FCFE02FCFFFC01
0001030302FE01FE
FD020403FC00FD00
0104FCFC0202FC01
FCFB00020001FD04
03FEFC0003FC01FE
0001FBFE03FF0000
FE01FCFFFCFE01FD
010502FEFCFB0004
010301FE03FBFCFD
FF0502FF02FFFCFF
FEFAFDFDFFFDFB02
000203FF02FDFBFD
FE0704FC03010201
02FFFC00FEFFFEFD
02FDFEFDFDFEFE01
0109FC03FDFEFCFE
020D000102FEFD04
0303FE03FD01FC01
FF0303FE01FBFEFF
FF06FD00FE0001FC
FF08FDFEFEFEFE01
0103030303010003
FF0B02FFFC0003FE
FE08FDFD030000FC
FD06FF0101FCFE01
FC080300FFFEFEFD
FBFF00FDFEFEFFFE
FE03FEFC0003FE03
0409FE00020203FF
FCFFFDFC02FD03FE
000300FDFF0100FC
FFFD0202FF00FCFE
FEFFFFFEFF0103FE
020200030100FF03
FC040103FBFC02FE
FEFFFDFE0202FFFC
FC06FFFD0002FC01
0503FEFD0103FD01
00FB020201FBFBFE
0005FF03FEFFFFFE
02FFFF00FF000200
FB060003FC02FCFE
030102FE00FF03FC
020B000302020003
FD0CFCFFFD02FCFF
FE0AFDFE02FE01FF
030AFEFFFFFBFDFF
000203FE0101FCFF
FF000002FE02FF01
000402FDFDFDFEFF
0006FD0000020101
FC01FBFC00FDFC01
FE02FD0203030300
00FF02FFFFFBFC01
FE03FDFF0200FD01
FF0203FEFCFD01FD
0201FEFF0301FEFF
FC06FD01FFFF02FF
FDFEFEFF0001FFFE
00FB0300FC0103FD
0206FEFFFDFFFDFF
FFFFFF0301FC01FD
01FD01FE01FDFBFD
01FCFC00020003FF
02FD03FCFCFF0201
FCF803FFFB0302FC
FE01FFFBFF03FE00
02F50302FFFFFE03
FCF5FEFD01FDFF02
00FFFFFCFD01FFFC
0101FD00FFFCFD00
0204FCFC010001FC
0004FC0300FE02FF
030700FDFEFC0302
01FEFF03FF00FF02
FF01FF020300FCFC
FD0AFFFE02FEFF02
0106000301FFFF04
FF000301FE02FC01
FEFD020001FBFFFE
0108FFFD0202FC03
0104FC01FF0200FF
0100010100FDFF04
FC01FFFCFD0202FE
03060303FEFCFE00
FC07FEFF03010003
02F7FEFEFD0102FC
FF01FFFEFD03FCFD
0203030000020202
FD0B010002FE03FD
0003FCFCFE01FFFD
000501FDFD0101FF
0101FFFC0001FE02
01FFFDFC0101FB04
0003FFFCFD00FC04
FF0FFDFDFFFBFCFF
FE08FE03FF010001
FD09FBFC0002FFFF
030A0000FE030003
0104FFFEFB010003
FF0A0302FDFC00FF
FD03FE0101FC0000
FC0001FEFEFD0301
FFFAFF02FCFEFE04
02F8FF020300FDFD
0202FC01FE0003FF
0100FFFDFEFC02FD
FBFF0202FD02FD03
000401FCFE010100
FEFC00FC020102FF
FE03FEFFFFFC02FE
03FC0203FE0100FF
FE00FFFCFFFCFE02
FD06FD00FDFDFDFB
FE05FC00FDFFFC01
FEFC0300FBFE0001
01FDFD03FEFCFCFD
02040203FCFC01FE
010501FBFDFFFD00
0105FE02FEFF02FD
FF05FD00FE00FDFC
030802FD0000FE01
FFF9FD000101FCFC
02F00202FC00FDFF
FDF1FCFDFF00FDFD
FFF60403FD0003FC
FEFA0202FD000102
FE030202FE00FD02
0200FF040102FEFC
FDFE01FDFF0100FF
FFFBFCFDFE0101FD
FF040102FBFEFEFE
01FD0100FF02FFFE
FDFAFEFCFEFEFEFC
FDFC02FFFDFDFF02
FEFFFFFCFC0200FE
FEFFFD0300FE0100
01FEFFFD02FE0301
FDFE00000101FCFC
FB0602FEFFFD0002
FE06030300FCFFFC
020100FFFC01FE01
FC00FDFD0300FFFE
00FEFC03FDFE01FF
FDFEFCFD0300FCFD
030100FCFFFCFF00
01FD0000FCFFFE02
0007FB04FCFD00FD
FE0302FE010100FE
FD05010003FF00FF
02F803FD020101FD
FD07FF0101FC0300
01010001FFFD01FC
FD0400FE02FCFC02
FCFD0000FEFD00FC
01FAFC00FF02FF01
03F801FE0000FE02
03F8FDFE01010202
FDFA0301FB010102
FFFAFC03FE03FCFC
FCF5FBFCFCFBFC01
03FB0104FE000100
FBFCFCFE02FD0302
01F9FDFF01000200
FEFC00FF010203FD
0400FC02FEFF01FE
FEFAFCFE0002FDFF
FCFE0200030002FF
00F8FDFF0203FDFE
02FBFC010103FDFD
FEFB02FE00000002
0000FF03010203FC
0300FEFF0201FE00
FF01FFFEFFFFFCFE
00FF01FDFDFC0303
02F8FFFE03FE0000
02FD01FCFFFDFE03
FFFD03FB0200FC02
03FD0103FDFE01FC
FDFCFE0101FEFD00
FFFBFD01FDFEFEFE
020303FCFD000300
FDFDFFFFFD01FEFE
00020202FFFCFCFF
030000FEFDFCFEFB
FE0400FCFCFEFD00
FC060302FE03FD03
0005FF00FE010101
01090000FEFDFF01
0206020101FB02FD
FF0A000102010000
FFFEFBFDFD02FD00
FC03FDFF01FFFCFD
FF050101FDFC01FF
FD09FE00FDFBFEFF
FB0600FFFD0300FD
0007FE03FEFBFD02
03050200020100FB
FE0A00FE00FD0302
010AFEFCFC01FD00
FE0700FBFFFE00FE
FE09FEFDFE000302
010402FDFC0000FD
FF07FFFE00FBFDFD
01010101FEFE02FF
FD00FBFE00FFFF00
03FFFD0001FE02FD
0203FFFD0002FCFD
FDFC0000FC02FE01
02FD00030001FD02
FE02FCFC0103FC03
FE02FF020102FC00
00FCFC0302FF0003
000100FD02FFFD00
000000FD02FCFD00
03030104FBFF00FC
FD00030100FFFF02
02FDFC00FF02FE03
FD01FC0305020101
0208020102020302
FDFF02FEFFFF0202
FDFFFD0103FF0203
020301FFFEFFFEFD
00FCFD0101FEFEFF
01FEFE02FC0101FD
0301FBFC00FD0100
030100FE030201FC
FF02010102FD01FF
FFFCFBFB02FBFDFE
FDFEFDFEFCFCFD01
FC0002FC02FCFD02
030600FC00FEFEFF
FC01FEFFFD0202FC
FC00FE0203000103
01FFFDFFFFFDFE01
FEFFFEFB02FB03FE
FEFDFCFDFEFC0202
FD04FF03FD000102
0005FC0001FCFC03
FFFFFDFEFF01FF03
020300FC0101FF03
FF01FE01FFFEFE00
FF030303010203FC
FE0201FC000100FD
FF060401FFFCFFFD
0406FCFFFFFFFFFF
FD0501FCFD02FEFC
020703FC00FBFEFE
FE04FCFD03FE02FF
FD080200FC03FD03
FD00FC03FE0200FF
02FBFEFD0301FCFF
020400FC00FE00FB
FEFF05020000FE01
0302FF0400FC0200
00FB03FFFD0101FE
03FF0002FE00FFFD
04FA0101FDFDFEFE
FC0000FF00FD01FF
FDF3FE0301FFFE02
FDFBFFFF010103FD
02010103FF03FFFB
02FE02FEFDFF03FE
000602FD02FF02FD
040602FDFBFDFEFC
FC0A0200FDFEFDFE
FCF8FF02FC01FC02
02EF02FF00FCFF02
01F40402FFFCFD04
03F6FF02FE00FB00
03FEFB00FEFF0101
FDF6FC0102FF00FF
01FAFD02FDFCFF04
FFFC01FFFEFF0504
02FBFE02FE0302FF
FEF2FE03FFFBFEFC
FFEE01FF0300FEFE
FDF403FFFCFEFBFE
01FBFFFFFCFEFEFE
FDFF03050502FB00
FDF901FDFFFFFD00
02F5FE0101FC0402
000201FCFD0102FC
FF09FE0201FCFCFD
FD0CFEFFFDFC03FF
FCFE0101FDFE00FE
FFFD010003FC01FF
0005010301FCFEFE
0306FF01FFFCFCFB
03FC01FFFE01FCFC
02FF0303FEFDFF03
FD0700FDFFFCFF01
010703FD02FEFF00
FF03FC0001FD00FF
0203FE0202FBFEFF
010002FF0301FC02
FC0502FFFDFCFE01
FC04FEFD03FC00FF
FE02FC04FD02FEFE
FC0003FDFF00FFFD
01FF01FCFDFB00FE
020302FEFC00FBFE
FF02FEFCFE02FF00
FEF50200FFFE02FD
FFFCFCFC010200FF
00FDFC0401FB0102
FFFEFE0100010102
03FAFBFF01000202
02FB0302FCFEFEFC
00030003FFFF04FD
0202FD02FDFD0001
FB0801FFFB0202FF
FF0501FE010003FC
FC090101000000FF
01F401FCFCFC0100
FFF8FD0303FF01FC
FEF002FDFDFEFC01
01FCFC00FFFE02FC
02FE00FFFFFFFE00
FCF8FFFD00020100
00FDFF03FEFD0102
01FD010301FF02FC
FEFC03FC0300FEFC
FDF5FDFEFE00FCFC
FFF7030203FD0401
04FCFEFD0003FF02
FDFB020301000201
FE01FDFEFD03FD01
FBF9040201FC02FD
FDFB000300FB0003
02FE0100FC02FEFD
FD0E010002FBFDFD
010700FC02FDFBFC
FE00FF03FC02FCFD
FFFF020001FD00FF
FF0602FCFF0303FC
0001000300FC0302
00020001FF03FCFB
FE01000204FD02FD
FF00FD03FF00FE00
0102FBFFFDFEFEFC
02FDFC00FEFB0101
0000000101FDFC00
FE0603FEFF000201
0204FD0000020100
FD0001FD00FFFEFD
FCFE01FE01FD02FD
FE06FD03FD0101FD
FCFFFF000103FC03
FFFA030201FEFF03
FD0001FE0301FEFF
000002FEFF0002FF
FF01FFFEFE00FF03
01FA00FC0200FFFE
FFFF00FFFC010102
030403FDFD00FD02
FB01040101FE01FE
FEFF040302FF0202
FD0402FD02020003
FF08FF0000020200
0305FD01FF03FDFC
02FB01FEFEFFFE05
FE09FCFDFDFD0001
FD0DFEFFFE00FCFC
010501FF00FFFEFF
010004FD01FEFD00
0305FE0400FCFF01
FE07FD02FE00FE00
0301FCFF000004FF
FEFF0303FE02FD03
020002FEFEFE0200
01030400020002FD
FD03FD00FE01FCFE
02FD00FEFE02FD04
FF0D0201FCFDFD00
000702FD01FEFC02
040102FD01FC03FB
010101FEFC000000
FE03FEFF010003FC
0005000303FE00FE
040C02000200FF00
FCFFFD03FC01FFFD
030001FFFEFF0102
FB0E01FC00010001
03010100FCFF0001
FE03FC00FC0002FF
000001000300FE02
FD07FFFDFF0200FE
000701FE02FDFDFD
FF0302020101FF00
FE03FEFE01FCFDFD
020504FDFDFE03FD
FF05020203FE00FC
FB02020203FBFFFE
02000100FDFE0303
03FBFE02FC030102
FFF6FDFD01FEFFFD
FEFBFBFEFE00FDFC
03FF01FD01FD0000
0301FEFDFD00FBFE
0207FEFCFFFF00FC
0201000300FF00FD
FEFDFF02FD0203FC
FFFD0103FE02FFFE
FDFF0002FF01FE02
FB00FF0301FDFEFF
02010002FE03FF00
0203FEFCFE00FE02
0005FE01FEFD00FF
02FFFE01FCFD0403
FF03FFFD03FEFFFD
010203FF00FDFEFB
FF0401FCFF0104FC
01FD00FFFE000303
FB02FFFFFFFB0000
0200FD030201FDFD
FCFC0401FCFF03FD
FB010000FCFE0000
FF0303020202FD02
FEFBFB0401FEFE04
020002FCFC01FCFD
FFFB01FF000303FC
FE0300FE0001FDFE
040401FD01FC0102
FEFD01FE010202FC
FCFB03FDFDFC0204
FE000200FFFFFFFF
FC03FEFFFB01FFFF
FE07FE01FFFF0100
01FC030102FD0300
0200FF03FDFB00FE
FCFEFF00FCFF0100
FDFDFEFC02FFFCFD
FB05FF0301FCFCFE
FC030202FFFCFFFD
FDFFFCFC00FFFC03
00FCFE02FBFD0503
020701FE010102FF
0202FD00FEFBFE01
020BFEFB00FD0300
0307FD03FC0001FF
FD09FFFD02FB0202
FFFB0001FB02FE03
01F6000201FEFDFE
FDFD00FDFEFDFDFE
FF000201FDFBFD03
FEFA010003FBFB02
01100002FC02FDFD
0106FFFB0101FCFF
0401FF02FF02FEFF
010101FD00FDFC02
FF00FDFF00FDFEFD
0210FCFEFC020301
00FEFF02FFFBFFFC
FCFC01FE02FF02FE
00FAFF010000FB03
00FA0303030002FC
FFFB02FD00FFFC03
FD010303FF030204
FF0704FC01FCFC02
04FE01FE02FD02FC
FFFAFFFFFE030201
0203FE000103FF03
FFFAFFFDFDFDFD02
02FEFE01FE02FD01
00FD0003FC02FFFD
00FA0200FCFE0302
FEFD02FF03FEFDFD
FCFEFD0002FCFDFD
FEFB03FC0302FCFE
FD010102FCFD01FC
FF04010300FB03FD
FE07FFFB01FFFD00
FEFCFCFCFCFFFF01
FBFEFD00FBFD0101
FCFBFD0001020002
02FDFF04FDFCFEFC
02FFFFFC02FCFFFE
01FE02FF0100FCFD
020102FC030102FC
040300FD0301FDFF
FDFF0200FEFCFEFE
010703000001FCFF
FD060000FDFFFFFD
FF080101FEFF0203
02FFFBFE02FEFC00
FEF7FF00FEFE01FF
FD00FDFD0203FEFF
FD0303FFFEFF0300
02F903FF03FD0200
FDFF0303FFFEFEFC
0002FD01FDFEFE03
0303FEFCFDFEFE03
02F5FDFEFC03FEFC
FF0203FCFE0000FD
010700FFFE000203
0004FE03FC000300
02F8FBFE0200FFFC
FCFF000402FF02FD
FF0802FF00FBFF03
0106FDFE00FEFB01
FBFFFD0203FEFC00
FEFB01FE0001FC00
FF02FE00FFFEFBFE
FEF900FDFDFDFFFF
0300FDFCFD0002FE
0205040203FB0000
0004FD03FE020301
03090003FDFD02FE
FEFDFE01FF0301FE
00FFFD0300FDFF03
02FEFDFDFBFCFCFE
00FF03FB00FCFD01
FC020002FD0101FB
FF03FBFE02000301
0100FFFFFE00FEFF
FFFFFF04FE00FEFE
FF04FB0100FEFBFB
02F6FCFDFE02FF02
020501FE00FC0301
000AFC0204FDFF01
FDFF020302FEFD03
FCEF00FC02FEFEFC
04F40102FF02FD03
01F801030100FCFF
FFF90303FCFFFCFC
03FAFE01FF0202FB
01F901FFFE01FD02
00FDFCFEFF00FEFF
FFFD02020001FFFE
01F6FEFF000201FD
FEF6FF0101FE0102
FFF5FE0102FDFF02
05F5FFFEFCFEFCFD
FDFAFD03FDFFFDFC
00F6FC04FDFD00FE
01F900FCFDFEFBFF
02F801FD0101FE00
00FD01FEFF01FD00
0201FB000102FD02
0000010301FF0201
FCFA0100FE0202FE
04070201FF01FF02
02FFFDFFFFFF0004
04FF01FE0300FF01
FF0600FC01FEFBFC
010300FDFC02FC01
02FA0301FB02FFFF
0002FF01FCFD01FD
FDFEFFFE02010100
FCFB0100FCFF0100
03FCFEFFFF02FDFF
01FEFDFE02FB00FE
FDFBFFFEFD010100
FCFB00FC02FFFF00
FEF5FDFC01FD01FC
00F50000FE010104
01F40300FE020201
02FDFCFC0202FD01
FFF6FE01FE020302
01F803020301FFFD
FDFEFFFDFDFC01FE
FDFEFF02FFFB0201
FDFCFEFE02000201
FEF60301020203FE
FFF6FFFD03FEFFFF
01F9020202FD0000
01F703FE0100FEFC
FDFCFE01FEFD0200
00F6FF01FEFF03FE
FCFDFFFCFFFDFC01
FF0304FDFF000501
0108FC01020302FE
0202FF00FD0202FD
FDFCFF03FC02FDFE
FD0C02FDFD0100FD
030C01FFFF0001FC
010200FDFCFC0402
0103FC0300FDFDFC
FC02FFFD0000FB00
000B01FE010301FE
01FDFDFDFEFEFEFC
FFFF0203FF000100
FE02030103FD0301
FE07FE0200FCFE02
01FE03FC01FE0000
0402FEFCFC02FF01
03FAFCFF000003FD
03F8FE0303FE0200
FCF902FF01FD03FE
030202FD0100FFFB
FE0401FEFE020101
02010100FE01FC03
FF00020301FD01FC
0201FBFCFCFDFF01
00040100FE03FFFF
0301FCFFFC020002
FF04FF01FFFB03FC
FD02FC000301FFFB
FF04FBFD02FDFCFE
FEFF0100FDFD0203
02FF00FCFE01FEFD
FF08FCFF02020002
0304FD030002FCFD
FE07FEFE02FDFD01
FE07FF0001FD0202
FDFEFBFFFFFFFFFC
04FFFC01FCFFFFFC
00FEFE00FFFE03FF
0200FB01FE010302
FF050203FEFE0202
01FFFE01FEFD0000
00FE020101FE05FD
02FF0200FC0303FE
FC03FF02FFFFFEFD
03030103FCFCFF00
0002FE010103FF03
FD06FE000101FDFD
FDF7FDFD03FE0002
01FCFDFDFF010002
04FFFCFF03020100
FFFC02FFFE02FDFC
0202FCFE0201FBFF
000401FDFFFCFEFE
FC0301FF02FC0203
02010001FFFC03FE
0000FB04FDFEFFFE
0000FFFF030000FE
01F9FF030001FDFD
00020401FD000200
FE020003FE0003FF
01FCFFFDFEFC00FF
02FBFFFFFF00FDFF
02FBFF030002FE02
0304FE0203FEFE03
01060300FCFFFD01
030C01FEFDFEFEFC
00FFFEFDFF01FD00
0102FCFE0000FEFC
04FBFF0300FFFDFD
01FA00FCFDFFFCFF
030901FE03FC0001
FD000304FEFF02FD
0103000302FEFDFF
FE00FD02FFFC0001
FF0202FFFFFEFE02
010201FEFCFF02FE
010400FF03FCFEFC
FE03FF03020102FD
02060100FDFBFFFC
0400FD03FC02FBFC
0003FFFDFC00FE02
FF05FCFCFCFE04FF
0102FE0101FCFC02
01F90203FCFC0303
FF02FE0102FE0202
FE080101FE020100
0002FFFFFC000202
0004FF03FEFF01FE
0104FEFDFC020103
FC03FC0102FC0103
0002FE010203FEFE
000100FEFFFB0004
02FEFFFCFCFFFEFC
FFFB030200FF0003
03FEFFFCFD02FC00
FCFFFFFFFCFFFFFF
01000000FCFFFFFF
0200000001000000
FBFFFFFFFAFFFFFF
02FE0301FB000003
04FC0002EE04FE05
06FEFDFEF60102FE
08FFFF0009030002
FFFD01FF00FEFCFE
050303FB0502FDFF
0DFE01FCFA03FF03
05FC04FBFF020202
06FD000305020200
0403FE0308FEFFFD
04FEFD000400FDFF
06FEFDFC09FFFEFF
FB00FF0103FD00FD
0102FE0007FEFC00
000203FF0CFC0003
0602FEFC0A03FD02
F9020100F7FDFD00
F902FD02F60302FD
FEFC0201F6FF0302
FFFFFEFD00010101
FD02FDFFF7FEFEFF
FE0200FDF103FF01
FC020003F2FBFEFF
00FF0103F602FC00
FCFFFC02FB00FEFE
0300FF02FAFEFFFE
FEFEFDFEFC03FC00
02FE03FCF902FF02
FEFFFD01FA0102FD
01FC0102FEFFFE04
FA01FEFDF9FFFF04
FD0201FCF802FEFD
FE00FF0101030300
0002FEFEFFFEFCFF
0503FF01FFFD0201
FF03FC01F902FB03
020200FBFF00FCFD
0403FEFD07FFFCFE
08FD03FF020001FF
06FCFE0002FCFD01
FCFFFE0201FDFB02
0803FD0008FE02FD
05FEFDFD0C00FFFC
00FC04FFFFFCFB02
0403FF01FCFBFE03
0502FEFD07FE0403
07010001050003FE
FFFE020000000203
000001FFF3FEFDFD
FB03FFFEF80203FF
F802FE03F8FFFB02
03FF01FF0502FEFF
FC020103F601FCFD
FAFC0300FCFEFC01
F4FD01FFF9FFFEFB
FFFC0002FFFF02FC
FA00FF0102FF01FF
FAFEFC04FBFE02FC
F7FDFE01FF020303
FCFF01FE0404FEFC
00FDFEFE09FFFD01
F3000301FF00FDFD
F4FE03FDFFFD0300
FBFF00FC0801FD03
040004FF08010102
0700FFFB040302FD
02FD000005030002
0602FE00FFFCFE01
FFFCFE00FA00FD00
FB00FF00F8000202
04FC0202FF0203FE
0004FC0101FE0002
FBFD02FEFBFFFCFF
FC0202FDF5010302
F9FDFB03FB0200FE
FF020200F4FE0202
01FEFEFF05FCFC02
FB040001F9FD0202
01030300F9000001
FF000003FD01FF01
02FCFE03020100FB
03030100FE0300FE
FBFD01FF0302FDFC
01020203000102FC
F8020000FD02FBFD
FF03FDFC01FE02FE
0200FDFF0300FDFC
FE03010107030100
F5FC03FCFEFD00FC
FEFCFEFCFEFFFCFD
FC02FCFCFBFCFBFD
0200FF03FC02FF00
F302FF01FD00FC01
F6FD01FBFB010002
FD0002FDFAFCFDFE
FDFFFD01FAFD00FD
01FD000203FC01FC
FD02FDFEED0301FC
0100FC01F900FFFD
090002FB060201FD
F900FC0003FF0300
05FFFE03FD0101FE
07FC01FFFDFDFEFD
FF01FFFE0001FCFC
FDFE00020803FD00
04FBFD020504FD02
05FB03FF07FFFF02
02FDFC0004FDFB01
FD020301FFFE0303
01FDFF0204030201
0801020009FDFC02
030302020800FDFF
0AFF02FD04FEFDFE
03FC0202000101FD
0800FC02FEFEFF02
0CFDFD0106FE0201
05FD00FF08FF0200
08FD0202FF00FE01
0501FC010203FBFE
0500FF0006FCFF00
FD0102040901FDFB
03FFFF0108FCFCFE
0300FFFD0F0000FE
0701FDFF07FFFFFB
0502FDFD05FE0301
FCFDFFFC04FE02FF
01FEFDFF0CFCFE01
FDFFFCFD0E02FDFD
03FDFE0202FEFFFE
FEFCFFFF04FE02FD
02000003FE0300FF
00010402010201FE
FBFDFDFCFF03FDFE
F9000100FEFFFCFE
F6FD00FF030300FD
00FDFB0209010001
FDFE02FC06020001
FCFDFC00FF02FEFB
F7FCFF0301FDFCFD
0000000103030002
040202FF08FEFFFE
0401FE030602FBFF
030003FE0201FC02
01FF02FDFBFE00FF
FE0000FB0003FF02
01010104000203FF
04030202FC03FEFD
01FDFC0204FDFF01
FAFE0000F8FDFB02
F602FEFE0602FCFD
FAFC00FB04FD0204
FA0102FCF800FDFD
F6FF0104FBFC0102
FDFF03FEF600FE03
F700FF000100FCFE
F50302FC0001FEFC
F9030302FC03FD03
F6030102F9FEFE03
F6FE03FB0201FE03
FCFDFD02FE02FD01
0603FDFC0400FFFC
04FEFF00F101FCFE
07FC02FDF5020000
04FC00FFFB0002FE
0602FCFE01FE0100
0302FFFFFBFF00FE
04FC0300FD0202FF
0AFEFEFF0100FEFF
06FEFCFE0900FE02
0B02FCFF05FE0302
06FCFE0204FCFCFF
0800FE0408FFFC01
FEFE00FF0400FF03
FB0301FE0101FD03
FF0001FB0302FCFD
03FCFC0307010102
FF02FDFFFDFFFDFB
FFFD0200FF020000
050100FDF7FD0300
0500FE0300FFFEFE
FDFD020200FF02FF
06FBFEFD00FCFF03
04FE010304FFFEFE
020104020202FEFC
FC02FE00070002FF
FDFCFFFE0700FF00
01FC01FF05FE0300
FC020401FFFEFCFC
FEFE00040900FC00
FD02FE000D010002
0302FB0205FF00FF
FDFDFDFBFDFDFDFF
FDFFFE00F800FC03
000002FEF9FD0300
FEFEFDFBF102FEFE
FFFFFD01FC0100FC
FB02FFFCFCFEFD03
F900FCFBF60201FE
01010100F6FDFF00
FAFF00FBF2040102
FEFEFFFDFC010200
FE010302FB020103
01FE0102FEFFFF03
FD0000FCFB01FDFF
01FFFD01F7FDFDFD
FB0201FDFC02FCFD
060003FDFCFE01FF
FDFFFDFCFDFDFCFF
05FEFD0403FDFD02
FB02FDFEFD030203
F5030303FDFD0002
FC02FDFDF50002FE
0200FDFDF7FF0002
F9FD02FCFDFE03FE
FCFB0000FBFE0201
FAFD00FD0000FC02
02FEFFFDFC00FDFF
FBFFFF0102FD02FF
03FEFEFB03040203
FE020202FE0001FF
F600FE0002FDFEFF
F60003FDFCFB00FD
F9FFFEFB03FFFCFC
FCFEFFFD00020100
FBFDFCFEF903FE01
F8FDFE02FAFE02FD
02FF0000FBFDFEFD
03000201FBFF02FD
FF02FCFE01FD0001
0B01FD0204FF0100
07FDFEFD02FEFFFC
00FFFCFFFDFD0000
000201FE0D00FF02
08FFFEFF0A01FFFD
04FCFF0203FF0100
0003FCFF01FEFF04
FDFE0203030003FD
FE01FD03020100FE
FFFFFDFD03FCFFFE
FFFFFEFD03FC0101
0303FD0501FE0301
FA00FCFDFA010200
F80200FEFBFEFF03
FC03FDFEFF02FC02
F9FF01FFFDFDFB02
FBFE01FDF801FEFC
FB0003FE0002FC02
FFFD00FE01FCFCFC
05FDFF03FE020003
FBFC010008000203
FCFBFEFE02FEFEFF
FBFC0300080201FF
F8FF01FE05FCFCFF
F3020000FAFC0305
F7010300030101FF
F603FC0307FC0301
04FF02FDFAFEFFFE
020100FEF000FE01
FFFEFC02F0FFFD03
0501FE02FEFEFD01
00FE0000FBFE0002
0204FD01FEFEFBFC
0400FD02F803FF02
FDFF0302FDFEFCFC
000101FF0602FEFE
06FFFE01020000FF
08FCFC00FE00FB00
08FF02FE0AFFFCFB
FE03010105FBFB02
FFFF0202FFFFFF00
0601FD0203FCFCFF
0601010206010100
FD0101FF07020203
F9FE00FFFE01FEFF
F9FEFCFEF603FE03
F7FCFCFCF80000FF
01030201FBFFFFFC
F800FD00F3030302
FA02FC03FD010002
FB010300FA0001FE
0402FEFBFAFD01FF
FB00FCFB030303FF
FE01010101FDFC02
FDFE0001FFFDFDFD
FDFCFCFCF60100FF
FF01FFFEF90102FF
F7FC010004FDFE01
F900FF0001FCFD00
000003020901FCFC
FF01FD0006020002
0103FD020300FBFD
08FEFCFE06FBFFFC
07FE03FD08FF0001
0600FC0209FCFFFC
03FEFCFDFFFE0003
090102FF07FBFDFD
FF0101FF04FCFC02
FCFEFEFC06FF0100
FDFEFF0001FC01FC
FE0301040203FF02
01FFFD0106FB0101
FF03FC0205030200
FCFCFD0302FE0200
03FF02FB00FFFDFB
07FE02FEFCFDFEFE
06FFFD02F7FB0200
080203FBF7FDFDFF
0500FE0403FD00FC
01010000FBFD0100
0101FF00F8FBFE00
0203FB03FAFE03FF
00FDFD010303FB01
01FDFD0405FEFB00
06FDFFFC04FDFCFE
0501FE0305FC0301
04FFFD0301FEFC00
0001FD00FF03FEFC
FE02020203FD0003
FF0202000C02FB02
05FF01FD05040200
06FFFD00080302FE
06FC00FEFFFD02FE
04FFFBFE0BFCFF00
0A0200010AFFFEFC
01FFFF01FEFC0203
010100FD0C010301
07FFFCFF07FEFEFF
010000FE0502FE01
0200FEFE0BFDFCFE
01FEFDFC05010000
0A0102000E0102FE
FCFD03FE07FCFDFE
FCFDFEFD06FF01FE
FEFF00000BFDFD02
030301FD0702FEFF
00FD03FD0603FF02
02FF04040101FCFF
0003FCFDFDFEFDFF
01FDFD03FC02FCFC
02FD0102FEFFFCFB
F903FC030304FC03
060302FC05FF0001
03FE00FD07FFFCFC
FFFEFC02FEFDFDFF
FAFF00FF080100FF
0203FD0102FEFCFE
FDFE020100FCFE03
04000101050200FF
F7FC020406FBFBFC
03FFFFFF03FCFC04
FB01FFFE05FDFE00
FD0102FEFD02FCFF
FFFFFC01FAFCFCFE
040100FB01FEFCFD
FD01FF02FD01FF02
050301FE050202FF
0102FDFFFA01FFFC
0802FFFCFDFE04FC
0A01FF0407FBFF02
0303FF0005030201
FDFDFDFC0002FDFE
0201FE03060003FC
01FCFFFF08FDFB01
03010200090000FF
0400FEFE09FDFD02
FEFDFFFD09000401
01FCFF020BFC01FD
01FD03030201FBFB
06FCFDFCFB02FEFE
0602FFFFFB030001
0500FFFEF8FD0203
08FEFFFB0000FDFE
0700FDFD04000303
05FDFD01F8FDFB02
02FDFD02F4FE0101
0301FB00FDFE0003
0500FDFE02FDFD01
03FEFF00FCFFFF00
0601FEFC0602FD02
07FCFFFC08FCFDFD
0101FBFD020302FC
020002FD03FFFDFC
000301040AFFFC04
FE03020105010001
010001FE01FC02FF
FE0001FDF302FE04
FA000201FA010005
FD02FFFFF7FF00FF
F9FEFCFCFB0103FE
FDFEFF01F603FC03
FDFCFFFFFF0003FD
F700FCFEFA0002FB
02FFFF02FAFCFDFD
FC02FF0207FBFFFF
FEFC03FC02FFFFFD
FF02FEFF00FFFDFC
F7FC01FC01FEFD03
FB02FD01FAFC0202
FF03FD0207FC0201
FAFE040201FF02FE
F601FDFFFBFDFFFE
F901FDFCFBFD0102
FCFE030100FC01FF
FA03FFFF01FEFE02
FBFFFFFEFFFE01FF
FFFCFEFEFEFFFDFD
FDFDFF01F4030302
FBFBFDFDFDFEFFFD
F7FC030305FE00FC
FDFF02FFFAFBFEFE
FDFF0200F7FD0100
0000FF030100FE00
FBFC0300FDFDFEFD
FAFC03FDFE0101FE
FCFCFCFCFE03FD03
FD01FCFF03FF0101
FB0201FCFAFB03FD
FEFD02FEF90003FD
FBFD0203F5FCFE00
FD03FEFEFEFEFC01
FD010304FC010101
FFFE0000050200FE
02FF0000FB01FD02
FCFEFEFFFCFDFF03
020001FEFAFE0101
02FF0001FF010000
FE010302FEFE0002
03FE020206000100
FBFD020201030200
FFFEFD0203030304
FDFF02FFFE000201
F1FEFE01F5FCFB02
FFFE03FE070300FD
FBFD0303FA00FCFF
F9FBFEFDFAFC02FC
00FC0103F2000002
01FD020203010102
0402FDFEFA020304
000301FDFC01FC02
00010103FDFD0003
0501010300FCFF00
FC01FC040402FBFF
03FC0100040201FC
FEFE03FF03FEFFFF
FDFEFD03FB0201FE
FC0103FDFE000204
F8020302FF0102FD
F9FC00FF0B030304
0702FCFFFDFFFDFD
0EFEFFFE0103FFFE
0EFDFCFE0101FFFF
090300FD02FCFD01
08FDFE0403FD0001
0802FD0200FDFC01
0700FCFE00FE0000
09FF01FD080103FF
0AFFFCFE00FCFD04
08FD02FC01FFFCFD
05000302FCFEFBFF
09FDFF01FAFE0303
04FF010104FD0101
07FDFD0000FFFFFC
01FC020302FFFEFD
020301FE06FFFFFF
02FEFDFEF7FF00FB
FE00FDFDFC0000FC
FFFE01FFFCFDFFFD
0300FEFDFBFD0100
02FD02FFFCFDFF03
07FE00FEFE00FD03
FFFD03020202FDFC
020202FE00FFFE02
FFFFFEFF03FEFEFF
FF01020007FC0202
FFFE000203FDFFFC
FEFCFE03080001FF
F8FEFFFDFC010202
F90102FCF703FF00
FFFEFEFE0503FD02
F404030104FC0300
02FF03FF0002FEFD
FDFE00FEFD0302FD
02FF0204FD01FF02
FFFD0102FA0302FF
FB0100FBFFFD02FC
FC000302FD03FC04
FD03FE0005FFFD04
FC01FEFE0103FC02
00FCFDFE05FF0002
F7FEFFFFFBFCFF00
F8FCFF01FEFFFDFF
FC00000104FFFFFD
03FDFF0109FD0100
FE03FCFC010201FE
FDFD01FF03FE02FC
00FE01010203FC00
04FF020105FDFCFC
FAFFFE00F200FFFD
FC03FC00F402FE02
F703FE00FCFEFCFD
F9FFFDFCFB01FBFD
FCFF00FFF903FC03
FCFFFCFBFCFDFF03
F8FF01FFFD000101
FFFF02FBFEFC00FD
F70102FC04FCFEFF
FAFF020104FF02FD
F90202FD01040000
01FFFD0300FEFE02
00FCFF0306FC0303
FBFE01FF09FC01FE
FC00FDFCFFFCFE02
08FC00FE02FFFE00
0601FEFE0401FBFE
0402FD0303FEFEFC
05FCFEFD00FCFE02
0002FC000101FF01
05FC02020601FD01
09FDFCFF07FCFC00
FEFE030000FDFDFD
FD00FF0001FE0200
07FEFD0107FCFD00
0800020205FDFF03
FBFF01FC04FF0302
03FDFDFFFE00FFFD
03FF010005FDFF00
040203FE0602FC00
01FD02FDF801FE02
06FF02FF0100FD01
F6FCFCFBF40001FE
FB02FE01F4FFFC00
FC0202FDFF00FF04
FEFFFCFD01FDFDFD
05FD03FFFAFCFB04
02FEFE0103030001
02FFFD0102FDFF02
0001FE0109FD02FC
060002FF0C0301FC
FEFDFFFC05FD0202
0203FBFD04FE01FC
FEFC00FF06FFFD03
FE02FEFE050202FE
FFFD010105FCFFFE
FBFD030208030300
0101FDFDFCFC0101
FF000000FBFC00FF
04FFFD01FC01FFFD
FCFD02FE050002FD
08FDFEFE00000301
0401FD0202FCFDFB
FEFDFFFDFF00FEFF
FF03FE0002FFFE00
070102FE0AFD0101
0BFF01FC00FCFE01
0901FE03010300FF
FFFE00FD03FEFF01
F80301FD030100FD
FCFFFD020401FDFD
F9FEFDFE03000202
FB0100FF08FDFC01
F601FCFCEDFC0102
FA0302FEF401FD02
F9FF00FCF2FEFDFE
02FF020106FC02FF
01FE0101FAFFFEFF
F90201FEFBFD00FE
FB02FFFDF30002FE
FF02010200000101
F8FF02020101FF03
FBFCFF03F102FCFF
04FF00FCFCFCFF02
0301FE03020102FE
F801FDFC0102FF01
FCFD0300F8010100
FBFDFFFDFDFCFDFF
F7FEFDFCFBFEFD02
F7FEFEFFF40303FE
F6FDFC00F1FC02FF
FDFEFF02F7FFFC00
FBFD010107010200
FC03FE03F702FD02
FE04FDFFF703FD02
01FE02FFF601FCFD
FB030103F601FCFC
01030203FFFEFEFE
04FF01FE0200FD03
03FE0103FB0300FE
01FE02FCF803FFFE
0400000200FF0100
01FE03FFFC010100
FAFF0101FF04FEFD
FA010302FDFFFFFE
000200FFFE01FB00
FEFC0300F803FCFC
FEFC01FDFBFF02FE
00FF04FF0203FB02
FFFCFCFDFC00FC00
04FFFDFE02FFFF01
05000303FC01FF02
00FEFE02F8FF03FD
FE0002FD05FCFFFE
FFFEFFFF0201FE03
040202FD0202FEFE
FFFCFDFE01FBFEFC
F90101FE05000300
F8010102010200FD
FAFDFEFBFC000303
F703030101FD01FE
0202FDFE00FDFFFF
FDFE01FCFAFFFF02
F9FFFE02F8FEFC00
FB03FE02FF030301
030302FFF6FE01FF
0502FDFDFEFB03FF
FD03FEFDFFFD03FD
00FF02FDFDFC02FE
0003000101FDFEFC
FB01FCFD07FE0100
FC0102010500FFFC
FA01FF000502FD03
F6FBFE020202FFFE
F7FFFD0002FCFF03
F502FD000301FC01
F6FE02FCFEFDFC00
0301010304FFFF00
03FD0001FF0002FF
00FEFF00FEFFFC00
0601FD0301010101
0601FE050601FBFF
04FFFC0403FC03FC
FB02FC0203FF00FC
0301FFFE0401FEFD
FEFC03FD07FCFCFE
0201FEFF0401FCFE
00FEFD000902FD02
0502FD010500FEFD
0201FF0205FCFFFE
03FE030302FCFDFE
02FE03FE04FFFC03
FCFDFC03060101FE
0601FFFD0201FD01
0302FDFFEB0100FB
02FEFCFBEE00FD03
03010104030202FC
01FFFCFB00FDFF02
07FD0000FB00FFFD
0901FC01FA02FCFC
01FCFB00F8010100
01FFFEFF0300FD00
05FC020309010101
02030202070302FF
03FE00FC08FDFF01
FF01FD03090000FF
07FD03030303FE04
0302FE000901FDFD
0101FD010EFCFB00
0305FFFEFEFF02FB
FF040002FB0301FE
FEFEFDFCFCFCFC01
FA010102F5FDFF00
FBFFFE00FD03FFFF
FFFDFC03FC03FFFD
01FC03010302FD02
FBFE0301FE0001FC
F801FEFD0100FC00
FFFF00020AFD03FE
00FE000102FF0000
FA02FDFF08FD02FE
F2FC01000001FC02
F9FF010204FE0204
FDFDFFFC06FFFE02
FDFE00FB0900FDFF
05FE0300FCFDFF01
01FEFD03FBFD02FD
02FDFFFDFE02FE03
02FD03FE0201FEFC
000002FF06020103
070301FD0AFD0301
FC000303020100FF
04FFFDFEFFFB02FF
0503FC01FFFFFD02
03FC000104FFFCFC
0101FD010200FE03
0302030102FC0302
0102030002FD0100
FF02FEFCFDFD0104
030200FF07FB00FD
0700FC0206FCFB00
0502FFFF000202FF
FAFCFF01EB00FD03
01FEFEFBF2000102
0502FF0204FCFEFD
FF03FCFCF8FD0003
04FEFC01F4FD0204
05FEFE01F90102FD
FEFFFDFFFBFEFDFF
02FEFD02070000FD
0403FC0004FB02FF
05FDFDFD02FDFD00
0303FDFF05FE01FC
FCFDFEFD03FEFF00
04FDFEFD090100FE
0403FDFE0E00FFFF
0502FE0001FEFD00
0203FFFE000001FD
00030102FBFFFCFD
FD00FF00FF02FFFD
03FCFD010500FFFB
FB0301FC0001FFFF
FFFD000201FC00FD
F703FE00F603FCFF
05FFFFFCFB01FD01
F7FD0002FFFC0001
FC0303FCFAFDFEFD
FE020003FDFDFD02
0201FD03FAFCFE03
FC03FFFE05FEFF02
FC030300000102FD
FAFD03FBFCFE0203
010001FEFF00FFFE
F501FEFDF4000304
FC01FEFCF8FE0303
01FFFD0404FF00FC
FD00FDFF05FFFC03
FF00FEFFFD0003FF
0102FEFEFDFFFEFF
01FDFFFFF501FBFB
FFFD00FFF8FDFE02
02FE00FE09FDFE03
FFFB04FF00020202
030300FD00010203
0702FEFDFF03FCFC
FC0301FBF9FE03FD
01FCFEFE0200FD02
FE02FBFF04000403
F902FE00FFFCFE00
02FC0001FCFF00FC
FFFF01FEF302FE00
07FEFF00FAFBFE03
040100010502FF01
09FE02FC01020200
05FDFCFDF900FDFD
08FC0302F6FDFFFF
FEFFFEFFFBFD02FD
070100FB0501FE04
0A02FF0102FD01FE
0A01FEFC0201FFFE
09FE02FEFDFF01FF
04FCFC030200FE01
00FFFEFE00FC02FF
07FE03FC0AFEFFFB
02FE0003050102FC
01FF00040002FF00
FDFC02020200FE01
0003FF0002FC01FD
0903FFFE06FDFEFE
FE03FE0005FDFE03
F8FD03020A03FEFF
FD02FFFE02FBFD04
03FEFD0200FD02FC
FDFE0103FB0404FF
F4FCFE02FB00FCFE
FCFE01FDF7FDFFFC
FD0300FB0202FC02
FD00FEFE02FEFFFE
FCFE010103FE00FC
FE0003FE04FB0004
F702FE0302FBFE02
FE03FCFEF700FE03
FEFC0202F803FE02
FA02FCFCF80001FE
0700FE0101FD0103
06FFFD010102FE03
0201FBFC01FF0101
F9000002F400FC01
01FE00FE030203FF
06FDFD0000000300
010104FFFFFE0301
FDFE00FFF9FF01FC
030200FF030102FD
01FCFCFF0403FEFC
FDFE0201FE020203
FCFEFE01FCFFFF02
FDFF00FD04FCFBFD
04FFFD04FFFF0301
03FCFEFEFFFD0000
FB02FE0300FFFEFE
F9000303FEFEFBFE
0700FFFF00FBFDFF
03FD03FDFDFD00FD
FAFFFC03000102FC
F803FDFF00FCFBFB
FF01FCFE05030200
FDFD01FDF901FF01
FB02000301FC02FF
FEFF010002FCFE02
F9FC01FFFF0200FF
FAFEFD0303FF0000
F7FEFEFE01FF0004
F0FF02FBFDFDFC02
0602FE0307FEFBFC
05FC0300FF0001FD
02FEFFFC06FFFB00
05FCFB03FD00FCFD
0600FCFEFFFC01FD
F80303FDFDFE0300
0300FC02F8FE0104
FF0101FF03010301
0602FFFC0703FE00
F800FB0001FCFE03
FAFF02FFF6FEFD02
0300FE010003FEFF
01FCFEFF00FE02FD
04FFFD0002FFFDFE
04FEFC010402FE02
02FEFD020301FE02
FCFFFE01F8FF0003
01000100F5FE0101
F80102FBFBFFFE00
01FF01000302FBFC
FC03FC00FB03FD01
06FD0302FFFB0001
0C01FFFC03FFFC01
01FD0201FFFCFCFC
0103020204FC01FF
0A02FDFE08FD01FC
05FDFCFE06FE0301
0201FD01030001FC
F802FD010002FC02
FF00FDFD0BFBFB02
00FC01000902FEFF
03FCFCFC07030002
02FC00FF030200FF
02FD00FFFEFCFD02
04FCFEFFFCFF0000
09FD03FF0601FEFF
02000303080200FF
02010102F8FBFF03
00FE0103FD02FD00
000101020000FCFD
FEFCFDFCFB000001
00FE01FCF6FF0101
FAFE0001F701FF02
FC020101F6FDFE03
FF020100F3FF00FF
FDFCFBFFF9FBFB02
FEFE0002F9FC0202
00FFFD00FDFDFEFE
0AFC010307FD02FC
FDFBFC01EEFE02FF
FBFEFF01F301FFFF
010104FEFE010200
F9FFFFFEFD02FF01
FB000202F2FB01FD
FCFF02FCFA01FE02
00FEFEFE03020001
040001FF03FCFB01
FFFF0102FA03FF00
03FEFE0007030301
040100FD0001FFFF
00FCFEFFFC02FF01
00FC01FF06000301
03FEFC040AFE02FD
F9FDFD020F020104
04FCFE020101FBFF
FFFB0300F1FDFFFD
F90401FEF8FE01FF
FA01FEFDFA03FFFF
FCFDFE00FAFDFDFD
F4FEFE02F5FF0202
FA020200F80301FD
F803FD02FE0301FE
00FCFD01FDFFFCFF
FDFFFEFBF9FBFDFD
FDFF03FCFD01FE00
FFFE0002FEFC02FE
0000FF00FB010204
F8FDFE0100020300
FDFEFE020100FF01
FFFC0103FCFB0100
0500FDFE04FC01FC
0402000103030101
01FE03FCFFFFFC01
00FB04FFFA03FEFE
00FF0101090200FE
0601FE01060002FC
020301FE04030000
0502FF0107010402
00FC03FF0201FC01
FB010301F8FEFD00
FF03FDFD01FDFDFC
01FD00FDFEFEFFFE
0401030103020100
02FFFCFE07FDFD01
0001FD020BFD0000
05020202010402FF
05FC03FD09FCFC00
0AFDFC0003FE00FF
08FEFE01080201FE
04FFFE00090003FF
110003FE0200FE01
08FDFEFD050002FF
0103020100020003
0902FF030101FC00
02FC03FF09FCFBFE
07FEFD01060200FD
010301FD06FE01FC
060302FF09FD0000
0000FE030AFDFF02
FBFE030107FDFD01
00FFFFFD020203FD
00FEFBFD0C02FE02
0102FC02FE02FFFC
04FF000304FE02FE
FFFE010306FFFD01
FE03FDFEFF00FF01
09FEFF03FF02FEFD
06FEFF02FFFF0300
0502FFFD08FCFE01
05FE03FF02FCFDFB
FF00FC0105FDFB03
040001FC01FFFC01
02010204060101FF
0502030304FC01FC
0701FFFF0AFF0101
FEFEFDFC04FDFFFC
00FC020105FE03FD
01FD01FE05FEFEFC
0903020400010200
0302FD02F3FE0003
FFFD02FCF000FDFD
0700FF0106000103
0301FD02F702FBFB
FDFEFFFEF7FF0204
01FFFB01F20200FC
00020200FDFDFBFB
00FFFEFF0500FC01
08FC03FE0602FCFC
05FD000001FDFF03
050202FE07FE0102
04FD000309FCFF03
02FFFCFD080001FF
0002FEFF0A01FD01
0201FC0103FEFEFC
050000040602FB02
FF00030100FE00FC
FDFB0002040103FE
0300FC02FDFE0103
FCFFFD01FC010203
F3000103FE03FE03
F7FE0203FE00FDFD
FBFCFF0001020201
F8FF00FE0403FCFC
F603FE03F901FC00
F8FDFF02010102FD
FCFF0201FE02FFFF
FBFEFFFEFF01FDFE
F601030303FC0200
FEFFFEFE04FF0002
FEFCFEFC030002FF
FC0200FE03000202
FAFFFFFCFD010002
FAFF03FDF802FFFD
FC00FCFEFDFD0000
FFFC0100FFFE02FC
F8FD010100FF0304
00FE02FC0201FDFF
F6FEFF03FDFB0200
FDFFFE0000000301
F901FEFB00FDFE02
00FC0201FF00FFFE
F903FEFF0DFC02FC
F90102FEFFFDFC03
F9FF00FDF9030201
F6FE0200FCFEFE03
F601020100FF0201
09FEFC0307FD0201
0700FCFE080002FF
0902000303FEFB00
050000020203FCFF
06FF01030200FE01
09FE02FF01FFFE02
0403FDFDFF00FCFE
06FE00FE00FEFDFD
0600FEFF01FDFF03
0702FBFD030002FF
05FDFFFDFDFE01FE
08FE03FF07FEFB02
FFFEFF0403FEFFFF
0302FE0002FFFFFD
02FD000101FCFE00
FE03FE000BFF0302
050103FD01FF0202
FBFDFFFDF100FF00
0100FEFDF402FC00
08FE03020901FF03
FFFD00FDFDFD02FE
050103FCFFFD0100
06FDFEFF02010201
02010200FC0200FC
00FEFCFD07FE03FF
02FDFFFE03FE0000
FEFCFFFF01FEFD01
FFFF030407FEFB01
FF02FEFE09000000
FC00000305020402
02FF00FD09FDFF02
02FC00FE0702FFFF
0604FCFD0CFEFD01
05FC020106030103
0BFCFCFF03FFFEFC
0500FE0302FB01FE
050301FD01FF00FE
09FEFCFFFDFF02FD
0AFFFFFEFDFD00FF
0C00030400FBFBFD
070301FCFA02FE00
07FE0100F90102FF
06010101F803FFFD
05FEFDFEF6010202
000203FDFAFDFFFC
04FFFFFFF802FC02
01FE03FCF903FBFC
FF0303000000FFFF
FBFFFFFFFDFFFFFF
0B00000002000000
02000000FDFFFFFF
07000000FFFFFFFF
FD03060004FFFE00
FB03F8010B00FC02
FDFFFAFF0CFDFFFD
FB0701FC01FE0300
00FD02FE00FB00FE
FD02FE0006FFFE00
0202FEFCFE0001FD
01FFF9FBFEFEFF00
01010BFEFD00FE00
0003070102FDFC03
01040201FFFF0301
020405FF060104FE
FF0008000B02FE01
FB0804FD06FC0202
FC060C0102FC0200
FE0208FC08FE00FB
FDFBFCFC00030200
01F8F90303FD0003
FFFFFB0205FD0201
FC03030002FE0300
FDFAFEFF03FC0000
00F6F7FCFCFC00FF
02F8F2FF0001FF02
FFFDFE0403FA00FD
00FCFDFCFDFE0001
FC04FEFF06FE01FD
FD03FDFEFB01FE03
02FDFEFCFFFBFF02
FFFDFDFD0400FDFF
00FA040301FEFF00
FDFDFEFFFEFE01FD
00F9FF00FCFC0002
0004FF03F9FEFFFE
00F9FB02F605FD01
03FD030302FD0003
FE05FDFFF70601FC
FFFC01FFFDFDFEFF
FEFFFCFB040004FC
FC0302FFFC0103FE
FD030404FB0000FF
FD020800FB01FDFE
FF0A03FCFEFCFC01
FB05030300FF01FC
03FBFF03FDFCFC00
020309FCFEFCFCFF
00030AFD01000003
01080600FD02FF00
030306FBFBFD02FB
01FEFA02FBFF00FD
FEF7F80204FEFFFC
FCFA01FCFCFEFD00
FCFE0002FEFC0003
FDFAFB03FF00FFFE
02F9FD0302FC03FE
FFF5FCFFFFFEFD02
00FDFEFFFF00FD01
00FA03FF00010002
00FB0103FF02FFFE
FDF9FFFEF7FEFE02
FDFC03FDFCFC00FE
00FE02040201FFFF
FCF9030004FC01FC
FCF8040106FF0202
01F703FFF90101FB
FBFF0402FC02FFFE
FE0803FDFCFE00FE
FF030204FFFF0102
FE0405FDFD04FB02
FD02030001FD01FC
00FDFCFCFE010001
FE02F80000030300
FCFC020204FEFF00
0202F900FDFD00FD
01FDF90308FE01FC
FDFBFAFC06010300
FF02F6FE02FDFE02
03070503F3FBFDFB
01F7F9000102FF02
FDFCF701FF030100
0000FA02F803FD03
FE0200FDFBFFFCFE
0004FF01FD04FD02
FC0101FCFBFB0303
FF01FFFFFFFC02FD
00F503FD00FD0102
02FF04FC00FAFEFE
FC00FDFEFFFDFCFC
0202050203FE0201
01F6FCFEFD000001
01FA02FB0105FCFD
FF0200FCFA00FB03
FDFC04FEFFFDFC01
FDF90402030502FC
01F8FE0204FBFDFE
FEFAFAFE08000000
FFFBF6FC04000203
02FF0404FC04FFFE
01FAF8FB0E0003FF
FC00F6000B04FDFE
010102FF01FE0201
FD010200FB02FBFE
0406FE0108FC0200
FCFEFFFF0802FDFF
FF03FAFEFF03FFFC
FF0204FF01FCFE02
FEFF01FF0201FD03
030203FC01FC0001
0001FC00FD03FD01
FD0103FDFD000101
FF0603FC000203FF
03010504FD010302
FC090501FE000200
020602FFFF00FC01
03FBFE0103FE00FC
FB0603FF03FF00FF
FD0A06FFF803FEFD
02FF05FF03FD01FD
0200F8020002FEFD
0102FD0303FBFFFE
FD09030201FBFDFF
FF0605FD050203FD
040A03FF05FDFC00
020307FF0100FFFF
0108FEFE01FE0100
FBFB08FB07FFFFFF
FEFB0FFD0501FC00
FD000803070003FC
02010CFE07FC01FE
01030502F60202FE
010503FEF7FFFC02
FCFF03FFF403FEFF
020701FEF502FFFE
FEFB0202FD03FDFE
FCFE04FEFDFE03FB
00FF04FC010301FE
FE06FDFFF9FEFDFF
00FAFD00FC0003FF
FEFDFDFF01000203
FEFB02FD0200FFFF
FEFC0404F901FFFC
FEFF03FCF5FA03FE
FF020402FC03FC00
FF060100FBFEFD03
FB05FC00FAFDFBFC
FD02FCFE01060003
02FDFE01FEFE0001
FDFCFE01FC0402FC
02040402FD05FD00
FDF4030002FDFDFD
00F8FE0300FFFCFD
FEFB0101FDFCFCFE
02FDFC0102FA0001
03F501000206FE01
FFFD05FFFF02FB02
FEF8FAFDF902FD02
FFF8FD03FC01FFFF
00F9FFFE00010002
01F803FC01FB02FE
FEFCFF0301FDFC02
04FFFAFDFEFFFD03
000A00FD06FCFF00
FC04FD020BFC00FE
FC07FCFF08FFFEFD
FD07FF02050401FC
000205FC05FDFDFC
000304FF03FEFEFC
010103FFFFFE0104
FE0B04FC0501FCFC
010704FB0902FDFF
000503FC05FC00FD
FF060301040203FF
020605FD03020001
FE060AFD0DFBFCFB
FB0204FB08FE02FB
010706FE0AF8FFFD
FE070DFE0EFBFDFF
03FCFAFFF8FEFF02
FFFEFE02F9FEFDFC
0206FD02F105FDFF
FE0503FEF805FEFC
01FC0300F8FDFC00
010504FDFF00FEFF
0408FE03FBFE00FD
0302FC00FDFC02FC
0002FD00FD02FCFE
03FD07FFF9FF02FF
FC040303FE040301
02FC01FEFA01FDFF
040203FDFAFCFE03
FE040503FC04FD02
FFFE02FFFFFF0301
FE0002FDF7FCFC01
02FAF80000020003
FFF8F40108FB0100
00F9F2FE02FF02FC
0001FEFCFC0001FE
FDF8FE0301FF0003
FEF8F80003FDFFFC
0100F5FEFFFFFD00
04FBF90102FEFE00
01FFFFFD05FCFB03
FEFCFCFD05FCFC01
FDFB0101040003FD
02FBFCFDFDFCFC02
01FB050309FEFE02
01010601FCFDFEFE
02FFFFFC08FCFD02
FEF80303FBFFFFFB
010603FDFE0102FE
FFF5FE0305020502
03F9F80009FF0203
02F9F9FF00000000
FFFFFB02FF010001
00FAF6FF00FC04FE
04FAFA01FC03FF02
FEFCFD0201000200
0503FE01FA04FF00
FEFEFB00FB0000FD
FD05FD0205FD0201
FEFBFD020301FDFC
FCF9FFFDFB070302
03FA010304FFFFFF
FFFD00FF04FD0103
02F9FF0302FEFEFF
FF00FC02FD0203FC
FCF6FCFE0200FF03
FFF9FB00FE0000FD
0002FFFCFDFEFCFC
FDFD01FCFB0300FB
FF0904FD00FAFE02
FF07FB00F9FB0203
FF03FBFD05FF01FF
020602FE0201FFFF
FF0207FEFBFBFD01
02020501F4FEFDFD
FC0600FFFD00FC03
FFFA0100FFFEFF00
FCFB03FE03010000
FB0500FD06FBFDFC
FD0203010000FFFC
000706FFFE00FF01
01FDFEFD01FCFEFE
FEF8F9FE0A03FEFB
FEFC01FEFE0001FF
FFFAFA01FFFF0100
FBF3F901FDFCFEFE
00FEFBFC02FFFB03
01F8FC0001FB0203
FCFD06000201FDFD
02FE01FDFD04FCFD
0001FBFC08FFFCFC
01FD0501FCFFFB02
FEFD0600FC01FD01
00F8FBFF0004FD00
01FE010104FFFC01
0000FF0103FE02FF
FC02FCFE0002FD01
00FEF7FC09FD00FE
02F7F5FE100200FC
FC07020300FF03FF
0201FEFDF904FFFF
0101FA0304FCFCFF
FE06FCFC0501FBFB
0103F8FD020102FE
FE0405FCFCF90303
0200FDFE01FEFC02
FD0404FFFDFE01FE
FF0A03FDFB020102
FEFBFF01FDFF00FF
FC0800FE02FBFDFD
0208060305FF0200
FE04070000FD03FD
01040703FD030202
02FE0203080303FE
01F2F7FF0EFB0203
FEF9FBFE0203FB02
FCFFFAFEFBFF0203
02F5F703FFFEFCFC
FFFEF7FEFEFAFBFC
FCF8FBFE0300FC02
02FFFEFFFC0101FD
03010302FFFC0000
FFFFF7FEFFFD00FC
00F80100FFFF0101
FDFC0402FD0401FE
00F501FFFEFF01FC
0103FBFF02FDFE01
FB02FB00FFFDFD03
FC03FE00FA0203FC
FE0002FFF301FE00
020203FEF500FB00
01FF06FFF60300FC
FE0C0BFFFBFCFDFC
FD0704FFF5FB00FC
FD0003FEF801FF00
FB0603FBFB02FF01
03FE02FCFC01FDFF
FF030400F5FBFDFD
FEF70204FCFAFCFF
FE010102F404FCFE
FD020300F100FFFF
00FE0401FBFFFE02
FF01060200FEFF01
FCFEFEFEFAFCFCFF
FD0405FC07FD0100
FD04FC0209FFFD01
0008FBFE0CFEFEFC
FD09FCFD05FCFFFC
FFFE00FB04FD0102
00FDFD01010101FF
00FFFFFEFE04FEFB
FE05060108FBFEFD
010101FF07FDFCFE
FD04FF000A0000FD
FC09FEFE0D02FF00
0303060204FEFEFD
FD0406FB09FE0203
FE0008FD02FE0001
0305FFFB05FC0200
020606030B00FFFF
03020101FBFD00FD
FDFFFCFFFAFD00FF
FF08030200FDFDFC
FE030600FBFDFF00
FD01FFFCFD0100FE
FF0203FD04FD02FF
FC08FD03010001FF
020806FD02FD01FD
020002FE000201FF
FC07020202FEFFFF
FC0504FB03FE0303
FC0607FC03FB01FD
FD0606FDFF02FC02
FC0205FE05020102
FF010BFD04010101
FBFD0600000002FF
02040203F1000100
FD020000F103FD01
FD07FCFCF4FFFF01
FFFEFFFDF80001FC
FE000002FB0300FF
FD0501FEF800FE02
FF0501FDFC0000FC
FC01FF03FC03FDFB
03FE0602FA000003
FFFDFCFEFFFE0300
FB02FD01F9FB00FF
01FE01FFF80100FE
02FF00FCFE03FD01
FEFF02FFFA01FE03
FCFF06020102FEFE
FDFF02FEFD02FBFF
01FDFC00FB020203
00FEFC0402FDFDFC
FF01F601FE01FDFE
FF09FDFFFF020001
FE0200FDFEFC00FD
FD0304FFFAFC01FD
FC0800FCFF0302FF
020305FCFC02FC00
FFFB00010601FEFD
030106FD00030001
020404FDFC03FFFF
000902FC06FEFEFC
FEFF0400FFFEFCFF
FFFF080107FC0000
FF01010105FD01FE
010106040300FD01
FE01FEFDFBFFFDFD
0104FAFE04FF00FD
0202F9FE090200FB
FD01FCFDFD01FE03
010205FFFDFCFDFD
00FEF60309FF0301
FCFEF40207FC0400
0205FEFE07FB02FB
FD03020304FE0102
00090201020300FC
FF0500FC06FDFFFF
FF07080102FCFDFD
0000020305FC0102
FE0501FE03FE0003
FF0AFFFD04FCFEFF
020207FC030002FD
FCFF04FFFFFFFEFE
00F4FA000402FE01
00FDF3040BFB02FF
FDF9F900FDFC00FF
02FEF5020301FD02
00F9F3FE01020401
00F6F4FDFBFEFDFC
FFFCF80001020102
01FFFD01FD01FFFB
FDFD0002FF02FDFC
FE09FCFC07FDFCFF
FCF800FF0201FE00
00FF05FEFE00FCFD
01FEFD0004FDFC02
FFFDFFFD06FDFF01
00F8F8FF0AFE02FD
01FD010101FCFE01
01FBFEFF09FEFE01
FE0303FF0DFEFC03
FDFBFA0109010002
FEF906020901FDFD
00F208FD04FEFD02
FDFBFC01FFFF0001
02FAFCFC0602FE02
FCFA040202FE02FC
FCFE03020300FFFC
00010000FBFEFC00
FFF803FC040302FE
01FDFD0002FF01FD
FFFA02FC03FCFEFC
FEFF05FE0200FFFF
020000FF0300FFFD
FFFEFAFE03FB0001
02FCF7000300FEFF
FFF7F9FC0902FB03
FEF9FBFDFC0003FB
02FAFAFDFD000100
010601FEFEFCFFFE
FDFEFB02FF0003FC
FF01FEFDFCFDFCFD
FDFDFEFEFD02FDFE
FD050701F40100FD
FF070203FEFCFCFB
FCFE0400FC020202
FC01FEFE02FAFCFC
FE000400FEFC01FB
FDFF02030700FCFD
FCF5FF030403FDFF
000406FE01FFFFFE
FCFEFEFE04FDFDFD
01FCFCFD0404FDFC
03FCFB0305FEFC00
030802FCFEFC02FD
FCFEFA0104FA0300
FDFEFC0005FCFD00
FC00050404FB0400
FE0000FDFC01FCFC
00FD0201FD02FF02
02FBFFFF01FAFE00
FD01FA0004020303
00FE0202FBFEFEFE
00FB0000FDFFFDFC
FDFF02FC05FC0203
FDFE050309FC01FE
020904FC030004FC
000400FC05030202
FB0304030000FE01
010A06FC0301FB00
FD0E00FF08040002
FC0904FB0EFFFDFD
FC07FEFF06FEFC02
010904010B00FBFD
0006030108000102
FD06FC0102F900FD
0201FCFE05FD0001
FC09FDFC04FCFE02
FC02FCFF0000FEFE
01FFF800FBFDFDFF
0103FF00FA02FF03
0102FEFDF902FE02
010101020103FC01
0000FD00FCFF00FE
00FFFD01FF0302FF
FC00FBFCFAFE0001
0000FA030300FDFF
00FCFF01FDFBFEFE
0305FC0002FD01FD
FF00FE0108FA0100
FC020AFD0502FC02
FE07FE0000FD03FE
000301FFFFFFFEFE
FCFE04FC02FAFDFD
00F8030107FB02FE
01F603FE04FEFBFD
FD01030303FF02FE
FEFC050108FB01FE
01030200F3030103
000603FEF4FC01FD
FBFCFB04F2FEFBFD
FFFE01FDF800FCFC
FD020004F8FF0102
01FCFF00FFFCFFFD
0303FF00FF0200FF
0206FE01FDFD0203
02FB0201FE06FCFB
00FAFF000001FD02
03F9FCFE02FEFFFD
02FD04FDFDFE00FB
030003FFF805FFFE
01FF01FDFF03FCFC
FD0502FDFB06FEFF
010402FEFF020102
FF05FFFCFF02FDFD
01F7FBFD04020100
02F9F6FF0501FDFC
FEF7FA03FCFCFBFF
FCFCFDFD01FA03FD
FCF5F2FF05FB0102
02F8F00001FB04FC
01F7FD01F9FFFFFD
FBFEFC020003FFFE
00F9FCFD08000202
0400F9FE070100FF
02FDFC0200FB02FE
01FCFF00FB03FCFC
FC03030307010300
02FDFEFE06020001
FDFFFE0105FE0201
FF05FE00F9FFFFFE
01040203F800FE00
03030502F5FF02FD
FF080301FC07FFFF
FF04FDFDFBFD0002
FD020303FC00FD03
FC0500FDF7FDFBFF
FF00FFFDFC03FDFD
03070302FAFDFCFE
03FC0303FF030202
FE0401FEFE0100FE
00FE01FFFE0200FF
FF04000100FAFEFE
FB0B0500FEFD0102
040602FDFC0500FF
FDFFF8FFFF010000
03FC0201FE0200FD
FBFDF602010003FE
FEFEF6FE04FAFE00
FC05F9FCFDFDFD02
FFF8FFFBFFFAFEFD
00FFF70000FBFD01
0000FC02FFFB00FC
FF02FDFB020202FC
01FF0200FBFE0003
FE0A02FF000102FB
FF04FCFF00FE02FE
02FE0502FE030002
000100FE00FFFC03
0203080209FDFF00
FD030B0208FF0101
00FE02FE00FDFEFE
FFFC020503FEFFFF
FBFFFD020202FD01
02FEF90005FFFDFF
FE0202FFFEFB02FE
FE01FFFD10FAFEFE
FC06FBFF04FBFD03
0101FD03FFFE02FE
FCFDFFFF0BFFFD00
FC0607030AFA0100
FD0A060006FEFEFE
FE05000200000202
FF000AFE03FE01FD
030102030DFD02FE
FEFD02FE0A01FEFD
0302FDFE07FC03FC
FF0106FF08050101
02F0F9FB01FC02FD
01F5F5FC0805FD01
03F8F80002FA0101
000003FCFEF801FE
FEF8FD020600FF02
FEFAFE000001FDFC
01FDF100F6000103
FFFCFCFEFE02FD00
FEF501FF02FEFD01
03FCFF00000202FE
FF00FCFC02FB01FF
FF0205FC0604FD00
FFFB040301FF01FC
02FC0704FDFEFBFD
02FF05030301FC03
02FF00FFFDFEFC02
FCFAF8FD00FC0002
00F6F80108FE02FE
00FBF60305FFFDFD
00FC0601FD0102FE
02F6FD0005FCFC02
FCFBF701FF040002
FDFAF4FCFEFC02FF
FBFAF90002FB0100
FEFCFEFF050103FE
000202FE02FCFEFF
00FAFF00FCFBFCFE
02FDFEFDFC000301
03FD000205FEFD00
FCFC05FC04FA0000
02FC01FF04FF0103
FFFA0002FB090102
FEFFFF0100FE02FE
01FC0100010202FC
02FBF800FDFE0202
FFFF0002FF03FC00
FC01FAFD09FFFEFD
FE01000003030101
FD02FBFC04020101
01FF00FE06050102
FEFCFCFC0301FC01
02FE000004FB0102
FF0105FE01FE00FE
FC0101FF030200FE
FEFF06FE02FBFFFF
020400030BFBFDFE
FEFC010107FCFEFF
00F701FC05F900FF
FDFFFBFFFB01FCFE
01FCFE01010201FF
00F8FD0401FDFD00
FFFBFEFF00FB0300
FDFB01FDFFFCFF03
FEFDFC01F9FFFFFE
0001F80100FF03FD
FFFE000301F90301
03FB06FFFFFFFDFE
0405FB03F9FC02FF
0302FBFEF7FCFCFE
FEFB01FD06FA01FD
01010002FF07FD02
0100030505FB0003
FEF6FE030AFE01FE
02FCFFFD06FFFD02
01FBFF02FCFEFEFF
FB01FEFEF108FEFD
FE06FFFFF7FDFF02
FE000201FA03FDFC
020603FFFFFD01FD
01FD03FDF900FFFF
0004FD03F7FE03FD
03030103FA010300
FEFF0402FAFCFD00
00FE0203F805FCFC
FF040503F001FFFB
0005FE00FA01FDFF
FFFF0000FD03FFFE
FD0001FDFEFF0102
00090101FC0101FC
FE0601FDF9020301
FE09FF00FFFC0200
FFFEF7020CFEFEFF
01FAF4020CFB0102
FDFF0203FF0201FD
FF0303FCFE0101FD
FF07FC030403FE00
0005FB0004FDFDFE
0202FB00FF00FE03
020808FE04FDFC01
03000101010203FC
000702030101FFFC
FE06070102FCFE01
FBFE0200010102FB
010107FF02020000
FC0902FD03FB03FC
FE06050207FD01FE
FE0205FD0304FFFB
FDFEF50102FE0400
FBFBFA01000103FD
FEF7FC0301FEFCFD
03FAFA020201FC01
03FFFD00F8FE0300
0103F403010000FF
FBFBFFFEFE020103
00FF0401FEFAFD00
0100FE01FD050201
0201FCFDF90001FE
00FD01FD08FA0300
03F30600FE03FC00
03FC01FE07FB0000
03FE000105000202
FDFF030205FC0301
FE03FE03F7FF01FC
FE0300FEF3FDFDFD
02000001F7FDFCFE
FFFF03FEF802FF03
01030102FA00FE01
FE0603FCF60002FC
000708FEF7FD0102
0203FCFEFC0203FD
FE01FE01FD01FF00
FE0101FEF8020001
010005FFF903FC01
00FE0702F7FA0000
010402FDFC0100FB
FEFDFF00F900FD01
01010202FBFEFEFF
020600FEF8FE0201
FF0301FDFEFBFDFB
00FFF5FD0D0003FD
FCFAFAFD09FAFEFB
FF000303FFFF0200
00F8FC02000100FF
FE00FC000600FDFE
FC05F7030704FCFF
0400FAFCFD010102
0104040300FD00FF
03010400FCFC00FB
FB03FFFEFEFBFEFD
FC0605FC03FAFE01
03FD0702FDFDFF02
FC0B07FE030200FD
FB0A040404FDFEFE
020502FC03FEFD01
030101FDFAFFFF03
0203FC000300FDFE
FDFE0302FEFB0000
FE030201FDFF02FF
FCFDFFFE05060101
01FC05FD0201FEFB
02F7F8FEFEFF0300
FF020102FE03FDFF
00F700FC0500FCFC
FEF804FE0403FEFE
FEF8040201FDFC03
03000201FDFB03FE
FFFC01030000FFFF
FD00020307FCFD00
FDF6FFFE0403FF01
FDFD0400FA00FE03
FFF7F5FC0702FDFD
FDF9F4FF0BFCFE02
FCFDF90005FE0201
FD00FD01000103FD
0001030006050001
02FFF90104FD0003
02FDFDFC08000102
FFFB01FC0101FEFC
02FD0600FE000201
FFFE08FE03FFFFFF
FD040200FDFE0201
0005FF0302FD0101
FFFFFA040DFCFC00
01FD09FF0BFDFDFC
03FE010205000201
00FD010201020000
FB0001030503FFFE
FC05FEFD0AFDFCFB
FFFCFBFF0BFB0302
030600FFFF020103
0005FDFCFBFE0102
FF02FBFE0902FE01
FC0500FC07FE00FB
FEFFFDFBFDFCFFFD
00FE04FE04FAFE02
030403000300FF02
0206FAFD06FF0300
FC080000030001FF
010007FC02FF0002
FE0500FE01FEFFFD
000205FD05FF0302
FB0501FF0200FC02
FCFA0601F8FB01FE
02FF01FDFA00FDFF
00FD0403F800FEFC
FD0A04FCF9020200
02FD020202FE0001
0000FEFE040300FC
FCFF04FCFF000000
02FEFF0203040001
02F800FFFDF800FF
00FB03FFFC02FBFB
FCF7F80204FAFDFD
0000F8FDFCFD02FD
02FC0100F904FEFD
FFFBF8FEFDFF0001
FCFE010302FE0201
00FCFDFE00FF00FC
00FDFEFE03FEFE03
00FCFCFF0202FCFD
FF02000205FCFBFE
000405FE000102FC
000401FC01010302
FF030301020203FC
FEFAFCFD01020201
01050002FFFC0103
02020501FF00FCFF
FF03080000FD0401
02F9FF0201FFFE00
FF020703FCFB02FE
FCFF030103FFFFFD
02FE050204FE00FC
FCFCFE0203000101
FD040402F700FC01
010103020701FD00
FF0103FE030003FC
03FEFE000602FBFE
04F800FF02FF0402
FC05FFFD01FFFDFC
FEFFF9FBFF01FF00
0001FCFF01FDFF03
FFFC04FD040202FC
FD0203040001FE03
FCFF01FDFFFEFEFE
030003FF00FEFFFF
03FF06030CFA0100
FEFD090209FA0202
02FA0100080303FB
01F803010B000003
FEF1FDFE0BFD02FD
FF06FF00F9020202
0104FF01F6FA00FC
FC040100FC0000FB
FD070702FF05FEFC
FC00FDFDFBFEFDFE
00FBFF020E04FFFC
0005FFFC08FDFFFD
FEFE00FF08FD02FB
FFFD02FEFDFDFDFD
FDFC01FDFD01FCFC
FDFEFB0206FD00FF
03FEFDFFFD03FCFD
02FDFEFCFC01FFFF
01FEFDFBFE02FE01
0007FB00FEF9FE02
FC04FE00F8FFFDFD
01FCFEFCFFFEFBFF
FEFEF000010102FF
0300ED020002FD01
FE070103F80101FE
FEFAFF0300FDFE00
FB03F7FEFDFFFFFC
FE04FC01FEFD00FD
FC04FCFDFCFC00FD
00FD05FEFBFEFEFE
FD0202FCFD00FCFC
FC0607FFF801FDFD
FF0305FEFB02FDFE
00FA04FD06FEFE03
FBFF07FF03FEFE01
00060EFE040101FF
FFFE040001FD02FC
01020700FFFFFF01
FCFFFEFBFAFCFEFC
FE02FF03F90000FD
020407FEFFFFFDFE
030009FF0503FEFD
FD0002FF0303FFFD
0200050107FE02FE
010902FD0305FFFC
FFFBFBFB02040201
03FEFDFF0400FFFD
01FAF6FE070102FC
FEFDF8FD0001FDFD
FEFDFCFDF9FDFCFF
00F5FBFF07FF0103
FFFBF7020603FF03
FDFAF8FEFCFC0202
03070900FFFDFD01
00FCF90203020302
FDF5F3FD09FD0200
02FCFF01FC010302
FCFFF7FC03FBFC01
02F4EFFD02FEFD02
FFFCF4FF05FE0101
0102FE00F80101FE
FC0302FFF8030101
0100F7FC0CFAFC00
FC04FF02040000FB
04FFFEFBFFFDFC00
04FD0900FAFF0101
FD06FEFD00FB0203
04080500F601FEFF
020004010101FCFF
FC020401FF03FDFE
FEF5FD030902FE01
03F6F5000502FDFE
FC00FC00FE0105FF
FFF8FEFDFDFAFDFB
FCF3F1FF03FF0001
FDF2F9FEFB00FBFB
FEF801FE04FF0002
FFFAFAFB000000FE
00FCFE0309FD0003
0300F3FD03FBFF01
02FDFCFE01FAFC00
FEF901FFFA020402
FEF9FFFF04FFFBFD
FC00FCFE08FBFEFC
FFFDFEFDFFFF0101
FE02FDFCF20200FC
01010401F1FFFDFF
FCFE0000F8FF01FE
FDFDFF03F60202FC
FC03030203FFFE00
FC0A0300FDFFFC03
FCFF0202FDFE00FC
020308000104FEFD
020504FDFA020002
FFFCFF01EFFF0002
FD00FC02F9FF00FC
FC0203FDF40302FE
000201FEFA030101
FC050600F2FFFD01
00FE0101F7FDFD02
FCFC04FFFD00FFFC
020505FFF800FFFE
010507020401FDFC
FF0404FD05030000
000208FD01FE03FD
FE090802FDFE0200
010C07FD06FBFF01
FBFD03FD01FE0302
0306FC030201FD02
040407FE0709FCFD
FE0505FEFBFFFD02
FD09090402FE03FE
FE0C05FBFDFCFEFB
FE060AFEFFFFFFFF
FFFF0702FBFF0102
FF020003FF0002FF
FF03090000020101
FE0603FFFB03FF01
FD02FFFDF60500FE
FFFF0102F4FE02FD
FBFE01FFF901FEFE
00050102FF01FF01
01030402F8FF0201
FF0809FFFAFF00FF
02020204FC05FE01
FC030701FAFEFC03
FF0404FFF40301FF
02070702F7FE0001
00040603F902FDFE
FC0600FEFE03FBFD
FE0204FFFD000101
FF0303FFFD0002FD
02FA03FBF7050103
020504FDFCFEFDFF
FFFEFCFE08FA01FD
00FCF50108FB01FC
000208FFF800FE02
02FAFC0302FE0002
FBFFF4FC0B01FEFD
FFFEFA020C030503
FE05FD0202FA0002
FE0505FE040000FD
0309FFFCFD02FEFD
0206FB0308FD00FF
FF060202FDFEFDFC
0005010103FE02FF
02090600020001FD
FE0904FF05000101
FD00FF030300FF03
FEFD040402FDFC01
FD030300FF020201
FB01FEFCFBFC00FE
02070304F702FC00
01FDFAFC01FBFDFE
FFF9FEFD05FB0103
FCFBFCFF04FF02FD
03F8F8040304FC02
01FF05FEFFFFFEFE
00F8FEFF03FF0102
FB00FCFD03FFFFFE
FDFAFCFD0002FDFE
FFFB02FCFF0100FB
FBF6FFFB04FFFFFB
0102FCFF0101FB03
FB00F804FD05FDFE
FFFDFFFFFFFFFC02
01FFFD000402FE03
FDFCFD030603FEFE
0001F50203FDFD02
00FE03010402FF01
FFFEFB010501FF02
FFFCFD00FDFD02FD
01FAFA0005FBFB01
FCF8000105FD01FE
FEF801000202FEFC
FD03FBFCFFFEFCFF
FEF9030300FEFDFC
FDF900FF01FFFB01
01F402FB04FF03FD
FFF901FF040001FB
FDF7FFFC05F803FF
FB0C06FFF9FFFD02
01040701FF000101
FE010600010102FD
000009FD000102FE
FE0800FC0405FE02
0000FD03FE0002FE
FC08090100FAFF03
0204FBFD0103FBFE
FE050002FE0202FD
0301FEFFFF02FC02
FDFF03FCFC03FFFF
FF0003FC010102FF
000400FFFF040200
FDFF04FDFAFF02FF
010507FFF80302FD
FC050501FBFEFE01
FC0CFFFC00FEFE03
FEFEFA0206030003
FCFFF6FC09FFFCFE
FC06FD01020003FC
00FEFA0204FC0001
FD020D0003FE02FD
FE02FE00FC0503FF
0001FEFD04010001
FFFE07FE04FF0202
FDFF000302FE03FB
000500FFFCFDFC00
01010503FDFD01FF
FE030B0103FD0102
FC040A00060002FC
FF06030301FA0001
FE040C0206FE01FF
0208020002FEFDFE
FF0602FD06FE0000
0208FFFE000001FC
030C08FFFC01FEFD
FC0302FBFF04FDFD
FD0B030103FFFDFF
FD0304FC08FC04FC
FC06000400FFFCFC
FD03FB010502FC02
FE04FA040607FD00
FDFFFAFEFFFC03FE
FF00000401FD03FD
0104FAFEFE040100
FD03FCFFFAFC0001
03FCF901F9FEFDFF
FC04FDFDFF020002
FEFFFFFF00000000
F7FFFFFF00000000
0800000003000000
FDFFFFFF05000000
05080EFAF2130108
1104FF0D06F1E200
FC0D000D00FEEBFA
03FD04F3F3FFF22E
EFF9FFFC08090104
0712FBF80A00FCF7
ED03F3F3F6040C0D
F2F7F0FC11F80301
00000000ECFFFFFF
