10E9EC064A16ED0D
200BEDF94E06ECF1
DE0DEAFE3B0E270C
E2F102FDC116E20F
D7F5FDE8C305C20D
D6FD06EDD4FBB60E
13FEFAF6F0EA1911
1EF1F2F42C042F0E
F8EA0A04E5162AF1
FFFFFC2C000003DC
00000383000003E9
FFFFFCAFFFFFFCF8
FFFFFC1CFFFFFBBE
F21836E8AC3CF6F4
EF2C33174FB6F6F4
19DE03429539F60C
F6E05BA62502F1FC
FAFCA0BA7FFF0201
0926AD1322FAF1DC
EB241105C5D80A06
F7DCEFF89726F009
E71F023F1720FCE0
FFFFFBF5FFFFFC15
FFFFFBBC000004D9
000001CE00000012
FFFFFB9A0000049B
1CC31511C41818F6
DA20030107E91010
0B0FFCFEF2E422DD
2904DAD8C217D4E5
DB0D19E01BDB030F
06D30AE00EEFD508
12FDF3E2EB16E90D
F1F5F7EA1B1CEE1A
FCE71FECB803D504
ECE1E9F81E07061B
EA2CF5FEB9041210
0A02E1E7CEF2E518
02FA041FE0090BE9
FAE6EC12EDFC061E
F8050DFC0203F815
DF1DDD1246EDD9EE
E7D7ED0A3C172CF9
15E817F445E432E9
1902EEF3FFEAE0DA
D70702ED07FCDB09
06C2FE0BC81B1DD3
1701CFE0BDE903F7
1203FA1006D614CD
1D18ED13AAE8D5D9
1B08D3FE22F5E9F1
1E1E11FD13D7E5CF
FA02F61322190DE9
00C516F351FE0719
FA29ED07E8E5F1D9
CECF1EF5E512FE2B
D20ED60303ECE7D1
EFF30017E21412EC
DCF026161A0CD71C
E5C504E432ED0FE0
FCD4F80A3FE7D31E
F6E6FAF84109FFDE
0010F52B200FD7DD
1D3113EBEF11FF20
1FD4220B341ACDE0
FCEE2B23B0F9C9E2
F34226EE07F005F1
1007FB01060CF3F9
16C713F5B41A05E1
08CEE7FAEB20EFDD
E71C18F11CEDD41D
EDDF1F0D2C0D2DE6
FDFDE5F6FBD6E20B
0B30D61E2C1B0B28
FDE6F6E2B5F5CEDE
2136E611D605E2FC
E3060CF71105D504
09CF2BE929DFE22A
F1EBF3FAF7E4D501
DD0408ED1312F7EB
0434F3181BEC1AE1
0C242BF728F9DBEE
00F5FA20DD030B1C
FEF3020EB7210ADB
F912E5EC0C0F1819
DBF8E1FCD2FE291D
05230F17BD190B1B
DD16141FB9F01DE7
D7F12801FC29F709
F9F4171B1B00DCFE
26D9F81AD4F927FF
DF2AED02D201E0DB
FF15EAE3CE28D00A
04D7DEE20C1515F3
101612EF13EF2201
17DAF90535D8EBF3
D8E714E7410021E2
0030F118D6FBD2F5
EF2D21162312E9F7
112F0F16C5FEFBE9
FC35ECF3FF23DF19
DD31F7F012E5F5F1
1DEB2003EEF20BDD
EBFF08ECD42FE7E2
E6CA0E10E3F8C815
13D019F2FAF8F921
CEF028F0CEFCDD01
F3CA18E6C0DC0205
EDEAECEE2B0E2409
13CB18EF24FED730
0B240820141F1B0E
ECF7D905EEF1E527
152709182508CAE7
F9F5071C370024F1
042E09FBBE23CCE5
D8E50E20D529E2F3
09C4F6FFD1DF1AF7
14CFF00E29EFEAF4
E2EA27F32FECCCE5
ECF2FBD205EC2016
FD0B11DE30EEE21B
DEE3E1DCDDF60307
173DE0EDFFEE0912
020AD813CB1012FB
2001E21F19E028E8
1202EFEB5EEB0728
00D102FD53FB3338
06E6CAF307D6EF41
DCC9FD0903D42A2E
E0BCCCE6F1E214EA
D4CDF80130E60633
E7C3EED9ECEEEE0E
F7DCDAF358D9E808
E1ACF8D97FCF0525
E708002606E5101F
F51317F7C503DF25
132A07F25100D802
0AED05E510D2E1EF
DE17E3140DE8F411
031C231F23E611E9
0525E0F743FFD0F1
E5ED060E0DE9FB13
E1EFE8ED1F0C2506
0D1BF0FEF11907ED
0A1C0CEC29F9F922
F4BDE3DEAE1602EB
E3E4030818102BF6
E7CE08DD410EE9F9
120FEBFAC0E6C214
E818D5D3CAF7E31F
FB16E20321F2EA06
E7F8D8CF31FD1A12
ED15DD033C01071D
09CF1EE038101ADF
D9D2EC1EB9ECCDD5
20CDD201F6D815D9
151ED0D5CAF90314
10DAF0FCD2FFE5E1
FF0811F52FF51DF8
29281CEB25E51017
0029E4E9DE13F1F7
181E321C070EE926
174017E70002ED04
1DFEE519ED101B13
E1041721E521F409
14E7E8ED2A150522
FBD909EFF90F2A18
100BF7083612CCF7
ED0E090ADA180BEF
DD271B102118CF00
0000113BFFFFFFC5
FFFFF9D30000086F
000007E2000008D0
00000B6600000D13
36EFE92402EC1003
E50A160F1704EA07
F433311606F2020C
245007FBCA12DF36
18C7330427151F13
CCD93AEFC8FDE7B1
1004231BDD200FB6
22D70A0CF91E22B4
FF1C150BD0282FE5
2D340BDD170A1AE4
ABE4F003D618272F
C6FBE116DAE80C97
C0D2F1EFD31AFBF0
F8DEDD0CCEFE09E3
0CFEE30BFF112ED7
20D8ECDBEA040D60
A6BD20E927DFF7F9
FA21191B2DED1D0A
E916E804F5F6F7C5
29E51C20DAF012E0
023B1514BF240F9A
33D8EFF5DAF6F58B
06351724E329F935
E1E00BDFC6F2FA04
22F702E6E9F91CF5
D83D33F006FD20C2
B91334FF27230DBD
08DC1310F4072D3B
0D15E6162BD62BE1
2D1AFF1DC5ECF126
DECFFFFB13130E12
E4EF041FD6F22DD2
2D1CE0F1E8E61A1E
0EE8FCF9191A12A3
201B1ED6D808E7A0
39D3E8FA2D0A0AAA
1A2EF5EFF7F9EDB6
DB001C0FCC15EFD3
BECF1EDCE9E118C8
3103E4EEE616182A
2D4912F7FCE428E4
1330E6F6D6FE17E0
184AEF00F610120B
4A19FDE0010905AB
3416E3F51A09FE26
2C2B1DF614E3D9B8
D0CD01202805E836
F5300614E3DDF7AC
3E082D0ADFEFEF16
02D322EE3B140567
C115EA0B26F30AF0
FFE426E705E40734
D44129192C05FF99
2922220FFD0DE507
0F14EDECF1F2F1C8
C2EE2300DC19FB56
B8C3210E0FE71BD7
284224F918FFE3FE
232221F6F808F8C1
162F05FB0704F127
3F3925072A06D713
D315121EF1F21AFC
4BDAF8E4DCFC1B49
BCDB2B1F0FF0F65D
D9F1E10CCFFB07EB
DBEC2F19270DFEFD
1F17210917DA0AE5
003EF4D62AF02AC5
D4C505F90FEC09E3
E4C0E6DAFFF4F355
CFF22709F50DE620
1BD3F8E619D9F817
2A0316F1CF19E0FC
0D0B2EEAEB01FCE2
D5D2F701D103D8DE
4DDCF6DCE7F2DDF2
E3302101D61522CB
06C5F7EB2CFB064D
E705231118FBDBCB
2E49F2CF0AD702AF
CF0D20F200DE16F3
E73A060AF9EA0BB3
15BEE7FD1F181FEE
D1F21C03FBD8FF06
3E092C10D218271C
FD0DF9DCD1E1E11E
2846E71429EC0FF5
09D028E011171403
1E0CF31A1AFB0B0B
2F54F4F73512F0A1
D5E71EECDC17FA44
C6E2E7F02B1618C2
F2E32B0B070124E9
CCCE1808CBFA2249
D5E12813D5022C4C
0534311AF8111356
DC472AF92607191E
F6DB27EA0609104D
EFEDFE001F1714B8
30B5E9E720F2F946
C8BEF50BE20B0724
D4C5F3E42DFC2A19
D0B411EFEA1B2661
CCC4E61AEEED1D14
C7C8E9F301ECF24D
E9B20DF1140800CF
E8A1F9E408E2E235
E502D6D551EEFB1C
28F812ECFC09E9B5
FD4CE20E2616180E
2EEFF727DD0D0B0F
D822E0D3F40AEFCB
280BF41B25DA06EB
2BD309022D190A27
07C2E01718E21501
0AE4E21A27FAF0D9
0227FA09DCF60F1A
CA02D813E3E3F84D
BDDFED1EF5FD0B2E
E2E9E11D0C110355
08F3F9EC350B37EB
CD2C0E09C3170307
22CA16F200FA11D0
0FEE172FF40E3413
183CE41D13DE03F8
CE15F4FBDF0D0326
3AC42B132104DE11
F9FB24F3FBF7144B
085603EBF1F21249
33C7170EF2E3F2B5
13ECF11CD8ED301B
1E28240EC6032AEC
DA0607E8F407F456
EEE901F9F5F8FCE0
0F03F8F735213844
384709EDD9072824
110D1F0DD10A1DC0
EAF809DBD8DCEBE1
E53B1318E10A05A4
4CF7E8E0FC03FD38
004101D60BDF0945
503B0AF83E0D17BB
1646FD201E0D06E6
F1100B1804E5FFE9
FFFFEB5000000841
00000805000002C0
FFFFEE6F000001FD
00000261000001FA
C9F9F02C051DFBEB
C0FFF5E5ED35F4E9
15F4F9D4D530DDFB
0B20122F161F0112
23080EBA27E8DFEB
EF04122A0020F0F6
F5EB11390CFEFF0E
ECE8FA32E6D50AF9
F4E9ED06F60C0FFF
18FDF81509F81509
3C12F10F06E60800
28F90B21DED814F1
1122F0B41F13060D
26000CCBCE29FD09
35E6FE11E3EAFDFF
CB180A12E7FBFCFA
030D0FDE0C2DF8F5
F40EE632F4FB0F09
20110528112FE30C
D20E18D00C25EEF2
DEFD18DCCB24F3FC
250712EB00D7F104
FA16F7D6E5F3EFEA
E9EA143509E6E517
1106F74110EF0502
C8FB0F1E0CD9FBEF
27DE06301DDAE9E7
3F0E0CE6C5EAF407
36F71394C7F1E406
C9210DACDEF6EAFB
031E00F3ED1A0512
CD08070E0AF507E8
C4F10414CC170614
40F911521C1207ED
E71BE902152416FD
E40116F0D0F9F60C
EFE80AFA23FA2007
2CDDED0BF00AF310
E900E53520110B13
13D90ECEF3F11612
DE0FE00E102D191D
2EE4F0B6EB0B14FA
D4DD05EF0F38EAEF
D4EA09F60412F5F9
27EDF8D8EBF41BEC
17E40EC5E2C91C1B
CF19F6E918E9FBF7
DFE4E7FA08C8E602
D7F0E9E5EAC40211
23E00604E4DF1410
E2FD0F26F9271E23
F016E8EBDD011512
FF02F5EC23370807
17DBE538E8F30DEE
DF13E70D1DE41901
0DF1061C0A1510F8
27DAED0814E3140A
0F06143EF8D70510
2310F3C8F7D20A18
0816DB0FFAFE1DFE
2111F3D3E8FA1A13
CAEEFD160DEBF324
F70A063E0607F6EE
0D0AE3DDE3D505F5
0104FFF3E81B12F6
FC15E0CA22200407
1A0A031818C70FFF
25F50716D42A001A
03FEFA31F1E5E5E7
0BDDFC09DFD2E3FF
2B11082ED70601FA
E1FDFDF424281E1C
E51A08DC11031101
E4DC0EFAF3E9F5EF
EC00E7FBE1E9010A
E309FDDB221810F2
DCF7F6D0F0FFF311
06ECF43AF2FBED08
09F60AF4001B1A0B
CBDA01E8D0FD0106
DD100FEB0A2E1A12
E6E3F601EA13E80F
1C06EAD61EFF07EF
CAE9E2D0F0080DFD
C6DB0347E1F7040C
DFF407170DFCFB01
C80904E1D721E703
F7E6F2D40CE7E9FB
FAE2EE11D00EE308
22FCE7C22A15FAFD
0B08EFD50ADCFBF1
1FE11AFED5FBF2E0
BDEE08E2D505EFF9
1FEF082A0300E412
05F30A4C04CCECF0
FCFDF6B7EACB1502
E9F8033B200110FA
ECF8E5EA2B02F008
B0040C152C24E307
0707F82FDECC0DE0
2AEA0DF903E10BFB
D8EEEE02ECF5E5F9
E5E7FD13F0F7070A
4AF917F0ECB8EE0A
0B0AFE13E5BEE611
4713E459FBD0EDDD
11E50F60101418FC
2A00123A2EE01600
FA17FBF60127F800
0DDFFAF21F250FE5
E2F911E5D0E9F3EB
1AF402D6DEC3DE0A
B9F3ED0EEAE3F107
B414F4FA01D6FEEE
31E1F606D7E7ECFF
AEE201FA0CC5E90E
C5D8090EFD0EF008
DB0601BEE4CFE7E9
CD14F1B1E52412F1
C516F6D5251E13E4
0CF5F9DDE12A11FB
BF1105F8170BECE6
C2E70AB61810E908
CE280C33EB1DEAE8
AF28F9CC13160CF1
ED24F6F4E0F4F0EC
15F7F722DA05070B
1F00F010111F13DE
1D1AFEEAF7EAE9EB
020CF22FDBD8FEE4
E90800BC13FFF4DF
121D07F219EDF5F6
20F1F334F2CA120C
DA0A07D9EFFDF201
20F6ECFE18D0FC0E
DB0EDF30ECEA17F7
2CDBECCDE1CCFC1B
01EDE8D8D4D300FE
F920FABE0029EA1D
E3150C0BD415EA0F
F3E7EAF21E2A1705
1D12FE16EBFAF7EE
280D0DF30C25F71E
280E12E2F3FAECFC
000004C800000185
00000FB300000A6A
0000064C0000065F
00000DC500000772
E905EE1FEEF82803
E7FDC6D4F70104F2
0CDFD5FB06EF23E4
030AF9FEC9FFF7DB
020E06D0F3E1E7CE
0B010BDFE7F0161D
2C07BBDF1DEBC7E6
29D2BB15E9F8F5DB
F0FA17C9F30DF7D6
0C1DD3DA01F8F518
EDDBE3C7C5FC1714
E0F9CC1625FC0AE1
E7D41DDAFBFDF015
D71C14CA14F41D2F
24241DFDE101DBFC
FD0AC92429002419
E819141B23FDE217
FAE21124CDF6E111
FE31DBFCFBE3F721
FEF513102710CF1B
DFECF5DC191616EC
0D1ED1F5FEFDF30B
0810E0E7FEE82022
E2F60D10DFF2DD06
DC180CCAE9E40221
23C808CF220F24FD
FDCCD62117E7D913
01E9D6DA0AEE1E2C
F41B1720070DCD07
CAF702ECE00830F9
D1EDCC2F1CE1F1FA
FEF21E1E2602321E
D70617DAE60230FE
F9F1DEDAF4EED0F6
FDDC10CBF20BC4E6
E9E6F3C7FA0FD123
0D01CEE81B07CD0E
CCECE2F5D3F4F7E0
02EACA30EBF2C81A
D5F7D122140712FF
F534D3D7240A2D09
F4DB000C0710F9DC
1C09D70A161CF812
E21BEB1A1C08FF0D
022A0C1A37181EF3
0A031C05F81A1807
1010DBF8DC1ED1F3
D2FD0AF402F61E14
E1E31F2415F810E7
15DBED070FF1E2F3
D6DBD11ACE1112F6
24F800DAF4FBFDD9
D62BDB10F4FEFC28
ECE2F6F4EBF7D616
FD1DED2C3714313A
CB21FF1E09102B35
C4E2CEDCD014EBFE
03FB22E3FCEF3400
0CEEF9E0000CD418
DA10FAFE2D10D408
1B081DE338EE0629
E613D5152DFDE01E
DE0401E107001302
110B15D828F21F20
22FB3FC6DA09F9E7
0810EB0BFAF5FA23
E219242CEC142C03
FC2BE0EE23F5ED11
FCED1F0ABD0D13E3
FAFF0DEF000E3706
0E2AEA25000C2F1C
FB0C2D1CE10ED300
1CE80BE10313142C
F3E8D8E0E0F7D9F3
EC18243DD105D403
D7D9FD072B072A09
F9220ED9F6F02921
CC2DD9F5FFF11F09
D509C5D201F909E5
DF0B171E3017F819
D2242737E9F2F321
F9FF1FE837F9FD2D
D62D0313FE1B26F7
1A18E0DFCAFC0F1F
1DE8BD10D90A1F10
2BE7302F290A0E18
0C12F5E90015E21D
DAF024EB161321DC
1E38EB38F20DFA2B
F3DCE42136FB0F04
0FF1220725E7DE24
15E4E409010BE81D
F0D1BC03FBFD2CEB
D400D40819E5D5D4
09FE2BD6EDE5E4DB
E5C0C40E16F3F1DC
0ACDE614F0EDC620
DBF9C31ABFEBC6D8
FB0606F7E509CBEF
DDFC21E4F0FFD9CD
EDC7F2C4FF06FFD6
F0D3670A0AEB29F5
1CE3F32A12F82DDE
2DFC2BD30703E9DF
FDFD30D911FEE6EC
26122BF210F410D4
DE20F814E104C7F2
21DA5A24EB0CD0D2
E407E1022BFDE0F9
231D1ACC29FB0914
1EF2E325430F06D6
04DD1CEA1FE11E00
DBD7DECA19FCF30D
F0E7C8D017FD2505
0FC615100DFA16F8
EFD428BF09F0E001
09D6FD0A2D002020
F0EA23FFFCEAFD06
0903F130FAE5BBDA
CC15231F04E7DFF4
161BE6F6E3F329D8
E730102B18F91917
F7E0EB0FF2E406F0
EE16D733030218FD
FEEDFCF71BEDC9E9
08D2171F13E904F0
F1E614CE2EFB241D
FD10171D33E7D915
16F2FD1F3904F724
CEDC1AD901080DE4
DE14BF1EDD072AE9
0815EA0436001BF2
E8E327FACE0A21E0
FA1403FA180D17EB
F109F1D6D40D111C
FFCC39D2161412FE
C82EDC2AE6FB01EA
FDDD40D2300B29DF
14D512CAFE090904
34E618CFF9FFD8E6
DAEDEA0B0CF8D224
D9EAFE1A0DEDF816
FBD9D2EDEB112A01
201834FC0F0422E9
0000028CFFFFFEB8
FFFFF6BA0000049B
00000A1B00000AE5
000013D200000C45
CF3739C1D44E02ED
E9054EFEF4CC3434
E8CFF520DECF1A0B
E821F80DE0E6DA01
EED818F8051B34C9
DC01D7EDCEC127E6
28C5F1FFF415DD0E
2FD91AF5E7EFE1F4
FED7141CB5D7E3EE
2003E5DF26201310
E535D9DCF8FD0200
FE2B2303374405DA
D9E2F70EDADD1609
ECFCD72AF5EBE00A
FD450617EED50BDA
10EAE5FBF6F00138
D813D7F1F0F8D231
19CC3821D845F721
19C3D131EBC10E02
2ED2C711C9C5EE21
3532193CD6251EE5
3BFFF51D262A0827
EE49EDEC2D1805FE
3E06FF0808DCE5D6
E712D33FF1EEF62E
2527C4162C27D40F
DF16F6071DD90013
C9E458C81CE8CCD4
21E333DF2A3416FA
1AFA311709CAD0E4
CDF0351BF9C0D4D5
08EE05D317BFE7D0
E5C8DAD2E316BC07
F6BFF0F5D1D20BD2
FCD3EC12C62EF624
FCD53219F25D0B0B
DF25FB1FEF7A280F
1B22E5F3D5DF2FFC
17DEE018D020EEC2
1A0DD633E5F807F2
37D9FB1303471DE6
12E1EEF826D50115
21FFEC27E7D816D3
04EDC70202EDE82F
C21640F6F82DFF35
3EFDCE2E3A1D191F
EFD7C1080F31FADA
1033C9D6260601F1
D6F9C0242E501DE3
292AC00A3B18CFE5
FF280BEBEFE91ADE
E62F3D0B0B0AC51E
D33B1F211E14DA1C
2643CA371317C719
FE34C3F8E5DA1117
26BFCC09FE1BFF00
2D02C83007F934FF
47DFEDE53F14091D
12DEE2FCEC3243C1
19E9C83601E10FFF
2BE72734EF1FDAD9
3AF32DF0F510F4E5
2322E638E909E2BC
C9F1E3F118074C24
F2C6290D1FFEEE08
02AD44361EE4F915
41B904D306004106
58D4E013C8FA42E9
51F50F1A2D6B3A26
53B9EF01F658F1D2
3A3021212BF533AF
26052FF1E72F5BDD
04F61A1E0A45D6FE
E615E9D60FEDDFE2
F0105CDA17F1EF2A
0CF71915F103EDBD
FFE3F819E11D16D5
F3EFEBE2222CE8C2
EC4400FD13130C0F
23FD17D32DE80131
FCF6E7E1E4F2FEF1
0D21D4EF14B3E8F7
09DBC906F410F9D6
D50FD1163F10CDF9
0B0FFA10E5C01FD3
1806EAECD1C1F5CC
CD08F2050AE6E7CB
2EE8D60BECB213FD
2A18201FCCF419ED
1EC8E407171409F9
23FDE7CF153FE1F9
21D8E31FF43D27E2
E5FBB112FA040FE1
1CD532F3E3212908
E7C0E8DDE4E3FD1F
EDC7171B2D1138E1
32E9D714DAF111DB
102D08E4C90AF7D4
F9159B07D6EB1A0D
FFF8000113C6F820
21E102FDB815D41F
14144FDECEBE01E4
E90DE9D802E3C311
DA41CA2A1FF816D5
D51FF91802BEF604
F90C3108CAEFD73F
EF12CB08F1F0F749
F8C937F31B32D8EE
0EE5F2E1130C1ADB
01FBBCEEF8E7E80F
0328D917E6BF0A18
DDDA4001FB2929F6
FE4A291F0AC0F3D1
28D9BB07F3E801E5
D60B14F8FD1C13ED
FCF4BF23F31426D7
0CEEAD10DB14F2D5
EF58FD1F2BFCC7DC
FF00E111EC29D7D9
23E601551827FB23
2133270BF90B16DC
22341241E507FD07
33E7115535FFE221
0A0EFCFF422617EC
461AB31F03BE01D3
36D5F55D162907C4
28D602FE4B02DC0C
3BFDCFF3DF32F7F6
0CEAD331DD090DD2
DD0AEC0C60571AF7
1ECACC1A61F10D26
402416343DB80002
F23CEC4CFC39DDE9
13F8CC050261F11A
3113F5082B320FDC
E313D8DB110AFB0C
1DCFD41B22A307DB
13FEECCFC7B0160F
3612CF07131DD726
E9E007CF4865141C
15D6C5170DC502E7
D627D40E18DB0ED6
E827E8EA3311F908
CBD4E3D946050BFB
02F71A25051916F4
FAE32533E3E6E6E1
3106EE1416FD3425
0BD712E002C8D017
FD2612EED01D00D5
03CE2CE0FDD3EF06
363DE518F522FAF5
F8F02910E6C4DADB
EFC90FF0EB3DF410
45E14941DD262B20
22D3321B17AB02E5
4ECB0921F71C0DD8
0416122D23170FDC
E5154323D7C1161E
1131E10422F407C9
CA06D5EBFCC515F5
1529D0E506F5E702
D51BD9E1E5340CDE
154701D9E30FCC1F
B936C91E1E06FC29
BC26FE1A0C27E6DC
1833C41FECEB17EC
EE3FCEEFF90DF505
EEEAF50FFE141F30
201909DCDAC20028
0CEDA3EA17BADD14
2A3804DFE3A8F127
D0EE330F12DF0EF4
ED1E0EE4F81DFF20
02CCC2070C2DE6ED
083CFFD529DEFAEB
F90EF4340142160E
00C83D270EE5481B
1A10C211FA39E2F1
41DF051AF91D00E9
24214726E12E2DCF
C0E3EFF0EDE81A17
FAD8451AF351DB02
0C03ECD92FDFE3F7
24EB0CE305222E13
06BBEAECE442FDDC
353406DAED14EBE8
0ACA0719DC2825EB
1B0FDDE40DB805CD
FD23C0C6FF0AE4EB
FA10DC27322DF5E6
FF3F281A2148D6F0
103D3711F632E5D4
FEEBBAD3F9EBD7E3
240ED1F7E12B23FC
17EBAC1603EDF22D
2313DF22ED51E232
F8F7E8E50CDA291E
EB19F51FEC42F1D5
E71F11E81337E822
F63634EF2F29E9D8
2331FEFE363DE832
323730DFC53B141F
E5F5E4080AC00A06
DC1215FEFB2B2A34
FE51D9EB1DFE0418
100B1E0B0BDECD40
E5D0F417E739F815
E5D046D9E70825EE
13EF29DDE853F2EA
D7F535E7F939E6CB
EEE0EDE1F6CBF120
D90131E4DAF90F0F
CC0C4B12D026070E
212E53E0F4D1E8FC
F4F222DA0CD5DD05
EEF3EDE5F63D190A
E73DE0EB31413E0F
12151AFA02B71DF9
311DC321F3373CDD
2AFF1DFE2AEEECD5
3E00CAF7DB2E26EE
39F0E708E5EF1810
E4E528E6199D1DEF
1DCC1ADEF904DC28
CC26D52321EDDAF1
DFEA1211326632D4
FBFCC821CBA01124
3DDDE9F707F918C7
25F4E911E93EDFDF
0DD9F21FF9EAD80D
E81AF0F3C6A8EBDE
F9E43F421309F821
04F2F7073A39E7E2
09D4FDF4145F0329
310A4736E0BC2221
2AF229FCE82DE0D7
2FD53606212416DD
39ECF6FC475F2DFB
E52BC5F21E30D9DA
F727280820F21C2B
F529EA390140DE0B
EFCD22330617C809
C3380A2E42360926
18EDEC1E4A7DFAED
03F802F8D637E2DC
FADF1EFD20E025FB
15D6C72B01F8DA17
2BFCEFE7363C35CE
0306DFD9001B0D01
CE29D22541F7081A
E728DD07291CE8DC
CBF7DADC2739ECCC
ED141C1FE4FDFAD5
FC0E0D1DC4F2E615
DF5BFCD2071E0CEA
FC14BBF2CAC1CBDF
D82D02D0DDC80108
1409FA0AF1A307D0
EB3ADDD81A00FD29
E80902ECC821F416
E90EE2EDE9E309E3
07EB1F1DE40B06FE
F9E33AD0E434FAE9
E8130F1ED7E2CCDF
F72B02FDFDDE0ADE
F6ECEB12072ADD0C
F8CB1B0B23E616D2
10F915010AAC0922
ED2C39FAF612F623
F220E7DA0AF80404
F7F91DF31FB2F0D3
35430BF6190A1EF9
D731A02BED0B30DC
DA34BCF9181AE4E7
230ADEFCE2361EE2
120A1AD1DC25E5CA
C83D122821F70724
0B2938190A29E0F8
1E3214C5EE0500CF
FA3031FA2EE52230
EF2639FCF702E7E5
17DF26231E550A18
320242FD172BF6E4
2BF72A4E05EA2BD3
24D4F53A035CE318
33251F3C25D5270A
0FE2F60E3905FC36
2FDEEFF024D201CA
00000250000021CB
FFFFF7AFFFFFE1C7
00001912FFFFE6A1
FFFFDF7CFFFFF797
CC4225F4EAD5E5EE
BB363FF6C5E8D2F4
C4302502E7EBD9C2
FF33281AC119DBBE
ED0E05FDF2000EC1
BC010EDAF6F8EDC6
FC1FE702CEE4F0EE
D0121BE50C1F0116
091711E220E4F018
050913F5E909F92A
F809E0D2D1190407
341FE500D61FEBEF
40D003E6110004D3
F3F517EF2311FCED
E2E200DE18C9F00C
ED18EA32EBEEFD22
E1F73417D0271904
E821DD0D1A0C14D0
00FC1A1FEBF7F423
F3F1F0D824F405FD
31D9F0F3F218ED04
DBDC0337152121D4
2710FCF64812EC13
E4ECF5150C4BE003
F2D2E2F130FD230C
F124D21CE819F03B
17E50F16FCEDDE2D
D50A05E209BFE5C3
0FE91201E0EED017
20183C15080AFCFB
EC512EFDCC110D0F
EB141BF5EE17FEE5
C6342E19C8D0171C
E04A2620DEDE1BEE
C9144CD4CC12ECEE
E81833FAE30B18F4
3115D72B1DFF0D26
2AE320151A1FFB16
E41206243F01EE39
DEF11E0CFA02D31D
261E1017F5F80FDC
440DECF011111027
FB1C261017ECD5F6
0BE4D6EB21FC030E
461BE5E11D23E8EF
21DCCF1D020BF035
1D09EBDC172DEE14
22260C242336D6D3
0C0C22EE1237082A
3BD7E0F613F3F739
080E0C0EE7171318
08E220F31AE2EEED
1D210FF131D0FE14
2BDFF5330A070744
C309EDF2EBE4D513
FE020C15010C1E20
D32300D436E1E91B
FBDD0D2FDC29CF0E
1B1EEB1F0CF0F92C
E9EFF8E322DAD4E3
17E11D2A2006081E
2E0B13100833DEC7
13070D363B25E7E5
D2DD2D202531F916
CE0D42D2FCEF0836
49E4081907F5FB17
242D2C031027FA21
CD16F2F2D445E4F4
F2E32ED93530EB50
1704F90AF4F6FEDD
44DBDFEBFE39DFF9
DB07EAED3E11F033
15E50E0B08FDFEE8
F41322D82DECF6EE
CF21E3DF1B0D24F0
F03C24E6E41CE41B
F10538171F212104
EEFD0B160BEBEC37
ED0002EE0FECEFFF
130D1ED71CD4F2F5
F9F52DC511CFF9DB
BF01F002F8E9EFCF
DE25FACBCB09D2DF
160923E3BFC8D731
E227290AD115E50D
C1D71AF11EF0CEDE
C014DF09FA1DDCDE
0650D1E509EBCAFA
EDFAFDFCD004D920
011EFBEF140CE006
2821261BD7EE04E6
0D24F4D9240B072F
06FEFD12D80EEDDC
0FFDFEED182B0314
1D16EC14D619F71E
0117371BE613191C
E2E83004E202EB3B
052C10F92B21FFE9
EE13E4D2EEF6EB15
222E16E9D8F5142D
2C3A2CDB13150EE7
C4013A0627DEF42A
FE2CD7E5DC07FBEB
1D023311D70D0BC3
301027E7CCDA17DF
E4DC1AFE0210F6C8
F0200811C2181AD3
2DFCDCDFBEC6062E
0AEEF5F32DFFF108
032AEBEA2BD2E306
0FEC02CED5FB1EEC
13CE08E30BF316E5
2209260D161CD3FC
2BED250E250F13DB
FF0ECF0B18EEF511
02D5E903C8DB12E0
160635141217F8FC
0A0BE5E0F02B07EE
1B16D0E8F53CF114
0915DEFEED3FE403
E62B05091034E05C
E3FC07E1E440CCEF
D8E9DEE601061931
030821F5EE270D54
F114DD1E06090C54
FA1A00DF20070241
77D5DE3AF61AD104
F7FDF1323346F408
CE13E4E7393ADEFA
280FCB1417F2F804
09EF1D381D181647
1FDD311CF0F2033F
1E00F4E331F3E6FF
23C20F1F39E0F8FF
5806D736F1F8202C
20FA0DEFCE34DD3E
32260CFCD13DDE42
E20EFB04D6031247
2610D438F3FBF73E
40F81C2DE1F0EDF4
4CF41C35322C1D35
2506C408FD01D61A
D113C4071DE7131C
3116D82515C8101B
E4E42331C9FEE3F7
CD012B220434E21B
2921D8F6272BE226
2819E7100541F13F
F7EDF622FD45EDEC
0FF2E7F71F370BF4
1AD2E4F3F604E242
DBE3E2E31A01F82B
3CD70C0C26E8E4E1
1BF4EFF514EF081E
C7E2F41906E8030A
1AEFD8E332F5D9E0
0FF1F4FDD1E0DA26
CBDC110BE8FAEEFB
0B2302D6FCF1E0E0
DAE5E922FCEBEFDF
050D2AEB1F2203F9
FDFBE423DAE6E208
14EF16F341FDF6E4
DAF40D1C101A1707
E3F9261BFDFCE106
E6EF06D63FFEE6EA
D9FB2AD10AE0F614
FBE7EB13CFF11D14
D61AEBF13E34DEE5
0BDDC803EFE91921
EDEAD7131702F8D4
08D306E108E4120E
01F53512F3052D0B
FDF8FB0CD121EE1E
3E07FD182A1CEF21
D1E5361C261B0E21
D0E006EFF733E119
1DD8FB03CEF202DE
28CB090DF83B0FEE
C913DEC920412041
D23F19F613190C23
D13807C8CBDF1BE3
011030FAE9D403D9
F82D10E90E220AF2
D0F01A1BCD0CE545
1AEC06D61E10174D
29230206D71CF210
31012C092428DD2B
F512E7FB1619152C
50E1DE0B0AECF7F0
1EEF140A1D2A0EDF
360906201D0C27FC
DAD0FBFD1C130A20
EF13C8FD0CFC12E5
2816E228E00F0534
30F72C2711E2F91E
0E081E13F612FF20
0C110DE42005EDF1
0FED2FFC0DED192A
23D2061D150FD8D8
1FE820D7D8E8D9D0
0322FE1F3E0803F2
DAF0D91A1218EC0E
251C0DEA17F9FB2B
DF07FAFB16EA1DDF
1AFF1001130119D9
F1EC14CB041400F8
DE1A1BEE180624DF
E502FACEFD170E11
F5E9F2E7C4E60BD3
01FDF3E3C1DF0DD3
D9E80511ED0CDFC7
D0F71E00170016CD
0FF509D8D61802E4
DE11D2E9EB1DFACB
FAFD2A10E43626E8
0EFEF7DE2616FD11
E50FEEF4CC24D713
E41EE1CA372D0300
F215FCF3D24508EF
D6FA29D33C28EBC2
E4FCEE1C2718F9D7
02E0DEFC29EFE51A
E4DDE3280D20E7D3
EE0A01F9DA35EA1C
30FE0A12EDFE070D
19E5DCF6E70ED338
B705F1F1F42416BD
EAF0F514F6DF0D03
0EF82D1E000711DD
0EFCDF1AE820072B
0E0E1D17EA2B09EA
C90021E7D4330301
49D6F90ADF0B0614
0B112833D334F148
02EF04022AFE05F0
F0F8FBF53124EF11
0FD604310B310706
E1E1F8F21731E12C
DC2906270407DFD9
1F28D7F220E6010A
0C0223151BE4FEDA
1A0E1333E20E0035
48431D20EEF9FB34
EC2728EEF3E0F336
1D080E1BDDD7EE08
D82EEADAE32305E6
480EFE03F1DE13F3
E9FC3E2E1929002A
FB19F502F206EE35
EB0EFDE41107FD02
2B240AEB14C22713
EEF22AF82B0E0535
0716F7DC2B1A0203
0BDC051B03E1F5F4
D91F00F745DBFF15
F70628F72DCAFDFF
EBD1EADFFAF4DA0A
1E12FDEBF7D70811
E4F224FCEBE614E5
15E20706EAE8D4CF
34ED090C00DCEDB2
24E5FA1D0825D011
1020F50BDBEAF716
ECF90BE608C901E2
F013FD0E10D4F8C4
2F3646EC021DE4E2
CFE81E14DEFFEAD3
FC0D31D9FBC8F7D2
02FEDE0614D817DD
082720FB20FED940
BEF8061D2B251228
FAF0270D2F1DFC14
18EB2B1BFF25F117
20F5FEEFE716E2F4
D0F305EBFF19E903
1503D3272EF8E2DA
3228C719DDE3FD16
E002FE31DF26160D
DFEE110B19F424F9
1EFEEB2BEE072520
4F1CF9FCD42C2C23
0F0D1400E501F328
20FDD6120E0EDFE9
1D1A24F226D92EFA
FAF112F5FC372BE3
080CD7FBFB252017
210F19F42F0B0318
0000203CFFFFE43A
FFFFF7E9FFFFDB3C
FFFFE30AFFFFFF8C
FFFFFA2FFFFFED98
12DC50F01AFDB2E6
E8E003EA240BC0D7
07131FDB1C08FB16
CFF4FE2FF1F5E435
F0EB2DD62AD1D3EA
19D714F414E9EE1C
1DEC26023B07B50C
200F040E28E4CE18
1E0547F709191F1A
1D1C1E10FDE3F727
371812D01BD7F034
F3FD07FBE801CF0B
321BF01CF7D732ED
1920EE14DEECF339
182EDEE2DB01EAF9
F9F42AEE00EDEE1C
D5F21A1A1926D634
06FF1BE3002FD526
0703FBF3E61735FA
2BE3DB06CF144DE5
071134F6E509471F
3411DF13E400E805
D5E01E28E91A3AFB
13F5EA2316351EF5
1725161FE7DC3ED7
0CE71A0C33F5D403
1A16FD3902F816F5
FCEC43ED0ACFDFE2
E0F30EEC3B05E2DE
C304DBF94F22D911
E9F4E4FC48EEDC2C
1A35EECF0210D9CA
E9200818FA02EA0B
0410DCFCF1F3C716
DA241CFA0C2912EE
FD2E2BEC35F1D1E8
EBFED72A2420EAF9
27FBCCE909F21CD9
E612E91BDD341B1D
E0F01A18D016DD1F
10DDDEF430FA341A
091336DA0D15C116
17E8CFF5E4105E31
22D7231DCBFE2525
F7D7D6200B0C3C08
2BEF101D1DFE26F3
29082227F205FC08
18EE0427211225F6
07F9D12BF909DC1D
3020CDDFE2E92DD6
FFFCF5210E3801FF
2BE0D52312DC362D
0602002BFBFB41DC
05F5D505EEF80B20
44FBC1010AE90516
0BE1D21E272103E9
03FBF40FD8EEF1CC
EE021C390039FC22
1BF3FB26D13E110C
0AF00114CFF2F61A
19CF250D11350DF1
C3F9F7E00A400CD7
11DE0B3B2541EF06
3AE201F62D052922
1D0CE902FE28AFF5
4C0FDBFC0516D807
FB1EDD31D9F3E214
3FE30CDC373DCBF1
DD0D30EDE2D0021C
E4D333DEF2F9F6DC
F1E5E52FED4DF329
361CED0BF831D8E9
FC0C240C1F1FE300
030A21F639E10C28
F30AE8FBFDCF42E6
141433FD01D9141B
E8111B1030255417
07012DFF10ED2DF6
030941111EF34A0E
0232F3F723F40AEE
F4113F0DE5D718FD
CCF8DBD543EF2EFD
30FCD4CB2712E9EE
14F125CB291FE3CA
061DF5E20201EDCC
2200D41B39F2F4DB
F2EFDFD0FA1F2BE3
F92ACADAF50ADAF7
F51A20E8E819050C
F5FAF7E7E62E1DD0
E3E5E918F5221224
0EF1DD08D416DB1A
34D7F1E1141D02F4
F31410DC0B1AEFDE
EF18D100152AF7DD
33E610EBDC223511
36FAF6CEF5FD02D8
13F009D4F60A4D08
FDE40D08F800F3C9
2721201AF8D64A1E
29EA0A002A173D20
D1EA012E2DD0ED0B
D2F7FBF214ED3205
D0E1E2EA2AD22B26
2D23DAEB25ECBED7
202D4A16FBEB261B
2F06E211DCF9F51B
CA112ECDD0C8D8FA
C411FDD633FA1B20
FB0C18F5E2DA07FE
F6061A18EA193000
D9162BF31BFC0FEC
2DF0DA21D0CCEADE
F0EC05F7241BEDDD
262AD627E3E24B13
15F1F61231E40809
FA1835DCFDE7E800
43D3FBE81B3424D9
2E17CCEB12FCDB09
25F3FA250C1A28F0
0919D0FB2B2908E1
4FFC1F21E10710CC
56D0F81B00E5FFEB
43ECE7280F0AE3EA
4BFBC3FEEEF01EDD
710EF00D21143FE0
47FD10F0F63606FA
23D5FE35FB071DDD
1DEE090CDE3BE305
3614031404DD1615
38D4E7E9EE2BD6D3
3F071E2BE41E2505
31FFCC1918011BDF
1CDEF6FE2D05461B
F1F436F6011525D7
28E801F42824031A
04EB2326DFE6EA15
FA162CF5FAF425D2
CD01FA1F292441FF
D812FB03EE12B104
12EAE60C1DF90110
3BFDDBF6D4DDDA06
ED091D22BEDF1CFF
E50115D8E409D21A
CA150E1FEA24E20D
F9F801E3F624E518
2BDC0AE1CEFD3B19
130E0B1C08380A27
FFFB091AE83403ED
3DF4E0E9260D1ADA
1B2714E00E272225
FDF4DEDF07363433
DB1203FB240EE103
DB05EB31FE12EAD1
00130B23F6231517
2FF6F8021B184E24
20F3F8E2DC14D2F2
330CD002080BEBE7
2D11E7E733FE4629
33DCDE22DF23091B
110ADFE232FA361D
15DAFD380EDB4622
13F60B0DE8F97804
ED1FB41AD2D80F20
3507E210CBF530E0
39D2131C36FC4211
17170B282C11E305
18EE0EE6E0F50BF9
C6DECB2722F51425
F8E61F05D80AF610
1F26321AF7DAF1E1
232E3AE51B1AFC01
FFF8E617341B34E3
370A05FFE0FEF6DB
4700211D3AECFAF5
33FADD16DE18D719
022F1DCF1D05FBF7
26F34105D834C30E
1A0032D7D1031E1D
F11822E439305121
09FEFDD620CFF9FF
0A20ECDA32E2C7E1
330F2BC7FC17EF18
3012E71A05E6DE23
110719F129160723
D431B91017FC1005
FE1335E72E161317
CDF3F90CD733DF08
2B39E8F0F6224A33
D90EEAD6ED0E2F05
2DF0E625FA1E16F5
D017D0D8141713CB
230E14F83BFB2F07
ECF716EFF11B28D7
2EDFFBFB22182D1C
EA1ED5E3102C2421
F6071CDA35E614EC
E40FD5FB37D50812
F11DEFE2ECE73C03
F515F51F2C25FE0C
0608CEDC30E00C01
F014BDD61DF4FA10
DBF2DCE00F10EF0A
281429182BFA0618
1EE8C511EE05F82B
1E2BD6D619E8D111
C703E011C61340CC
451F1EC9F72609F0
D722F0FA28EC0C03
DE0AFFF1CE0701F3
080927DFF200E23D
CA06E9D0DF11D2E2
1E161CD7E0EBC21B
111C3800EA10E224
22F91AEEFFEAD8D8
C50D0DECE4D9E511
EB122BE122372ED3
EADC05FD2305E1E7
F7FCCDFAC602FF0B
D8DDD5E3F7FE0A26
00F1CCFBE5002FDC
F7081A201F2CE3DC
DEE81BF602FF3F2C
221CF9060D30D3E2
38E112ECF4223AEE
C11D292C0430C409
2B1E1ACB2207F6E7
13D42DD144D4DBDC
0DFAF20124E6ECF2
1EF8F1DCEDFB13D3
E3E20516E5F90415
B81C12DE18135305
E0E31AF2D90D0606
2B01E1E0CE2F2316
24FE1DF7E0F6D107
0FFC0C1BD6F60512
0D1624FACB212126
2ED6F2EDF62CF6EF
DBE0CAEE0E1907EC
31F603091BF5E3DC
1DF0280DC6273911
D415EDF81D271BDB
EC06EAFD282C2F00
20EEED1400EF19F5
1EFC0B15403021D1
E60122EB0607CF21
21F72816D91DE7F0
E3000A163B31DBFA
CCEADED9EF08F7D6
D726CEF416DB110F
07FED7ECDDFD0217
1F0D0B04F2EFE7DB
012707E62DF92321
1E06F51ABD165036
D70C1243FC0B3BDC
F001082038DD26F1
02E92E2813FE322E
D6EB421FF2E806FC
DC0A4216021FE1CD
DF16402FF50BE2E8
CDEE2BE01AFFE3EF
DDE1EFEB39F1EAF2
EDFEEBE839D2CB27
EFFC420FF623EC10
E0ECF503F7E7EEEB
FFEBF8F02813CAEA
C3FBE40C3323D315
23E9DEFBFEF3EB03
E4F22BF018E2091A
FB210CFA37D5CD02
FDFCFA1B2640F8E5
F9EFDC411B132F31
01EB362E000FF9F8
EAF11ADFD8EA31EE
E401262125F5C719
FCE406EFD403FB10
1DDF241DFEEACF11
27142A1B3929B4E4
DF0B2902DD0BFA0B
03FEE5EFE307242A
56DFF2D7FDDABAD9
45F618D8F10C01F8
ED27E9F1F0E4E331
3CEE25EE0F16110A
DF19F41BE32E3131
E1F613F319F63301
3105EF02F31339FB
EEF0ECF4DCEFF035
FFFFE961FFFFF80A
FFFFE46CFFFFDE89
FFFFF63D0000037B
FFFFD60FFFFFFF3D
CC0C3C131E3B0FD8
16CF25FADF120607
DAF9EA09C60C1DF1
C31D33F010401413
0FD9C5DAF6D6EEC0
DAF41DE8CB35221C
F5EF25D0F2D9FA1E
DF03FFC4B8E801E1
E6E83DF7073526CF
ECDC4B2112192C1D
12F44012F431DDDB
02E14304031D1309
09DAE0EDECD420DF
E7013E1A00D61FF2
14D8E90809D9E2F6
12E64FF528FC1E2D
E7D64900083622EB
1F293018CB5905DF
F205250510161CDB
060A18FDFEFA0AF5
37E9F71C00D122F5
F528FD0C29EBD5C5
0A1AFF0E34DE07F7
25E8342B30DCE30E
FA38E22C4F2723F2
FE25EB0D45EC1F29
1313EF31EEDF0E2E
D2D1DAF4CAEE42F3
FAEBFDD8044935E0
DAD80AEF14084E1D
E2E2D5E4E5F531B3
09F0E2E3F9DA2F11
E003D6D5D22905FE
E3C5D2ECF9402D22
DBC924EBD023FBBC
F0EAF5FAC5F7E4E4
FF301BF8D93111F9
F2D8CA30C5D80A00
14DEC519C8DD07F6
04E1C9E61ECCDE06
EFEBD11E1CE5DCED
1CF9D2F616F1DD24
14DB392A14EF23FF
1F07FA10E22D22DD
0116FA11FFC800D5
F327C937DA2DD4F6
0513D102F510EF32
F306231BE8FF1FEB
232BCC0A37DF12FE
E512002DE3FF25D2
40DE0B20E7152603
3112E61A15ECF6FE
0F13C0F726F00DD8
0DDFE6F3E307001D
1947010A1D05E0E1
FF2EF1E329261EFF
0A1727E2D10F2C38
ECF3E8E3FCF9EBCF
ECF8F6FDF2C60A31
101DD5F53630F303
1BFBFBE7D9EA17FE
12FFE61333D320E5
F7D7F53828DF1BE1
F2F5F4E0EC1BEE24
24FE39E4FD10F100
F902401DDE4917E1
090AF00DA60DF52B
2DE1E9D80C2EE203
04E3420BBD3CF2BB
1DD6D61705D50AD2
FF00E6E21A1102A7
28D8D5FA003207D7
16ED0EF2F03E0532
250B4A1CF519030F
0DCF0A1A262D22D0
20EE3900E908040A
F7011808203D00CD
240738F7FDF73CDD
E1F30608FC3DE702
090DF0F6120A2C2E
14DD2BEEF31F2F18
202107B9FB18EEB9
05231608EEEB1C0F
FAFCE124F1E40AE2
EAFCEBF4D4C627E6
F3F5C0F8D9B800E9
E10BB9F7C8161FCC
23252AEBDE193A06
DCEBE3021CD012B4
220D25D7FA01F3CC
1BEA0FF220CAEC1D
EC1F04FC36261CD9
FA27C5FD1CB42DEE
041DFE04CF0C29FF
19FA1DF0CFCC1B18
011609E6F3D7DCCE
E8E7DFF1E60EFAE3
F9F7C614250DE314
E1F0C609C7C0E8F8
2A2B37F9EC3D44E8
1BEC2ADA26231742
EFD727F4131D25FA
0CFC15F044F8222C
CFE5D909F4E4FA11
FD0518E22B36042B
1FE21DF523130231
12161ED11BD0FF5D
C6034B20CAF701EE
09CAE7FE0812FCC5
E30EC523FCACEE1F
0CFE00143ADAE215
0BD4E9D524DE1C0D
E920FC2228C92A00
1EF1CBFFDB1C3608
EDDE0E0E35C93D04
F0DFCED4C911EFDD
05E60119C0BB17FD
2F3E1C26161A10CB
0609D019EBE90D00
1D47002A282C093F
2910D7221ACBF7CE
013EEFE8F3FBF3E2
F72DE50C3318DA03
0036E62621F3E7C0
393A07E9DCDCD5DB
1E4F01F30AF3FEFB
18510F2ADD1DEEF3
0B0111411CD10FD7
4CFE170D0610173C
3540F21615F8D3EA
2501090435C5FA01
29F2301EDEDFD5FC
314DEC4129D5F3C8
2B05D8382726D32F
2F08F127251C1728
0E07E908BF2F0038
172218F1EEF1F3D1
44EBF8FBE300E13D
00ED29E2BECFF4FA
1AECEAFF1C1F23F9
060DF03AF1D2320B
38F613E827D60FE9
1CECDF04CADA0302
FDFAD81C1232ECE8
062020ECE82DE9E3
1F052E07FA1AE227
02021122E1E4CE16
2415D6F2D90F1EEB
D310E2D20FEBEA04
1427ECFFEEF3F600
1FF0D80116EFDAEF
2816DA1A2AFAF130
0CE53DE2F510F02F
2124E13DF8CA1C20
F0F7D0DF32F8F50B
270818EDE6E5F6EF
0B26192915E90818
FCDFD10EE20FD6BA
19FCF0F603FA0DCC
11180018E60726C0
F620E1F419300108
251004EBD3EEEA08
2605C7F933ECC630
EC09D7E4501D03DB
F914E9CE4ADE3512
CCFCC1CE1EED17CC
12F6D4DB23D0023E
D712DDFBF0C2E428
E4231D03F5110F2B
EA16EEF72BC0D934
01230AE131FFD112
0642E715F3E130E4
111EE9DA16DF212B
DC0D1810FFDE051A
DDF63D0DE61F05DA
E61329F1F30F06F6
0823141CF0EF0B12
0FE7DBDF36ED1633
F2161704E60722D8
2BDF45E1EF1907BA
FF0B2613113437E2
EE203CF9B95EFB24
F3FA13FC0B461315
082D0BDED92214F2
EDD71F0EDFE33CED
18DB25E718D4F504
21FF2B12C142EFBA
28E918FE2015FEA4
221831DEF81FE8EA
EC0F20EA1315E4E3
FAED2C19F717EED3
181EEBEAEF2F200C
E5ED23D926DC1C04
2129C90CD2E9EA27
1A23EF2CECD71FED
18312915D1011204
1D28C1EDE4E40DC6
EA240C22112DF0F9
F90C0CEAC8082422
F002F1F0E4B8F107
F21E32F00C1436E9
1A0D02E510B115FA
1801F0072BF803F5
06FD25FF11FEFAF3
EF2EF0E23B2F3A04
091FDE05D7F6EE1F
02E9F3F3DAE6F540
DBD6D6F912AE1A0E
0B071DDFC5DE1F0D
E401D4F0A9E6F4E1
0DFA0EE6D1D40B0B
E4050F11BD29F5C8
C515F7081F27E9D3
E70E2A17EF3A3BB9
040BF20BF92FFCE5
1618D408D1241F12
150BE422CED1FCC8
FB0A1BE0CFFD19F2
121A09E8020706FA
EF17F2FDDB1CE5E2
1B0111DB10EBF903
1C1CFA1D1DDB000E
152019200CD72D14
0E0E11EE14DFFFC9
261EF110F628F216
F21E10251F41DDC6
07F6171FD9E603F1
F50F1EE71BE12BEB
FF21FC11D4D5E40A
EE1937EE05F10E10
EF18D4EE0EE405C5
2C1E1E001511E701
26ED1A042D2224D9
F8171E11F5142DC7
E7E30112E6DD2316
291ACC09D60DD92F
1D0B022206CE24EA
F6F5F1ED1402E8C5
2523361309EB29F9
04FB3DF4D6371AE7
FD3508F004D0D0F5
FFE10D163BF42BD9
04EC25EBD40635E2
EBFDFA1D060BF8C8
D6F406EEF3131017
4207F32FB70EF407
0EE6E401FFC8DE26
2102FE03D703130C
220E0931FE072FC3
25F30F140F0013C8
05DEFBE3CA1D21FC
0E00F502F82912F0
2DD5F9F0F01B14DD
F51605132A2C05F4
E51326E646F3E907
0B120BE82D09D3F3
13C8D1E331DF2D3B
F8D526F4254B0725
02F3071421060FE9
E9F307FE0D0F1EF8
1013F6F1E1020B34
E3F4F801E31C06BC
E7D81B09F6022D15
E7C846ED0F2DF8E7
D81CDBFAD6EB21FB
0AE82A132027EEEB
07F128D6BFE4F5F4
F5141B13F1151808
FFE5D5F90F311AD8
CE0928B609280339
3A27D808EEC2F7D5
FBEE0EC42CD3F4F4
151634223E1CE817
0BD32123F2F11217
1A00FBFD1AD5F024
050F0CFE2E11F20E
E411F31204DD19CC
E3EA2909E3D71664
250349F8E8161654
070AF921DF0E3128
E20D39E9272E0AFC
2A223DEE25341FFE
1934F80EDCEBFACE
16181BF4F602FA1B
DC0DDF1900112DEC
150327D924360902
EA1B1D041CFF1CE8
0E193DE7DA3820E2
FFFFD27B00001FE0
000009A2FFFFFD6E
FFFFEED500000391
FFFFE4B8FFFFED50
1FF113FE06F71C32
3A36EE1AE1E61A07
E403D6F2E6E9DBFD
F7FEF8043AEDFB26
E6CF1DE31128D7E4
0E20CDEE3A2DF4EF
0727F7051A44D2EB
08F2DE130C162037
1E4107F008E13EF4
D722C63CEEF2FC0B
0DF8341ADE1F04FB
06252D0601D2E7DE
37DB19EFF4E603DE
03FC57F8FFFDD2E0
260EEBE602FD0C28
D30809322828D40C
05F8CBED1929E307
F13BF93A3325ED2E
CDF3E7E1D3351DFC
DA23F724FC460FE5
29BFD9D42B3A1A0F
011D08EDE60A02ED
E43120181432E2E6
F3210B13E61702DE
FC24C6152CF70E13
DEFCF6131A10D003
FB00E71DF7BC2D0C
27F1ED101B052548
0944EF04FFFB4D17
26F31B29533A3919
33EA15E32420F8FC
26D32D1EE9F4F731
F9F2F0D6EFE1FD16
36F50B2729D0DA22
4EDE36F72DFB2D4B
4F3547153EBCE429
DB312CEB1521D703
E4C5E7FE0C4B18D7
24D633F12BEFD7EA
1BF628D6FC36FB0A
EDF8EFE73032F510
17DFEB27E40E30F2
DC1ADA0CF4E305D5
2DE83D200310EBE0
141F14F5DEC42112
DEEC1B06D830F011
FFE5D5192A37FA20
D1D23E22EFE312FC
CF2239ED1B073400
28FB0CD1ED1CD0E4
DBC629F7DF2F15FB
30FE07E4E3BD2ADA
F71427CBF1D524FA
E3C5F9DEED24DDD1
FEE7D5280E1E1504
F81618E0BE30FBF6
DDD018D2CC39F5DD
C1EF28F7CD44D40D
0FC9DB15D3F60E03
CEBBBDF52111C617
E2FDCAF310A9FA24
08DCC025EFB1D8F3
D4E428FA1421E8CE
D9FE1209ED151409
F935272E08021219
F6CF08E83006FC02
1ADBCE1CF949CF1D
073DD3E9D057FCE7
1A20DD3BE751DEEA
E925E9FEF6F7FCF2
C936D0330AE8E6D9
14DE0DED08FEFF0C
0B27082309240D56
22252E2D22F512FA
4A3FD33311DC283E
E5481FFE38F5DE3F
2CF13F0438C8EFF2
F71D4827071C081F
3036330738EE1B3F
3A4A3E185F314E2C
5100F3270BF34401
E20D11B8D9C81F30
210F12F3FEB9F7D3
E80D3E060815F6EE
2FCF17D30FE505D6
0CF1241A40F204FF
D5E94F24EE2E2BD9
E7E91026FF132A29
D61F4FE036E11005
E70E4FECF1CEF726
23B90116EA04301F
EAC1E6DBFBBF1FEF
FCE4F32B10E3D7F9
1B2D120132133BEF
EE03D0CF2A2DD72A
05E737DB39F6F7D9
09BCFEF402EC050D
DC03D8DAF52AE4FC
F6D71D000C3728EB
2804FC201ECD210E
F2171CF215CAE814
FFF3F5F5F6E82F1A
360542E5F9D216FE
ECE522DFE21514ED
39D328FCE922090D
D424FC06FEEC0CDF
19E5E3DEFA121D0B
521FD22B1FFC001C
F6B8BCE02C131CF2
00AAD1D1D4CB0D03
0903361BF01B1024
080E111627D12207
1DC1CB17CF1F1E0C
E3F01BF614E82FEF
F2132BBB350640F0
18D9ECF43AC206F6
003119F637381422
0D1525EF3F40C3F5
DAC2D61BF0FBEDDD
27DDDACE0C1DE91E
E3C7F7FDFEF717EB
E5FCCCEA3E3A17F6
FECDE4D4EF1CD9DF
020AF5EC0F35DDF3
F4DA3727011FFB0D
15B829E11CFED8F6
10CB19F80F38EC0E
131828D1253BC5DB
D4BEE7D1EEDB1E1E
16D5090AD600F5E7
1229C7EAE2DBD228
DDC9C925150ED80E
1ED7BC171CDCFAD1
DA1DD91A03FB0CF6
C5CFE9F119F7E800
E2D5D6D5151526C9
FDE4FB24D7E6FAFB
19E0230F0437E4E0
04E3FFED142EF1F4
ECC7F0F9D0E41FD4
FFF2DDDBF6CF33F4
C4BC3117CDCAC8C3
CB181FEBE4F3CCCA
21011EF4CBF5D4F6
28D442ED0ED9DDDE
FDED36EE27122419
2A1BDD371035F7EF
08D8F2DBD819DFD5
E3DD3FFE1D2105DB
0ECC33DD1FF2E016
E00435D2D4313309
2EE7D9ED0931CEF4
EDDBDAF401C8EEF8
0200DBE5E6150E08
C4E036222B44FC2F
23F8DCFC1F3ED0E2
3330D8E9FFD7E7EE
FFE8E4031CECF30C
EDC32C231B36CCF8
2AE1F9FE27D1EF0C
09EE0D10E4090B24
49C5C91915C21EE7
FD1BE5EED7D923D6
27CC04FBC9E12BDB
C802071A04CDD6EE
1D06D8F61F1B1619
FADB012725E8D9D5
1FFFC90CD7CFDBF6
0FCF022E1F3C14E8
CACDFBFED813EB1A
ED13EB12E016E904
D70C0A2B18C82E3E
21E6EE2C052D3713
29031C4E10F83103
161FF7F3346F0BE9
28E31611301F0BE2
F029404F2618ED30
D8E9EC08232CE8E9
00E6EA17DE38F2E7
1D00DC07DC34FEF6
3C34D9F62504040F
FB19FB0509B554D1
FACEEEE52FF83AFB
0BDE61E836E9E632
4D0006D4242E3EF2
3516F725343D402E
07455CF8E3182E14
04E5432820EBDA13
102341D1EF47D745
FEC831E60C18FE10
0201C7CA31C702E9
271EEE010F343402
0AC5FDCA22E0D81F
23D1E1C900D62EFB
0A32F91DDAC6DAE8
1BC90ACEF2330E06
140024FCFC32D519
FD0122222F4A1010
E9F8DDD4F4C93904
F5E3DFE7EC03041D
D2C6121F151010DF
CB0207DE2B152D1A
0EC825DE09EED9D6
28DA2C2ECF2FEFF4
FFF01A10F820E4EA
2CE132D21FF51507
F9D51D182C32122E
1019F9D61DC1411D
160F18CD0AD32809
CFC2D8FC241A1802
E52D4C11051BE41B
E503F1190634F803
EB10F8011AEE171D
DD26F21F34FE0D1A
1904EC09D50E0322
26FCE8E51DC8060F
FC032F00F3F006BB
191017E8DC2E0B07
BDDA36D8DEE30318
E420D61E2939D808
0623F6EBF8F1E212
D70124E8D400CF18
CB36F0FAD4163500
E00525D21FC8DB22
38C8C2F837392D0E
00D3FB0AEE29E515
29E22F210C19CBDF
1E02E9D4D843DA16
1BE5CD2AF0CD1F22
1EB923DE39F6431C
36D2CFED0ED33D13
0DE7331825E4FE1E
1527D11DF40A2A08
EEF93C01F1CD2D33
F613D0D8EADCC80B
FC0AD8E9F545E7DD
F101EDE82321D3EA
F4F311F6E1E8FFF3
1E052DF8E6232202
1A111EE2F3DE052C
08EBC4CE08F4D7F7
EFF7210523D3E7E1
0FCFFDFDDF232E22
D42BFB0E073D1528
C5FDFE0FFF09F32A
293C1016FE2B27F2
F208FEE5DB030023
171BF7DD29F60B04
FAFC0618EEE51000
D0FC0817CDEA2712
25E60318053EF221
D2F8E72BFDF71E10
251D3805D2D9D40E
F32AE405FDD10534
1222FF430B38D3F4
0D201AF2FFED1315
DE15DBE12206FE0E
1FD3263E1F19EE06
1C01242BCCD41F29
FFE1F8DBF2E41CE0
23D71DF82ADD18D3
29D2F6DE2B2B1229
40E52019EE080F2A
10012020DFF0EB0C
212DFAEB22D4EEFC
401EF7FA1008271D
44262F271CF02F24
06071A05400EE7FF
E716EACCFCD9E439
FFE1EA022E290D4B
03C9392A0A09FD18
C3BD411727EA09D2
D6B2F6F3EFDCDB20
1F14D3090EDF1F0D
24EEFE27EF3FF4FF
0B03E219E6FAF9D8
E0F5DF00EE0EC51A
C92EFF22E5C9E1CE
31F22D24222F2F14
F6EF2A3DF8C933F7
0AFA0803141DEFF2
EA06EF210BFBE2F9
1514E12BE51D0321
101506EFC0230EE7
FFD32A07E1D4DED6
E2DEE3F01AE5DAEF
1930C135E222D5E8
3F21F63A2245FA0D
FFFFF3EBFFFFEA4E
FFFFDD76FFFFE666
FFFFE70FFFFFFA7F
FFFFE83A00002412
F1EFD30FCEF5F130
11D9054CACECBE34
0DFCE053D50CAB13
1337E124171B0FDA
0641EE062F050207
E7DAE0462AEFD111
ED121A14272EF6E6
E4DE1E2C16EAE405
09F6143F02EAD42F
01172814E0FAEDFC
1ED7EB1EDF082E28
16DDDBE70A162915
0BE3D2E030ED10D8
0A13120FDB160B23
FBDDDE190000411E
1619111C30261830
0101E7F501282046
121025F92820111A
E5C1E3F3CD0E0D02
F2DA011416CBEBED
E8F1E1E9210500CA
122FF5DE1211F72B
EF010AE2E3F4EEDA
113AF825B6DB16E4
FF1FF1D6D1FE011C
E3EE2018E5161D03
03FBE6F11A1049E4
0C07083732E4ED17
FAD90B27D7FD3232
E80CED2A210BD751
F6D418E82EDDCB04
E92519EE19CF0CEE
E31D08052814C1EF
10ECFC46F6DBE922
ECEFCB301117DD0A
FDCCE121EC283911
1CE1EC09E8000D29
F10F12F5C1E2E604
FDE6F1E9BCF7B5F7
050327EC4311EE0F
0726200BD6E4D5E9
1212F112FF0000D1
10D2D92C44D6ECF9
E91520E022FCDF1F
FDFB30D4D20EFACC
FCE115E2D4DC521F
E6CD20CDC51739E1
E2253FED21070D0D
F0FA1D1A06FAEDFC
E7C11121C4091E14
10D92F1225FBEAFD
ECF10416F0DDD7DD
F3FA390EDCD92C0C
13F4EF18F3EF18CE
0E12FA2CD710D61F
FF0512D4D6D2B50D
FD12EFEBF4F20AD7
1011112027D90ADE
0813E60835040C17
05F3FEE200D6B4D7
10FD26F8D4EE110E
F6F2F6DEE1D65707
1D1114ED3AE2F00E
0CD30EF938E8C011
12D415000123D620
F7CD0916EE0F2AF5
14351C0C1315FAF7
0C1602FE22F50E07
11F5091002071AE5
17D2E81740E81D16
F1CA2BD1F9053F18
E43826303FFF100B
F80E0F4FF912E302
F9D8102C0BEC2E45
04DD170CF4100BFD
0CFE18D041E61805
F71FF2FA281C2D07
0C03180DF9E1DC29
16D6FD16E601ED1C
16E6FDFFF205F6F5
1709F8493C132818
00F2E1D5ABDADDED
16C5F9DB03EC02E7
E6193313AEE13BE1
E11D00CAD41203D6
F2D71FBBFFD7E6D6
F2E21D242418D9DB
FC08F721DAD3D60A
1DE420D8ACF6C716
EA14CCCFABE0E00C
07D6FCD5FDEC071E
11F72AF4D71F0821
F5D9F0C127EC1DDD
E81133070ACEE0EE
0007EAC5D612E1D0
180E0EE30F28D716
0A0AF4E306E21A12
01E8F223F2CEFE21
FEEB2C08D1D9DEDB
FCEAC05A45FD0AF0
F8E5113DD5042EEE
E852EE3D392BCF01
FABCEF44F3E7C3D7
201AC10B1FE9060A
F833C8EFD1F224EB
E94BE90F260FDE25
F942EEE3F906B81F
FD1A3E37CE392A15
ECF32D30C7EBDAF3
EC11F12E19DFDAD0
0EE4E8D8CADEDD1B
1ABB1BE0FEE6EEFA
FDFFFB29C0E22003
12273B21E803E0FA
0AE6E1470416FD0D
1A16EB15ECE30C02
08D4162200EE0A01
EFEC57E8E1F732E7
17C355070FF6E0E8
12CF3EE814E44F15
0AF902EFFF174528
16B948C0D9EC290C
F6E8EEE10A1B28DF
1E0512E0F1CF2AD1
00ABFDF2B3CF0ADC
04D032CCE41C0BD3
EFFF0A061F022BDA
DCFC191CFBFF43D8
102C3D00CDD30FD8
F2E74BF402EDFE08
F012020DD30A26E0
E6BA2EE5B1DA2721
140720FCFFF71D0B
03FB2EFDD3EF2811
160F34B915DA732A
FAEB1AF91B1862D2
E3E6E21EFAFB051E
06F704E611DC1210
1BD20EE5FAFC5EF2
FD16FBE027DD25C6
032E29E3E00408F7
13250BF9CBDB13DA
0DE8F8CDD20838C3
EF1E08ECF5E611E0
FCF013E7DDDC1FDB
0009041D05E0E3DE
F3C51ED5BFEAF612
F1FF31CE1FE121F9
E125D0D4FDF512C5
0CE4F9DF04D1C8FF
FECBDBF8061B2318
EED72927C90741F5
01D43DD9FD25FCDE
E21833F000E82BED
08E319E3F9D5BE15
111B2C0FDB14F3DB
F41F163ADDD6E714
E41EDD2FEFEC24F3
FAD1EAF60603C419
FBEF10052005050C
0DCC37FA1822FBDC
ED12F2E7F2130CFB
F6D4FA08C6DC2434
1B10E80DF81A23F7
F31A1420371A41E0
FD07080FC324BD18
12C11921330902C3
14DDE41631F9FFFD
F9EC411A08F2E1D5
08B838DBDB0EF9C8
2407D91ABB0ED002
02CAD103EE2520F8
052813D7023427ED
0CD5DD3A3B271AE9
2009E3DF0F32DF09
17BC38CF2AE5CEE5
22DF0E10FBF8E4E8
F81F240DE9075716
0CE4DDD2F7163D28
13F1E207220AF439
1528FDE81121CFFB
F3DFE4FABCE93A1B
18C8D3F72015F601
070B05D2FF1631EA
1B20F4F2D8FB382C
01DA10EEFBF60722
0FBAEDD8E1FB383A
F0B51B29EF1DE430
F7C205150405ECFF
0E04F2D8221B33E6
18D73AF5FFFAFBE6
FF29FE202D2C1008
09F105221B0BC621
FCEAEB1DEEF2F4F5
EEF13405222440EE
0FE301D6EF00F9F5
EF11E023D30F0203
0A1AE8ECABF9F919
EAD5F2D2E0F9050C
07E4E5F3C812E50B
F60038F9360ADF20
07E203FCC204F0EC
FFE6DD0D2DCDCFD3
0D16EF253FF2F6DC
0DC21CCB0AEE38F4
16FFF111C6F20013
07D1DF2CC107C4E3
E3ED27FCE715CBE0
EE2C121D191D0110
EE1FD4FA11E736F3
11ADE633D1F7D532
03EBDC241DFEC628
030FD1FEF806EA09
13CC16F6E9F8FA05
F2EC2924FC19CE26
FFDC09480B11F609
FC1E0902C8F805E5
0CEF2FE1191C3012
EBCD2BF71816B3D9
000E3015F40D340C
EFBD081402DF3017
0AFFE2EB34F5D81C
0B1A011C2CF62721
13FD1229CFE4E70F
F5F9360FF00246FF
FAE90A1027E843DA
05D4E9D5B7F5032D
F1DFDA0B0004D4F0
112FE2EAD912E9F1
DB1F20D316EBEA11
DFD5F3070614F126
1301F8EDD505E3D5
03EFD3DDC0F0E6EE
FDDB131814F14B1D
08E441EE09DD34F7
06C62828FDFEF210
00FD05FDDCDBC922
DF3315E538051901
ED0EFBDCE11211EC
01090B2D1BF0F6CF
02E4DFDFF7F50B1D
E61317F916E3E4EE
11F5FAFD30160609
142127F7CEEF31E1
D214FAFE000FE4FB
0A2D05DAF8F9D5EF
05FDE9D5D9FF0411
F42B031FD80433DC
E901260704FCF9DB
EDF0F9C6F1D715F8
F2FE110CF61725D6
FC1126FA0BE056F4
EE25F627FF20E830
F8D1E2E3F7D3BBF6
EFD3EEE5D00D1C20
03DAF7EE1507201C
EEF4E905E80DF6DD
F610DBF5F8001627
EE38EF31050E0928
13D6080313121A1F
F63715D7E2FDBF40
0DDEC70CE8D9FB38
EDF8C1F0CCDA1D2D
E4F5230BCB091A33
15FA0E3501CCD1FC
F60C153DF7E524EC
E60E2E084CE220FB
0D1CFFF32EEDDE22
E61CDC222AE0F20C
F727D60206FD3229
F6D700D1F91A2EEF
F606DFD1D8F90FE3
131805BFC6E6FAED
0C2515E9EC1AEFDA
DED2ECD7CFFBEAF2
0232FBDCCE0113DA
FAE6F016F10DCBDD
14D40E1914F439E2
184BF8D5EAE017F6
F5E3F4151A29050C
1FEF1CE9DD0F4426
0EEEE05A12EF40E1
12022C3A13162B3B
E6382A0AD01C32F4
0A47021404202221
F51A0635EF1FF6E4
1E1A05131C031031
0537EA0D120612F7
FFFFE807FFFFFB6B
00001FAB00001429
FFFFE54CFFFFF504
FFFFFF3E0000264B
E4C316F9CFFE00FB
FCC3BDDCE416C91E
B4F9280AF0FA0B43
07BC0005CBDF1829
10F311FE161F0EE3
BFE2F010EE35DFFF
0B05DD13F0F7EF2E
EE00F80207350624
CED1E5CBFD4AFA40
E02FCC41F0250A1C
20E63A28E2F03246
BEE416FBEF080F36
5D1E3D361AE71227
4DEAE91810160A28
1FE6F8241826FF45
F3D8D215E11EFD15
3905CFF528F30B17
0A052808F60F1BEF
332040EAF63611C2
F02223F12F3408D9
2B1C1C0E10F2C3D8
291820F13E2EDBEA
C6F329153117142D
EF1A16E2F04A22FE
1AF1F6D508CADDF8
40F251C90BF9090B
F5062F12F1D018F1
05D603DFE6031827
F010FEE3F7D7320F
300CEADBEDE1483C
C1F3E1050BF005CF
C4CC26E0230DEA02
D70DF717F7C5FB17
B2F5EE3ED7CC261F
E1D30617080239FE
D4E006121301460E
D6D21D03E32307F0
18F500E50A10EE06
D3F001213119F10B
BB1725FA35E2EDED
020FCE3006DFD6FE
00F5F43DDA44CA05
1B33CA3630FD0CF8
CF163116EF033301
2CF4373DEBD8E5F3
36F448001C360522
F30FD80808E4F229
2F38BA25E234EFDA
272F1EDC1B1F08C4
0BF04E2219F3F8F0
4A18CE05E2221112
0C3507FD1F032AC3
CAFC2F01200E0CF4
520D10EE022DE8F4
CDE3BF1C1F462BD1
B2E0EFF23415C002
12F8C306472FFDEB
501B3E35176902D9
2FF30FF12C0A0BE5
320CEFF0F46AF9E3
323246DDEFB03119
47FF10F903DF26DF
33283011D6030B0E
F4D7F7EF0E182F0C
0EDA0C1213D313E4
4C28593A2308D926
07E8E204F54ADCE9
FF15E32AEC7025EB
CFE05101F83FF4F2
0FD042F7F32EDD2E
31120503083BE004
5CE6171CEA382502
E00005DE00101F54
29EA0E371122163F
D8FDFE01EE170558
E7060A30F619E010
F5F5FD21EF302409
0BE8DF07033647F3
5324D6E6DF26DAD8
0C2033E103042C16
E60BEA02DFBE6AF7
C5F2D4C2E8EBEEFD
FE05D7E5D1F00509
F8F0E7BFFFCA38D7
C5EAD7C8E81A30C1
FFEBC903EC1633E6
C0E50F3129EF36D5
34FBD8E1F6F328F2
19D6CFECF7E7EFF8
F9E2E8190E38D7DE
F91512E1E1BD2916
1923FF091EEA1E15
1DECEDFEEE1229FF
0FF519D4F1E8F112
CAD8B8CB0ED1EADF
3502042517D312EB
F8E429E834F1F3DB
1AEB0DFF01371FEE
CAE2C0BFF3EDED0F
10EDD80AEAE4ECE9
2E2F21F3D9EB0EE1
282606F0F0DBED29
F52910390F0F0C21
D3DF34D6D91BD107
ECE6F411F3BE381F
BBDEBFC8DFB813BD
A3DAE4D707CC01F6
1C0500EF26AA38D4
E7E9F2D7D725D3FE
4EE3E6F5F8F1F0F5
0BED32100FFB0A04
22DEF231F8281016
E2EF27EA012F39F5
0B09DB092B2616BD
C7E1F4D0E6FD2D2F
D60001D71B34322C
11E3E803E4F72E17
372632F414E0FBC2
4BF6E911043AFCD5
01111AD5F5F0E9EC
162408EF1743DCD4
412502BB2A272C0A
CDE841E33834DECE
DA2FF5050018DECA
22E932F51A25F4E3
E42633FD074106F3
542342F4310FF01D
742809D516FCEF2B
C02D01162C391D04
C5123AF61A48F1F7
3B205BF614171609
374420EBF326D4F0
15F4282D04DCE5F8
E90965EBFF09051E
63281A151A2038DB
04094F021DF118E0
3B22C2CFE9F91BE7
0DEFE20EE7E0E6DD
FFFA60D8EA24DA20
3EF82D31FE2922EE
1B0B2AC2FAE0C7EA
E633ECDC480013EB
EDE858FAF71D2FD1
7F33491F0BD2CDF0
161F2A05032A1118
14EFCB0E043CCB30
C72ADC37E30FDB1C
DCFCF4151B35050D
39D8EC010AF11DF7
2611D3D6FDE92416
0C33C5E21FDC21F8
EE0ED928F12FCFDF
3113CF0123CA0B15
24DB18FA2522FD0B
AB0EDE13304FDDEF
EAE6BCCB04E8051F
D2DE38E90E18F9FD
27F50C23032122F1
08330E1A0747C4CF
BC040BF017BAF318
2B05F2BE01CC12ED
150EE3E6F4E81728
432C08F82029FC11
CD0507DBD70322C8
EFFE56190CB7D9EC
EB3BE5C027E32DBC
0412D5F8FB08E8B8
E028DF0D2A2FD0E1
0B21E7FF143FEFDE
F821F7ECDB33C71D
1A0FEC00E6F3D5E1
0A00D6370FC80413
B22D1909DDE81417
44044213F2F71A16
4CD22BFECA56E11C
FEE4F71617F92236
D8E03D5816533A12
1BBB2ADBE33EE202
5BDAF3C10E5C2A24
CDEFCBDC2E764032
F1E5DD322121E328
C3F522F1FFD32F23
43142D0225E70EDB
1CE1D90FEE393236
28160018DE0E3F04
2CDB290DEA26FD16
0DE826D8E707F332
51252FDD174D1CFC
36F02CD9F2050904
D5D8F3D0FA00F12A
11FB0A21E4230026
4FFB09EA0BE41708
1A26292CE702F708
17242F12EBB319F9
1AE60AE12AD6E8E6
FC0426FA07FA0BDB
28E6241520031D20
CCE7CB31292FDDE6
DEFC06BB14F9E511
3DF307DCF80EECBC
222CF22FE6D920F4
2A13221DDF4ED8F2
F105032815FD1419
EF021EDFE11DDA2C
F7DAD22CFEF2142D
0EF9E01DE1E324EB
C1D8C8E02136D615
0804D618EBDBDF01
C0FB271ECBEFE4E5
0B0B09D9CB1821EF
E6EB060FE1F21D01
F2F8B82BECE61EE3
B407DD4EBFB7340A
ECE70AE506CD3406
04D30DFAD7D74B04
C90BC9CDF3181FD1
F6E2152222051CF0
4BFEF1282549C3FA
EFD3F9F9F54F231B
3CEEFEDF1428F8DB
2DF42ACC152CC519
480CD1F3000619FB
1DF9D5C50E3CFB0C
E10101320A2808DD
1807ED122747280F
D30828EDFEDEFC36
2CDF0FDC1FCE130A
92EBE4C83C14ED16
F821DCD2031508F4
1FE00EDBEA37FB2E
F2FDC80F17261FF8
19E1033E2F0F1513
D20E182D20C0F004
2B1414330A131127
F4F1FD37424A31F0
C61AED0EF0E4C2DA
C61DC3C922DC0011
47151BE936CE152E
FFE2D40DF6F5F0F8
FB29D4D2D947CCE8
C325F30AFAD80211
FD043F2B2FF9C2C5
CF1C321721BF0B18
2B1E2B251228DEE1
03EBE11812DBE709
D032E207341431EB
1BD42ADDFB02EBF0
5D0DF91C173BE814
35DB1101FCD132E3
4A1421EA1E15F80F
FD281805EF0DDA0C
521E4103043621E7
CB390B0A29D21DF0
16EAF41D2728CF0C
CC14E0F8D404D309
0030C4FB1722E9F4
E1EEF731CDF2F6DD
ACEC3FE6E701F30E
F1E81BE2D4261810
24061916F9FCD9F5
32E6CF1DF8EBE4C8
2DEEC7E0EFB83D25
0DD0E309E72329E0
F2EE0A270ACBEDFB
C1E816FFD60BEB0D
F7FCF2D9CDD03019
381724FD0EFEF809
BBDCF4EE21DD0718
D3E2C631EFC73EC1
CDD20113D3AC2ED5
D435D22BEDF50213
C4FEDE180A062AF3
EFF7CC020DE7D7E9
C31C28491531F533
3FCC04E71BE3040C
E1F8EB3F0AE2EBED
F30429E6DE17FC15
E3FAE7F508B8E706
5BE605D3F1F9C3DC
043B1E4901D50FF0
3CF8FE1509D00D23
372EDD4933E9E2F5
FBD1F737FB33E828
3913FC4C1E20DE26
29E21C451B03FC52
21CBD710F9F5F60A
18E72002E91FFF2F
501732C9130FD830
FFFFE84AFFFFF909
FFFFF19AFFFFD548
FFFFEE0CFFFFF9C8
FFFFE40C0000092B
38E4F111DBCE0BE6
01E8E23226E6FCDC
F105DF0ADC150DC2
C6EF0C09F502F93B
F010D3F629103AF5
0807E6F90F25E03C
55FC09F4BF20FE2E
33EBEC0EC5E9E3E7
3A1A23F61A0C20FC
D4E71037E329310A
4C1B222C18F32BF0
2C15E52FD52319C1
1CE7CA1D1F33E335
E71C14FC014415E2
D2E71C0130ECF8F2
1DF2E233FF3708EF
F61A0747F2FB14F9
3A0F0C30270BE135
12EF2F07C21FED11
DB02E5D53F0C08D3
B3EF2B1822DA3316
C6FC07D7C8E8262B
BAD8E1FF0AF02BEC
21D7EB1453E01EC2
AA08E5DB11E9D5D3
9EDD0B222829E50D
E2FF3ACA361901B6
23E31905EFC40BFA
3604DD23CEF705D5
0E14F4F0E6DFD3C4
0F04CDDB29F5C2DD
4118DA15CD1D0C17
E40ACF0CF63F0BEA
FC16F001C401D52E
14F6E9F60B301EF5
2A12F23BC9F136F9
BEFD0AD72A0925E6
F3FB14FCFF09270B
19D724D70CF005F5
0E23D722F2CA2037
DE1CE00719EF2312
02DB082102242203
2A0E0610313107DD
3719E7203716E4D7
EFFB28E4DC09D227
F0E2DA03E817FF18
BB111400ED2824D8
B9E7F2E137DAE6F2
421721FC08DDFA1E
45FA132FF70ED2E4
BEE2F7E415DBC91C
B80439051D192F1F
A11934F219140606
F7DC2410E4E71EFC
18E2E7E90F1C1B0F
F2F6FB0A33E03F0A
09E7EBF128CA53EF
C3FAF02227E908CF
CEE5E6DB52102BD0
B1E9F7F7F8F21FF2
1DE7180D14D71C0E
A8FBFDCE0DCED322
DEDAFA02FDEF382A
2D00ED1C27E1272E
040BD92D2005220D
FA2AFDFBE80E1CEC
C4D60403FA0FE3D7
1C081A2D34FF1EE2
472DFFF4D5FF04C7
0E10ED06D91142F3
3713F70ADCF20C21
5BE5E1DC34F851C2
26DB1642FE03FAD0
FD1BD419F91414C9
2920E63E0135B800
0003DB2E4130E51F
EF0C1A34D006F9F4
361001EB1A0C4416
DF18D640EC02FBCE
E9061D36F1D2F911
FE13E13E0CD9E313
2AE6FBCF25FBDCF2
E2FBEE10D1BE1AC7
FA0324E3E6B5E5E3
A5080407C5D9F3CC
E3F5F9041D1DE6E8
DA20E015DC08EEFE
0AF8002400E30D00
10071DE0F5151507
4E051E06E60E0DFC
2F0B0200060A422E
06E90ADD190613CF
E20DECD0CE25020E
0819D1CD2DDE3ED6
E8E0FBEB22DEFF18
2C09D5DED8E939C3
FD0111C9171414DB
38E9CB0CD30EFBC3
2500FA1B3A3EFB17
2006310EE33BB32A
F3ED25FF26E5D6E3
E400E8121127EDD2
271614ECE22CDC16
E8FD2CFF10E80035
26FEF7F0E125DB18
2015DF193913E831
FC1A260FE81DF01D
300E2236D7D5DA23
010305DE4BDD0CFD
D4002715F7EDE3EA
CC140016FC0C28DB
011EF22548B22E1B
ECEC02F5FFCFEB27
EAEB24FD0AEB0D2E
EDE8F5EFE5EC0D02
3D10CDFEEFC3D8D0
2F18E3FFD6C70FDA
0B0EDE181E0D4FD1
FDE725E4E106FCF4
B9FEF50E0FB7F305
1202F6DD28C05806
E403DB41F6E84EF3
FBEF0FFB0ECE39CE
20DEFA10F5FF3BCF
2DFBDBE03D0E43D1
D9FB2DF9092F6D0F
1612F7E9EDED23F7
D8F82F0716F0361E
22FAE5310DF6D306
25ECF20DDE143BE5
230308E6F7DF0FD6
260F3C344AE630E2
A915FC07F5EB3BDF
95E210001F0F0D0C
E6E60BE44603071C
42FBED0021CE02F9
1BF2FE2BD7FCDEE6
0DF0F60606F32B03
D50FDE1D01F53110
2AD52A0038CA1612
10021BDB23CD130A
9F0D351CFE2925E2
B7F2F818FFFC0224
BB0012F1E224F9E3
E8DF1B1B17CD0EF1
ACEF1800D4142EEC
F6DADDF043DAFA22
D40510FE2D1AF049
F71B00FFD2E4EB35
0F0BEBDE30222F0C
0C022AE0C8E500C7
46E234FCD9272213
430FEA2C10F001C0
41DB01D31C10DA05
14D5F4100A131C20
D7110209F6FF2113
3DF528E7BF1B0D2A
2E04F31EF7DFDF34
07F124DDEEE4CFFE
31F01204E7F9272A
45DE0A20F0D806FB
F8E2170C07FE000E
B2F333DB1BD3E513
F109F9DF3D182655
41080C0AE011D933
2BE008FD1E1FE5F6
E1FE1F1A1906EF0B
1BDF2915FA17DA1B
F0FBC9E4262F2C08
19061905201E0929
D5F2F8FA151020BB
3FFE3119DD3A551A
F2EEF4E7004E30E8
0E0CDBEA0C1EF522
24D3C61B384E4D23
4BFA1301492A49E0
ED28EBFBD4284EB8
F1F1E112EB3FEE23
2B01E435192AFFDA
DF07DE34E02FFFCE
3C040613FEF71DE1
0BE4152FD7221915
E220EC1AE2EE34CF
0EECDB0905FBEECB
E1010230E3D642B5
0F1AF7FB1F2020F1
10141B5A1F4C2A9C
54FB0D2E2DF508B4
FF171F3B010117C3
D01615E42215C7C0
CB1BFADFE9F70315
E003EDEADDD830C2
1CE6E4E7DA2603F1
E4F7FE2AC50AE31F
2A1BD40C1427D629
22E8D9F2DCF6EF0F
E316F0D60AEAEF1D
3613F605FD0307FB
0F0D07E83FD010F1
3B1C2DFEECD1DAEB
EF0F2D1004DBF0F6
BCEDD40E36D6FDD3
BAE3D5E811FEE600
BA0108F6D319E608
14F3160DD72411B1
BD14FBF0DECBD70B
D2ECEB29F3F8ECBE
E207D41BC72FE0F6
E02111E2E72EDFB6
F3DA0A18E4E7EABF
360DFD26B718100D
DDE916E7F1152111
0DE91329F1DC04C5
6FF7FC4BC2CED730
7BF621EB1CFABF14
26E5F6F211112BFA
D5FFF10F120107D0
39FE11E01BCC17FC
35040810ECFC0F1A
14E8DDE1F3F4331A
07EDDED8001C02D5
51DBE0F32C1707BC
CC07E621F704CEC8
E7F7F9F115032CF8
D0E5F3D914F9CBBC
01E0D5D6FFF4FDE0
E8E4DF0CEE250EE9
06DBDF30E60312C5
CE1B2324EC0814CF
32041709FFCA201F
C90B2C2E0C32D8DB
1B262E0F0FFC07E3
BBED200516300BDF
32F01A240904EF09
D5F91913D4F9F934
3FDA08E9E0F9F1D6
FAEB031BF8141FFE
490F2437F5D019E2
BF0C16E8F72805D0
10EEF7EA4DE0F113
ED133FF7D3E1DE0C
CBFB1A02090C171F
161300003A1AF308
3F1BE607E3CF24E7
E70EE9DB04FF0414
4A0C320906BF1BD3
2DFCE401DF090CF1
00FAEAD01CB937F7
3CEF0C03CA27EFDD
B7230EF0F729040D
ADFF26CC0E1627F9
EBF2CD38F61FEB2F
08F950031748E5DD
B8EB1DFC26DE0738
EB0F0C05510DF504
0FD6FE08390D07F5
D204EE26F306E803
1F180D0A0EDDE903
0606E3F7F1FBE423
E50A2011DA1C1B38
2805DBFC26F2DCC1
E71D1B2505E6CC19
2CE9DB2005F122F0
0ADFFAF10C0C0DC1
2117E1000ED6DBDB
E8F9F6F7C6FAE626
EFED100DFA39D228
15192E330118DBFC
D822DEFDF62320E0
3D1BF32DF115261E
D3C60728D3E8D5CA
E3F118D50AC9F1D5
EFE4ED054F213AFA
39DE1A07D1280ED0
23F100D939D326FA
C8F0F91D50D4D01E
020BFF2F37E802FC
33F7100B22F8DB23
12E01335EEDB0BC0
D7FAF520EF3E2EF3
48EED3FF22F03900
0604ECD9C6342F03
031E27381F2A3B40
160503272B1D2813
E4EF180FD32707E3
2FE4F62BE4D807D9
4004D41F18EBE3E4
4C11150F45F8DA33
FFFFD578000025C7
FFFFEF19FFFFFB9E
00000149FFFFDB79
FFFFF47900000DED
FE000102FDFDFAFD
02FCFDFBFD0105FF
FCFF050503FD00FE
FFFF0303000203FD
01FF030401FEFEFD
01FFFFFA01040401
FFFCFEFD02FD06FF
FC01FF0203010200
FB020605FDFDFCFC
0202000203FC0201
FFFE00FF010000FF
FC00FDFFFFFEFEFD
FC00FF04000000FB
FCFE04000100FFFF
01FF0102FE0004FE
01FF0007FCFEFCFE
0400FF0302FF00FC
FC03FC03FEFDFF03
0000FFFEFBFCFD02
FC01FC0000FC05FD
FCFFFE03FCFDFF01
0202FD01FF030300
FE03FCFFFBFC0204
FBFBFE01FE0002FF
FBFFFE0403FE04FC
020001FD00FD0104
FD000200FD00FEFE
00FB0200FF0301FE
FEFC030301FDFFFD
00FD030200FDFF05
03FFFDFC01040405
020200FE03010103
FDFF01FFFCFE02FF
0300FE03FEFDFF01
FEFEFD0000000601
FDFE020000FDFCFE
FCFE00040204FC03
FEFC0505FEFEFFFD
FDFC020302FB01FE
FD0304FEFFFE03FF
FF03FF03FD000406
00FC01FC00FD0100
FEFF0403FFFF00FF
FF0403FE0204FE00
FF0100FC01FDFFFE
FBFCFC0101FF0301
FE00FEFEFCFEFCFC
FDFB04FE02FC02FF
FEFDFE05FD0000FF
010001FD02FFFE02
FCFFFAFF00020808
FFFE01FE0104FEFD
01FCFF0001FD05FF
0403FF00FF030102
0002FF0102FF0404
02FEFFFCFE030003
FE0202FC01FE04FF
01FDFAFD02040503
FC01040101FF03FE
FC0300FB00030302
000300000000FD03
FE0000FE02020503
02FF0000FEFCFFFC
FFFC00FDFCFC01FE
FDFEFFFD020205FE
FBFFFC01FD020306
FCFFFDFE02FF0302
FF01FCFE00000405
FFFFFBFF020404FE
01FC0203FD01FEFF
FDFCFEFFFB0401FE
03FDFFFBFEFCFF05
02010100FE030100
FDFF00FD0104FEFF
03FDFFFE000000FD
02FEFE01FD030802
FEFFFEFE03FDFE04
FCFCFDFBFEFE0604
FEFC010204020502
02FF0203FE040302
FDFE010002FD03FE
FC01070600FDFD01
FEFDFF05FF0000FE
FCFE07040203FDFC
FC010200FFFF0003
FCFE030200FDFEFF
030102FD02FE0301
FD000500FC0300FD
00FEFF04FDFEFFFC
02FF00FEFFFDFE01
01FF00FD02010203
FEFD05030003FBFB
02000101FDFE02FD
0003FF0500FF0002
FDFFFFFD02020402
FDFC0506FC03FE00
FC0002FBFDFD0405
00FEFFF9FF030708
FF02FF0001000302
FFFB02FEFC00FCFE
FEFC00FAFFFE0301
FC03FD0202020504
FDFEFC01FEFFFF00
0203FB0003FF03FF
020000FCFC010402
FCFF02FD00010600
0303F8FFFE010803
01FFFBFDFBFEFF04
FC03FC02FF0101FE
FE020002000100FD
01FFFAFEFF020402
010204FE0304FF03
FE0101FFFF030500
03FBFFF901010706
0100F9FDFD000805
02FD02020200FFFF
FCFF04FE020401FF
FDFEFB00FCFF0403
01FEFEFF00040202
01FF01FE03000202
020302FB01FD0003
02020201FD02FEFB
02FE0104FE010102
FF03F9FD00010604
FC000200FE03FE03
FE01FF00FD02FE04
0302040103000003
FEFC040000FEFDFD
FEFF00FE03000101
020300F9FFFD0706
0102F9FEFD000605
FF000202FDFE04FE
FCFEFF0201FD0505
FF020101FCFDFF00
0100FE0103FD0405
FE0000FC03020001
0103FCFC04FF0006
FDFE00FC01FE0304
FDFCFEFEFEFD0404
FCFE0002FD010305
02FFFE0002FFFFFD
FEFDFEFD00040205
FF000004FB0001FC
FDFFFCFDFC010300
FE0102FEFD01FD02
FEFEFE0501010003
0104010101010204
FCFE0302FFFFFF00
FEFF0001FCFE0103
0000FFFF030104FE
02FEFFFDFE000303
00FCFF0202FE0100
00020101FFFD0100
020002FC02FF0101
02FCFA00FE030603
00000002FFFFFB01
FCFC02030302FEFD
0203FF00FE010200
03030103FD040200
FD0100FF03FC03FE
04FEFE00FD0103FD
0202F8F9FCFE0505
010101FB01010701
0102FBFDFF03FF02
FCFD030402FFFCFE
FCFF010002FFFF00
FCFD01FB02FF0102
03FDFDFD000200FF
02000200FCFEFFFE
0202010400FC0200
FDFF010103FE03FC
02FD04020001FE01
02FDFC02FE0101FF
FCFDFF02FCFE0002
01FEFDFDFDFF03FF
FE00FD0401000103
FCFF02FEFF030001
030200FB00020002
FF00FD0202000400
00FFFF0100FC0103
02FD01FD03FC0500
FDFCFAFE02010501
00FCFD01020103FF
0200FE0302020202
FDFE00FB03010600
FF00FFFE01030402
0102FEFF02FF01FE
030100FDFF000503
01FEFE01FEFF03FF
FEFD0200FCFDFEFD
0000FBFF03FE0501
FB0304FE0301FCFC
02010403FEFCFFFE
FCFFFF0202FF00FD
02FE00FF02010204
FCFBFE03FD020302
FDFFFD0102FD0101
01030605010403FB
FE0300FDFD010405
FE03020300020404
00FBFC02FE0203FE
FEFEFCFEFE050205
0200FEFFFEFF03FE
02FEFF0503FEFDFF
01FE00050200FFFB
020302FE01FF0204
0101FE03FDFEFD01
FDFD020200FD0401
FBFFFEFE00FCFEFD
FD000103FD01FAFD
02FE0103FE02FFFB
FDFD00FEFF02FC00
FEFC0104FFFDFDFC
04FF0201FDFF0000
0300FF04FFFDFDFA
FCFF04000201FDFD
0002060501FC02FC
FF030801000300FA
FCFC0007020100FA
0100020000FC0202
00FC0001FE0301FF
FCFF000203FEFE02
0201050002FEFC01
FD0201030301FC00
0203FC03FCFCFDFF
FDFF00FF02FEFC00
01010000FC01FFFE
FE010200FC03FEFE
FF0001FFFD010004
02FF05050203FCFF
FD000108FF0000FE
FC0003FF0301FE00
00FD0202FC030401
00FD010203FD00FF
FBFC0307FE00FDFD
01FB0103FFFD0301
02FCFFFE03020304
0100FCFE0000FF00
FDFF03FE0103FF00
FE03FE00FD02FC00
00020201FFFDFC01
0201FFFEFF010302
0001FCFD01000701
0202FCFDFC01FE01
FEFD0602FD00FC03
00FE04FFFD0304FC
0303FCFD00FB01FD
FFFF01FD00010205
FBFEFF000100FF04
FF00FFFFFD030202
FEFD01FEFE0104FE
02FC02FAFE0001FF
03030104FC010003
0002FCFDFD040206
03020104FDFF0203
FB01FDFC01FE0102
01FC010102FFFDFC
030103FF0200FD00
02FF03FFFBFF0201
0300FF02FDFCFBFF
FFFC030403FF0300
00FDFFFCFD0004FF
010302FEFF020102
030302FE0103FE01
FE02FFFF020203FF
010101FFFC030605
020300FDFEFFFE03
FFFC05FFFE020103
FC00FF03FBFBFBFF
00FC00FF00FCFF02
FDFE0202FFFDFE00
FBFB0301FFFEFDFE
01030301FDFF0201
02FFFCFC00020903
FFFC0201FDFE0302
00FFFCFDFC000304
00FF0102FE010002
00FCFCFBFDFD0605
FE02FFFFFC03FE01
0102FDFDFD0504FF
00020103FF01FF04
00FF0303FF0202FF
FEFCFC00FEFE0306
FEFEFDFD00030600
01FE01FBFE010506
FCFD0202FF0004FF
0203FC00FC040401
02FFFCFFFD00FF01
FD03FE0003FE0303
0001010102000301
00FEF9FC00FD0100
0101FD02FE0204FE
FF03010502030300
0402FD00FE000402
02FDFD01FD040302
01FDFFFD02FD0102
FE02FD02FEFEFD03
FDFE0101FFFCFE01
02010302FC0000FB
FE00FDFF00FFFFFE
00010002FEFCFF01
FC0000FC01FD0505
FE01FDFDFFFD01FF
FEFC010200030503
FD02FE00FFFEFD00
FCFCFD00FDFF03FF
FDFF0401020301FE
FE030102FE00FFFB
03FC0105FFFDFEFE
02020604FFFE01FB
FCFD010403FCFF03
020100FFFFFF0201
03FE0502FFFD01FD
FFFC0506FFFEFE00
FEFB05070301FE01
FEFEFD0400010300
FFFB040301FDFEFC
0301FEFFFD040004
FBFDFE010202FD00
03FB0202FFFE0101
0000010000FFFEFD
0400FEFF03020005
FE010401FDFD00FF
01020403FBFEFD02
010204FD010102FF
0003FCFEFF00FF01
FCFE0201FC020104
01FFFE050100FF01
FF02030300010600
02FEFD0302000005
FFFD000001FF0005
FCFF03FE0203FF03
FFFCFFFFFD0405FE
00FDFF0200FC0603
FF03FB0003020305
FBFC05010101FD02
00FF060002FF02FE
02FE0305FD00FDFA
FF03FEFEFBFD0001
FCFF020602FE02FD
FE03000200FFFC01
FEFF0306FEFEFFFE
00FE01FFFEFF04FF
FC010200FFFD01FF
0302FF02FDFFFDFF
0102FF010000FE04
0102FE0100010706
FFFEFF0601FCFE03
FEFB0506FE00FC01
0302000102FDFF03
FCFBFC01FF040401
FEFD02040201FEFD
FF00070401FCFFFB
0103050402FFFEFB
FDFEFFFEFEFFFCFC
01FF040502FF02FF
01FFFE04FB020003
FFFBFDFEFFFDFC03
FCFDFF02FC00FC01
03FDFEFEFCFD00FE
FC020401FE01FEFD
020103FE0000FE00
FCFF060201FC02FC
FD02040001FC00FF
FDFC0204FD00FFFF
FEFEFEFFFFFD04FE
FD0102FF03FFFDFE
FDFD0205FF0303FF
03FDFF03FE04FD01
0001F9FBFE030403
0102FEFDFE0104FE
FF01FD03FEFD0400
0301FDFFFE0200FF
FFFE02FDFE020601
FFFF0203FF0000FC
FF000100FE0003FF
00FEFEFEFF040004
04FD020200FE0002
02FF0304FC0002FC
FF01F8FF02FE0203
0000FCFD01FE00FF
FD0001FEFEFE0404
01FEFE0102FF0301
00FF03FCFFFE0002
FF00FDFFFEFEFF01
FD03FEFFFB03FF04
01FD06FE0203FFFE
0003FEFFFDFCFFFE
0101030200FD0301
FE010000020001FF
0200FAFDFD020605
FD02FD0103FCFEFD
02FD01FC000002FF
00FC000301FF0503
FD02F9FBFDFD0804
0102FF0403010302
010000FF00FD0001
FC0105010101FCFD
FDFD0001FD0304FF
FC02FFFEFD00FD01
FD03060400FD0101
01000405FC01FEFF
000004FFFCFDFFFE
FDFE0401FDFBFF01
FCFDFF010300FF04
02FC0507FE02FBFF
FE00040301FEFBFD
03020306FEFF00FF
FDFD02FC02FEFFFF
FCFE000200FFFE01
0202060201FD00FE
FFFD00050002FEFB
03FCFE0000010302
FFFFFC010302FE00
FDFE000104FDFE00
0000FEFEFDFEFF01
02020604FCFF0202
FE020501FD01FDFF
02030007FF0000FE
000006080102FBFE
01FF01FF00FCFE03
0001000402020002
01FDFF0202FFFD00
FDFF0102FFFFFF02
FFFC0406FCFFFCFD
FC02010100FDFE04
02FB00FEFF02FE00
FDFE0401FC000101
0300030500010101
FEFE030402040002
000100FFFC000403
00FE0207FFFE01FE
FEFD02FD03020403
00FCFCFE02FE0404
00FFFDFD02FC0303
FDFEFFFFFE000202
01FB00FA02020104
FEFDFA0101030601
00FDFEFC01030504
02FE0100FC0103FE
FE03FCFEFE040504
020102FD01040401
FCFCFFFEFCFD0502
00FE00000101FEFE
FCFC0204FDFE04FD
02FFFB02FC010301
FCFC00FB03FEFF06
FF03000101FD03FC
FDFB00FD02FD0300
FDFE03FE02020301
FFFD01FE00030203
0202030003030003
01FF0002FDFD05FF
01FD03040003FC01
0101FF0001FDFDFC
FF02FE01FFFE01FE
0000FFFCFC010100
01020200FEFD0105
FDFDFF0203FDFFFF
FE00FCFA03030103
01FD02FEFDFD0302
03FFFCFF03000503
00FFFFFEFEFF0300
0301FF02FDFD0301
FFFE0305FCFDFEFC
FDFFFDFEFEFC01FD
0303050300FCFBFD
FDFD04040203FCFB
030206FF00FC0102
FCFE0200FDFFFC00
03FE02FFFF0104FF
03FB08070002FFFD
FFFF0103FDFDFD00
0001FDFDFDFE00FF
00FE00FF00020402
FE02010301FF00FA
01FD0104FD01FE00
0001FEFE00FCFE02
FFFF0103FCFEFD01
00FD040302FDFD00
030000FDFE000505
02FEFDFBFCFD0005
FB01FEFE00FC0201
FE01FDFBFE020300
0203010102FC0401
FE02FAFB03FE0704
FE01FDFDFDFDFF01
FF02FC0001030001
03FCFC00FD0001FE
FC02FF0002000202
FDFDFFFEFF030004
FF02F9FAFF020107
02FCFC03FD000303
FCFC000100000701
0000FF0203FD0303
02FD03FEFF0305FF
FFFEFFFDFC010100
03FEFBFDFE0107FF
FF01F8FFFFFF0602
0001FEFD00020300
FCFFFD00FEFF0503
0000FF00FBFFFE04
02FD03FE010502FE
FEFC02FE0201FF03
FF01FD00FEFF0402
030300FBFC010701
FCFDFE0202020003
FEFFFCFD03020705
01FB03FE02FE0400
0303FF0002FD03FE
FDFD04FDFDFDFD01
0300030100FC02FD
03FE00020202FE02
FD030903FCFCF9FC
04020104FC02FEFC
03030505FF00FF00
FDFF0401FCFE02FD
01FF03FF010302FF
FF010708FD03FBFC
FEFE04FF030200FD
00FD02FF0101FBFF
00FD030304FE0302
03020104FFFFFEFA
FFFE0103FF0200FE
00FE0204FB00FE02
FB03040200FEFD00
00FFFEFE03FC0404
FE020204FEFFFFFB
0003FE030102FB00
FFFE0100FF0302FD
0002FFFC00FCFE02
02FE0307FFFE01FF
03FC01FF0101FD04
FE01FE050201FFFD
03FF0105FE00FE00
FCFD0200FFFE0102
FC0201FF01FB00FF
01000400FD01FEFC
FCFD0100FB0400FC
FF0301020003FF00
FEFC0403FD00FEFE
0101FE00FF00FE04
FB02030002FE04FE
FCFF0100010302FD
01FEFF0201FEFD02
02FEFBFE03050007
FCFCF9FEFEFE0608
FE01FFFEFEFE0101
FEFE06FF0001FFFE
0303FDFBFEFE0707
0303FDFB00FD0305
FF02FE02FC010204
FF02FE0001010202
FFFE0204020001FE
00FFFF02FFFD01FD
01000204FD0303FE
01FC0400FF02FF03
FBFF00FEFC000002
FEFD0104FCFD03FE
02FB010000FDFF01
03040206FE000001
00FF060500FDFD01
01FB020301FCFF01
FDFD030300000300
FE00FFFF0103FC02
FB020002FD02FAFE
02020305FE01FEFE
03030005FE03FCFD
02FE0301FFFEFFFF
00FB03020303FEFF
FBFE0400FD03FAFA
FCFE02FF01FC0000
02000502FDFFFDFD
FCFB0001FCFD0204
FD03FEFD02FC0001
FCFEFD0303FE03FC
0300020201FEFDFD
FDFF020103FCFD01
03FFFFFD020203FD
FEFD0205010001FE
FFFCFFFD0003FC00
02FDFE010301FD00
02FE0401FC03FD03
03020607FFFFFDFC
030001FFFF00FCFF
03FFFE02FBFEFE02
03FE00FD00FD0103
FDFD060200FFFB01
01030601FE0302FD
FDFFFD0204FE0101
FE01FC0302FF0200
01FFFE00FE00FC00
FFFF050502FDFBFC
FDFFFF0400FF00FF
FCFD000202020302
FDFE03FF0200FFFB
FCFFFFFE0003FCFD
FD000202FDFFFEFE
00FF0605FF03FEF9
FEFC0203FD010102
FDFEFD0200020000
03FD050602FEFCFF
FDFE0505FDFFFCFC
FD000405FD03FD02
FE000304FD02FFFE
FDFB010003FE0304
FE02030400FD00FE
02FEFF00FE01FFFB
00FC0106FC02FC00
FCFBFF03010100FC
0300FF0103FFFFFD
FE0100FD00010200
0002010101FEFDFF
FC020304FD030101
FCFC0100FFFF0200
00FCFE0503FE0103
FC010003FFFEFBFF
0004030201FF0002
02FEFFFD0000FD01
02FC0400FEFEFE03
030105050301FDFC
00FEFFFDFD010002
0103FF03FDFF0102
000104020300FFFE
01FD0301FDFDFCFB
FD010505FF01FCFD
03030702FDFEFA02
040002060102FEF9
FCFD06FF0300FBFD
FB000205FEFFFC00
FF0302040003FFFF
01FF010303FFFB01
FC02020202FB02FE
02FE040302FD02FE
FEFD0705FFFDFFFB
00010404FF00FCFF
FB00020000FDFCFD
00FD020201FD0302
FEFD0005FD03FEFE
000200000000FEFD
01FF0506FCFC02FB
FC000004FB00FE00
FD02040302FEFDFE
02FEFE02FFFC0003
010100FFFFFCFB00
FD00060403FC01FD
0101FE0401000403
00FCFDFDFCFD0100
FFFCFD01FEFD01FF
00FE0304FE020501
030003FFFD030200
01FD04FE01FEFEFE
FCFD0504FBFE02FC
00FF05FE03FF0201
FCFCFF04FF03FF04
FE0107000104FDFC
FCFD02FF01FDFC02
01FC0200FC000201
01FEFDFE0101080A
02FFFEFCFE000301
FDFEFF0104020204
FFFD01FDFF0102FE
010301FE03FF0502
000202FD030301FE
0101000300010504
FEFFFCFCFCFF0205
FC030500FF0003FC
FF0002FB0301FEFE
FEFE02FE01000102
FDFFFBFDFFFD0706
00FC050301FEFDFF
FDFB03FD0303FCFC
FCFC020200FCFC00
01030303FF01FD01
FFFD04FF00010103
FFFF04030001FB00
00FC030402FDFC00
030001FE00FE0201
0201FD04000203FF
00FE0502020202FF
FD02020002FC02FC
03FDFCFC000002FF
FC00FC0003000400
FF03030501FFFD00
01000108FC01FDFA
0202060000FDFDFB
02FE0603FB03FCFC
020101FF020301FE
FF01FF07FCFCFE00
00FF0406FD0300FD
FEFD05FE0203FD03
0200050601FCFDFD
03FF0001FFFEFC02
00FC0102FD0102FF
00FB01FF00FC05FF
01FC040103FF00FF
FE0100FF0301FFFD
FCFDFB0102010004
FFFE0005FF01FD02
00000300FE020203
FCFE0200FE0003FF
FE00FD02FFFD0500
03FCFD0000030403
FEFEFD0102FFFFFF
FEFD01FE02FB0001
FCFD030102FCFCFC
FDFF0202FDFEFAFA
FEFF020500FEFC02
FEFE0604FEFD0101
FFFE000400FD0200
FDFD06FF00010401
03010002FC0001FB
FD01010100FFFDFF
02FEFCFDFF000300
FEFEFFFDFEFEFF00
FE010005FDFCFCFF
FE0103FD02FC0200
030004FFFF000302
01FBFE01FDFDFF02
01FD0002FDFE0103
FC020303FFFFFDFD
FFFD01FBFDFE0000
02FE00FCFE020005
FC02FD01FDFFFE01
FCFDFE00FD01FE00
FC0205030301FD00
0000000001FF04FD
FEFC02020003FFFF
FF02000200FEFEFF
03FDFF02FD000105
FEFF0002FE0002FD
FE01FCFEFD040502
FEFFFDFD01FE0303
0100FC00FBFFFFFE
FDFD000200FF00FD
0201FFFE01FE0401
030203020202FE02
FDFC05FF00FD0101
FC010103FF00FFFE
FEFB030501FBFFFC
0203FD02FF04FDFE
FDFF00FDFEFE0101
FD01FE00FE020505
03FF0100FC0101FD
02FFFF03FC0301FE
0102010102FF0503
0202FCFC02FD0205
00FF0000FCFCFEFC
FE010403FD02FF00
01000000FBFE0102
FFFF0407FF03FDFF
03FFFF04FC0204FE
04FF000200030101
03FCFDFDFC0200FF
FF00030403FFFE01
FD03FE0505FC0202
FF030102FFFC0103
00010102FEFC0405
0202FDFF010100FF
FE010102FD01FE04
FD00010300FF04FF
01FCFC01FDFF0005
00FC02FD01FE0001
010200FF0004FD02
FEFBFEFF03FBFD01
FE0301FEFF000302
010100FE02000202
FC020705FEFFFBFD
01FE0400FEFBFEFC
00FF0303000100FC
FFFE0206FF00FBFF
02FCFF00FC02FE02
00020404FDFEFDFE
0200FFFC03FD0301
0102010004030202
00010606FE0001FB
030102FF0000FEFD
0000FF03FFFFFEFD
0101FEFFFF05FE00
FDFEFE0602FDFCFF
00FEFF020200FD00
FFFE0005FD02FDFD
0103FF0303FD0202
000301000201FBFB
FFFC03FE010101FF
FDFD030102FEFCFD
FC02FDFDFD0302FD
FDFE03FD00FCFF02
FCFE02FEFCFD0201
FE010601FEFD0200
FFFF02030300FCFF
FFFD030201FD0200
03030305FDFF03FC
03FFFF03FBFF01FB
01FCFF00FEFCFEFF
FEFF0303FEFEFE02
FE0206030102FD00
FEFCFC000202FE04
FDFE0000FD0103FD
FD0103000002FF01
FCFE03FE01040001
0201FDF900010602
FCFFFAFAFF000306
0300FD0203020001
FEFCFC02FD00FEFE
FFFCFF00FFFF0005
0101FCFB00FE0609
FEFEFF00030102FF
FEFDFBFCFC000506
FFFE0200FFFF00FF
03FE0203FE000201
00FE02FDFC000300
0000FDFD0103FEFD
00FE02FF020002FF
FDFDFDFBFE020504
FF00FBFCFC000101
FCFE020301000202
FCFFFDFD0001FF05
02FB01FF0000FF04
00FFFEFC0201FE02
00000203000304FE
0100FEFFFFFF02FE
FCFF01FFFE010104
03FF030001030203
FF0202FBFF020100
0201FBFBFDFE0403
FF02FFFB03FF03FF
00FFFEFEFC020304
FDFDFEFCFE02FFFF
FDFC01FFFEFD0202
0101FDFE0303FF03
FD02FF03FC0103FE
FE030306FCFBFCFD
FE0303FFFCFD0300
FB03FEFF020401FD
01FE0104FF02FC03
01FFFF0301FC02FD
FD01FB030301FFFF
FE02FCFCFCFF0203
03000000FFFDFFFC
FE0202FE03FC0000
FCFC04FE01010200
01FFFE0001FDFEFD
0002FE00FC01FCFF
FEFF01060200FDFB
00FDFF0002FF01FF
FF03030302FC0300
01FE0307FFFCFF00
FF0200FDFDFF02FD
FDFD0303FB030104
FFFFFFFFFFFD0803
00FDFF0101010300
03FF0003FF0202FE
FFFDFE0301FF0202
FE01FDFFFDFC0204
0101FCFCFF030205
FEFFFC010204FF04
0002FCFC01FC0507
00FC050202010203
FDFCFDFB00FD0200
FEFD03000100FFFC
00FBFAF9FF01FF01
FEFF0002000102FC
FCFE020001FFFE01
FB02FCFCFD020403
FE0100FF00030000
02FBFFFBFE020200
00FE0003FCFC02FD
01FF02FBFDFFFF04
0002FEFD020100FE
02FF0101FF0304FD
01FEFDFDFFFF0600
01FEFCFC01010301
0000FDFDFD000201
00FBFDFB04020704
FEFC000101FE0601
03FB0301FCFFFDFE
FFFF0002FD0202FE
FDFEFDFF040000FF
02FD010300FD0501
01FF0001020202FF
0300000000FDFF00
0001FCFA03030008
FC0001FE01030200
FEFE04FFFE00FD02
00FF0000FD020204
0000FEFAFFFE0607
FFFFFAFEFD020606
FF02FA0302030000
00FEFDFC00FE0302
FD0100FFFEFD01FD
02FB04020304FE03
01FF020301010401
0400FEFF03020504
FEFD000600FFFF01
FCFE01FEFC030200
FC00FC00FCFDFD04
04FC0003FFFFFD02
FFFC0203FFFDFEFA
FCFDFD030101FEFD
FDFD0402FDFCFCFC
00FEFFFCFE030301
FF00FD0202020102
020105010300FE00
03FD0005010002FF
01FC0101FE0100FF
0100FCFEFE0003FF
00FDFEFEFC030102
FC01000401000003
FCFD03FD00FCFDFD
FD0100020202FFFF
FC020205FFFCFEFF
010003FEFD03FE00
00FBF9FFFDFE0105
02FFFEF800000507
00FCFCFFFF0000FD
FC03FEFD03040602
00FEFEFDFD0202FE
0100FF0202FF0102
0102FFFE00020302
FFFFFD01FE02FD03
FCFFFDFC01FE0202
FE03000002FCFB01
FFFC0200FE020002
FEFC00FDFCFEFE02
FC0003FF000303FD
FB03FF000301FF05
00FE02FEFDFF0302
FD0103050102FCFC
FE020102FCFE0000
01FFFE02FFFF04FE
FDFC0405FFFFFCFE
03FF050401FF0202
0202FE04FC03FCFD
FFFEFE04FDFF01FF
FF03FF000303FDFD
02FDFF020302FDFC
0302FF03020200FC
FFFF0202FCFE0001
FD01FF0604FF0300
FEFFFF01FDFFFC02
FC03FCFE03FE0001
0201FCFE04010003
01030203030201FC
00FF00FD03FF0002
FFFEFE0202FF02FF
FE020502FC010102
0002FE0203FD0301
0001FCFCFD020402
FE01FEFFFF00FE00
0103FB0003010606
FCFF03FEFB02FD00
0100FDFE00040002
FD00FD0103010004
FDFD02FF03000606
FBFF04FF04FEFFFC
03030003FD0303FF
00FDFEFDFCFF02FF
FEFD01FBFE040606
0102FE01FCFEFE01
03020101FEFBFFFE
02FF02040001FB00
FB010500FF0201FB
02FC020302FEFF00
FD01FFFE03FE01FC
02FC0402FDFCFEFC
FD000202020201FF
01010104FF01FEFC
FDFD0101FE000000
02FB0103FFFD0103
FEFB0204FC00FEFF
FC00040600FCFBFF
00FE05000200FDFE
FC0200FEFD0201FF
03FEFE0003FF0305
FF030705FC00FD01
FEFD010103FF0203
FFFFFD0100000105
01FE03010300FF03
FC030001FF020102
02FE0404FDFEFE01
FE0000FE03FDFFFD
FEFFFF0401030101
0101FD0301000204
FF00FF02FDFDFE04
FF01FD0003040301
FCFFFEFF00FE02FF
0303FC03FF03FD02
0102FE03FC010001
01FE03FFFFFC0101
FDFF0100FCFCFF02
010202FE04FE0402
0202FD02FD00FB02
0101FE0602000103
0200FE03FC02FE00
010001FEFD0202FE
FFFF030303020200
FEFD04FF03000103
0002FFFF00000505
FEFDFEFCFC03FF05
00FB04FE0100FCFD
FFFC03FF04FFFF00
03FFFFFEFD03FE01
00FC0201FEFDFDFC
03020003FD0001FC
FD0202FE01FF0501
FD00FF0303FD0202
FD0303010002FF01
FD0101FFFC0100FD
FFFCFD01FCFEFF01
0000FC0100FB0403
01FF0001FF03FE03
FDFE00FE000000FD
FCFF0004FEFC0203
FE0204FFFCFD0000
00010101FEFDFCFE
FCFE0402FB01FEFC
FEFD050102FE02FC
02FD0106FC00FEFC
01FE010004FCFD04
FCFFFF04FF0201FE
02030104FEFF00FC
010203050100FEFA
FCFD05060100FEFD
FFFFFFFF00000003
FFFFFFEFFFFFFFE8
FFFFFFF7FFFFFFEB
FFFFFFE30000001D
0003020302000101
FEFE0302FFFD0402
0600FE0502FCFEFD
FF01FE04FE00FC02
FF010000FD010100
FF010200FC030401
FFFE020201FC0303
FE050000FC00FF01
04FF0004FFFEFF04
0002FCFE01FD0400
01FD00FF010000FE
FD01FFFCFCFD0302
02000301FE0102FD
0401FC05FD0103FF
FE0400FEFCFDFF03
07010106FFFEFBFD
0004FB00FEFFFDFD
0000FEFAFDFFFFFD
FC01FCFFFCFE02FE
FF0102FF030202FF
000301FDFCFFFC02
FF0002FCFBFD0302
FCFBFDFB02FD0502
03040104FC0301FF
0001FE0201FFFC00
FE000303FEFF0002
01FEFD05FC010203
01FD0303FB03FE02
030201FEFC01FD01
FE0001FF00FEFE00
02FCFFFDFFFF02FF
02FDFDFF00FB0402
0502FF00FFFD00FE
0005FD01FF03FEFF
00FE02FDFE0204FE
0302FF02020303FE
FE020001FC0204FC
01020003FCFE00FD
01FE01FCFDFFFD01
0100FCFE0201FDFD
02FDFEFEFE00FF03
FEFEFD0102000501
070402000201FDFF
01FE02FCFC00FF00
02FCFD01010005FE
F900FBFEFCFE0101
FF05FEFEFDFD02FE
FD0202FCFDFF03FF
0201FF05030203FD
FF01FE02040305FC
FAFAFDFBFCFE06FD
02000003FFFF02FC
03020202FF040201
FF010205FB0100FC
02FC03FDFDFC0201
01FDFE0101FDFFFE
FCFD02000001FFFF
00F90300FCFE07FE
02020402FB0200FE
01FCFDFCFDFC0301
FEFFFEFEFB030300
01FFFEFEFDFDFF01
0301FF05FFFE00FE
02FE0001030002FC
0102000301FD01FD
00FE02FDFEFF0400
0200FE04FE000303
FB03FEFEFF010003
010401FD00FF00FE
000103FFFBFE0202
02FF010102FD00FC
FDFEFDFD01FD04FC
00FCFF03FE030002
03FFFF00FEFE04FF
FF01FD03030301FE
FD00FCFA000003FC
FCFC03FCFD0103FD
FCFE00FD03FD01FE
FC010100FD040602
FF010203FC03FDFF
030400FF04FEFA03
0006030102FCFE00
0204FF0302FEFDFF
00050007FDFFFBFF
0600FE0002FF0103
0103FD03FC010200
0003FF05FCFBFFFD
0202FF03FDFE0001
0400FF01FC02FB03
FFFE01FD03FE03FD
01FE01FF02FF0302
05FEFD000102FC00
0101000401FDFFFE
0201FD00FF00FBFD
FF02FEFEFF02FFFE
FF0102FF0002FA01
FD00FDFEFB010202
FAFE03F8FEFD08FE
FE0100FB00FE02FC
0505FE00FEFD02FD
000103FF03FE00FD
01FBFD0101FF0400
FFFFFFFCFEFE02FE
FEFA0002FDFC0003
FF0201FA00FC05FC
FCFDFE0001FDFEFD
F9FDFEFBFD010701
0001FDFBFD010200
01FC00FDFEFFFE00
01FD00000102FC00
FDFF030103FD0602
00FF02FF02020001
FFFF00FEFCFF0202
F8FD01FAFCFC01FD
F8FE00F8020202FF
0402FC03FBFD00FF
0402FFFFFD01FE00
FCFBFCFD01FC00FD
FDFCFF00FD0306FC
01FF03FBFF0206FD
FFFDFEFE00FC0002
0202FC00FE0003FC
FF00FE03FFFF03FC
FFFD0401FD0301FD
02FEFF03FCFC00FD
FB010101FDFE03FF
00FE010200FF01FD
0304FD02FE0304FC
02FF00FF02FF0203
FDFD02FB0003FFFE
FDFFFEFE010003FF
0104FCFEFC000401
FFFFFC010000FF03
02FFFE0101FF01FB
0100FCFCFEFD04FB
01FE0101FEFF0602
FCFBFEFBFCFE0702
FBFDFDFDFC0003FE
FEFCFE01000104FE
02FA00020003FFFD
FC02FDFE00FDFE02
FB01FDFEFFFF0002
03FEFDFEFEFDFF01
FDFEFDFD00FE0101
0004FC0302FE0203
02FEFE020100FD01
FFFCFFFD01FF03FD
FD0201FF00FD0200
020302020201FEFF
03FEFE03FCFD01FD
FC00FE03FEFFFD01
FE03FC0300FCFE00
0505000402FDFF02
FCFC00FFFC000202
02FF02FD03000604
0001FD03FDFDFF03
0104FC0302FE01FF
04FDFFFDFDFF0200
02FFFF020300FFFF
FF040203FBFE00FD
FF04FC02FEFC0001
FCFD02FD02020703
FBFBFEFB03FC06FD
00FE00FD04FE0301
00000100FF0103FE
FD03FCFEFE010401
FF02FCFEFC000201
000202FCFE00FE02
0101FF040100FDFF
0000FBFEFD0001FE
FEFF0202FB000104
02FF0003040104FE
FCFFFD0300FF0202
04FF01FF0002FDFE
010400FEFDFBFFFE
0500FFFFFE02FEFC
03FFFF0103FD01FE
FDFDFEFAFC0103FD
FCFDFDFEFCFD0400
04FFFF000402FDFF
FE01FE0200FE0200
FBFD03FD00FD00FC
FE02FEFEFEFE03FF
03FD0002FE03FFFE
FFFC00FE020203FC
04FF00FF01010401
00FB0400FCFD0302
FC010203FF0104FD
FC04FE01FDFBFEFD
010100FFFDFC04FD
00FE04FCFDFE0301
0002FF0002FB0200
0604FE01FDFDFE00
0403FCFD00FEFFFF
FC02FE00FDFF0100
000100FCFFFCFF01
030202FEFC02FE03
05FF04FEFD01FEFF
FD0000FDFC0101FE
FEFEFF0103FC0401
FBFEFDFDFC020002
FD0102FAFDFC0403
FEFDFF00FEFC04FD
FFFEFD00FC020200
0104FF04FBFF02FF
FC01010303FE00FC
01020103FEFC0100
020001FDFDFE0500
FD0002FEFDFC0002
07060001010101FE
0200FC05010100FF
FEFF02FF00FEFDFE
05000101FCFCFF00
050001060000FAFE
04FF0001FCFCFE02
0301FC01FE02FF01
01FFFC00FB03FD01
04040206FC030101
040502020303FB03
05040104020001FF
0203000102FD0301
0503FC04FDFC0302
FDFE010501FF02FC
03FF03FF01030201
00FFFF03FC00FD02
0102FFFFFDFCFC00
030303FE0102FD02
FEFFFF04FC0103FF
FFFD02FE00FF04FF
0103FC0201FCFAFE
0803FD07FEFDFF03
FE03FEFF02FD01FD
02020200FB0202FE
01060204FD02FFFE
020702050102FEFC
0201000203FDFCFD
FF04FDFF0100FFFF
FD0403FD000002FD
040400FF0100FCFD
02050000010303FF
FE030202FFFE0201
0100000102FD01FC
FCFC01FDFEFC0100
010402FD01030003
FF00FFFF02000200
FE01FFFE00FD01FC
FF00020302FE0103
00FE01FDFD00FF02
FD0102FC00FE03FD
00FC03FA00010501
FFFE02FFFF02FFFE
02FB0201FCFF0401
00FFFC0201FDFFFF
FCFCFD01FE020000
04010301FDFC00FD
FE0202FCFE040201
0402FD01FD0201FE
020003FFFC0102FE
FEFF0003FE01FFFC
0301FC0302FCFFFE
0101FE03FFFEFC03
FD02FDFD0301FF01
FFFC0103FF030301
04010100FFFEFFFE
FE02FEFD000200FF
02FEFF01020004FE
FDFCFE04FFFC0300
FDFE0103000201FE
0600FE0103010102
04030301FEFCFE00
0303FE04FDFE01FF
050302FF02FC0003
020300FD01050302
FAFBFEFA02FD0601
02FEFEFCFEFF0101
00FFFFFEFF020602
FDFFFC03FD000003
000102FE02FF00FC
0200FE00FC010203
00020201FE020102
FFFF0102FFFF0001
000201FD01FF03FE
FBFCFFFD030301FC
FA00FFFE04000202
FDFE03FEFDFF0200
0404FFFFFB00FF03
FF0301FC0000FF02
FF01030100000001
FD00FE0102FCFEFD
FC00FDFF000102FD
FEFA01FE020400FD
FD04FF01FCFC01FF
FDFE01FC01FC00FF
00FF0104FFFE0102
020101FB03FCFE02
000202FFFD0104FE
FF0002FE0300FFFE
04FEFE01FC0303FE
0203010200FDFDFC
FDFE03FD03010401
FFFC00FC00FF0403
FD02FF0001FE03FF
01FFFEFD01FF0300
FDFD0302FD0202FD
FD0102FDFD000102
FE04FE030003FD02
FE010202FCFF0303
0403FDFF00FEFEFD
FF01FC03FFFE01FE
FF04FC030201FDFF
020201000102FFFF
FDFEFF020201FD00
01050204FB01FE02
0107FC040000F900
0000FC0301FB02FE
02FFFF0101FFFEFD
FEFDFC0001000303
00FDFC02FE00FFFF
FD04FDFE03FD00FD
FF00FF00FD01FF02
0204FFFFFD0304FF
FFFD03FEFFFE05FE
020302FF0303FD03
05FEFCFEFE010303
FD03FDFFFD00FDFF
FF02000200FF0501
FE01FCFDFCFEFE03
03FCFEFF00FC0402
FF0000FEFC0101FE
FFFE01FDFCFE0400
FC02FB00FF02FEFF
04FD03FF02FCFD01
FD02020100FB03FF
FC02FF0300030302
FFFFFFFCFEFC01FF
0204FEFE0100FF03
03010205FDFC0203
00060100FF03FEFE
020401FE040402FD
03040000FE02FD01
0200FEFDFDFFFEFD
02FE000001FEFBFE
00000202030103FF
030002FEFB0200FF
FFFF00FE02020103
0102FDFEFC030001
FEFBFFFD000305FD
FF04020101FD0303
0101FF0301FEFE00
FFFF02050202FE02
0202FCFFFEFCFF01
0202000102FCFD00
0500FEFF0302FD03
0201FF06FFFEFB00
01030105FFFC00FF
0103FC00FEFE01FF
0401FBFF0102FE01
0100FE0103FCFDFE
0000020401020101
0302FE05FBFEFB01
0103FE020001FE01
0001FFFD010300FD
FFFFFDFF01FDFB00
03FEFC01FEFD00FD
0400FB00FDFDFFFD
FF0200FE01FDFD00
0404010201FE01FF
04030103FEFEFCFF
FCFF0302FF020003
F9FB00FBFD020702
FDFE00FDFE020202
FD020001FCFF0200
FB0004FFFF0105FF
FB00000000020501
02FF0001010101FB
FCFDFCFDFEFF02FF
FA02FFFB01FEFFFF
FFFC0103FFFD0402
0404FD01FFFCFD02
FFFAFEFD03FD0400
FFFD02FC01FC0202
FB010301FFFCFEFC
00FBFF0002010403
FF03FF020102FF04
FE00FE000303FF01
FE0203FBFB0101FD
0200010302FC0002
0402FE01FC01FC01
FFFE00FEFDFCFC03
FD030003FDFE00FF
FBF900FF02FD0602
FD02FBFDFD010400
FE03FF0200FEFEFE
FDFD03FF010005FE
FAF9FFFBFDFF0303
0103FE0200FCFF01
FF02020200010003
050000030100FD03
0202FE0202020501
04000105FFFE0202
0305FF04FDFCFD01
0002FCFFFEFF00FE
03030302FF0102FC
0301000302FDFEFE
FDFDFEFF000300FD
0004FD03FF00FF01
04010304FF0300FC
0402FE00FFFE02FE
FE020302000104FD
FF000006FDFFFC03
0401FF05FF030200
0000FC00FD010102
FE00FD0303FEFC01
0301FD00FF00FFFF
0004FD00FE00FDFD
02FE0200FF01FEFE
FFFFFC0100FBFE02
0606FE03FFFFFFFD
0407FF06FFFB0003
07030200FFFD0101
03FEFD06FEFC0201
0603010202FCFDFE
02010101FF03FE02
0302FD030200FFFD
00FFFD030303FE03
03010103FF010102
FD02010302FCFE00
0401FF06010101FE
07FFFD02FC02FAFD
00FFFD02FFFFFE00
00FDFD0202000302
00050002FBFD0002
03010200FE0200FE
FEFC00FAFCFE03FF
0101FDFB00FF05FF
04FFFE0201FCFCFF
FF0004FD000201FC
FF02FE0000FF01FB
FCFDFD01FEFD0100
FDFF02FEFEFC04FD
FD0200FF00FFFF01
FF01000200FEFFFD
FAFF01FAFEFF0600
FE02FC00020002FD
0105FC01020002FE
01FC00FEFE03FE01
00FEFFFC03FF0300
02010200FCFC0204
FFFE03000100FFFF
FE00FDFE00020501
FF0101FCFCFE0203
FFFDFE00FFFE0301
FE020301FF03FFFE
0002FC01FD0301FC
0501FC000103FD00
FC010103FFFC0103
FDFEFCFD03FFFFFD
00030001FDFE0203
02FD03FFFB02FC01
FDFA02FEFB0307FD
FD0100FEFC00FDFC
00FD01FCFDFF01FF
FE000302FC00FEFC
FEFB010002030403
060402000103FCFE
0204020203FDFFFF
FEFEFD05FE010205
0704FD0003FDFF03
0205FE040003FF00
0505FC050201FCFC
FF030102FFFF0402
0300FB02020300FF
04FFFCFFFDFFFB02
030003FF01FE0400
FC01FBFCFFFF06FC
0305FD030102FC03
FF06FE00FDFFFBFE
04FE01FE030104FD
FF00010303020302
02040104FD03FC05
00FB01FBFE0005FF
FCFF02FEFFFE05FF
01FB03FBFE0304FF
03FD01FDFBFC0401
FBFCFFFDFFFF00FE
0002FE02FF0305FE
FFFB01FF02020202
0201FD00FCFD00FD
FEFFFF02FFFE00FB
0200FE01FDFCFCFE
FEFE03FDFE0303FE
0000FEFE02FD05FE
0301010001FEFDFF
FEFFFF01FCFF03FF
02FE020301FB0000
FCFE01FC01FF0502
000102FBFDFE0002
FDFBFD00FE0005FE
00FD04FA01FD0300
02FEFEFCFEFE0401
FDFE03FD020105FF
FE01FB00030200FF
02010302FFFD05FD
00FE000100FCFF02
FDFB01FE01FE02FD
FBFBFFFF010105FC
0201FF02FD0201FD
FDFFFE00FCFFFFFD
FD04FDFF00FF05FE
01FF00FEFDFE03FB
0004FEFFFD0300FD
0201FE03FC00FDFD
060100070202FB02
0504FF0303FEF8FC
0003020302FCFF02
00060003FFFEFD03
0202FB05FCFDFD00
FF050203FDFE02FE
070603000200FA03
0204FEFE0102FD01
050200030002FFFF
01000005FF02FDFE
0303FC07FCFC0002
0202030200FCFFFE
FE01FE0503020000
FE02FDFE0200FD01
FDFF0202FD010001
0500FCFFFFFF0004
0302FF050202FB02
030200FE0103FEFE
FCFF01FEFB03FE01
040400030202FDFD
FD0102020102FD00
FF03000203FD02FC
01FFFC0502FE0001
02050202FC0001FD
0201FF04FD00FCFF
01030305FD010102
010302000001FE03
03FE03060203FBFE
0201FB050001FF01
00FEFD0103FDFDFD
0203FFFDFE0101FC
02FF01FF010402FD
FEFF01FE02FF0402
FBFCFEFFFFFD0402
00FA01FD01000601
FE0300FE01FFFEFC
05030005FC030001
FB000201FDFE0301
FBFB01FDFC02FFFB
0104FF02FBFE0403
030101FEFCFFFF00
01020302FF0301FE
0002FF02FCFB02FF
0303FDFF0102FC01
0305FD04FBFF00FD
0002FD00FF0306FE
01FFFDFEFE020200
0401FE00FCFE00FC
FF0601020001FF04
020203FF02FCFDFE
01020002FF03FDFE
0501FFFEFC00FEFF
0402FC040302FD00
0107FC010300FDFE
0103FD00FDFC00FC
040303060000FD02
0201FE03FE03FE02
02040005FCFCFBFD
030701010202F9FF
0001FF0601FF0001
FE020201020000FC
FCFC0103FB0000FF
FDFE0200FF0003FE
FE0400FD02FC01FE
06060200FCFCFD02
FFFFFC060001FCFE
050002FDFEFCFDFF
010400020203FF03
FFFEFE0402030101
FD04FF0300FE01FE
0202FD00FE01FEFE
0103010003FDFF03
FE04FC01FC000203
01FD010301FEFFFF
01000101FD00FEFE
0302FF05FD02FB00
04FEFD02FD00FFFF
0003FDFE01000302
FD02000000030203
0301FDFEFFFF00FD
0400FF06FFFEFF00
0301FEFCFCFEFD03
FBFB03FF00FFFFFD
0204000300FFFF01
FF01000202FF0101
0306FC0304FBF801
0702FD07010200FC
FE04FFFEFCFDFFFE
FDFC00FFFDFCFEFC
0503FE06FC0300FF
FE01010201FFFF01
010100FFFD00FFFD
03FFFEFDFF02FF01
0003FDFFFF010101
02FFFFFDFEFDFDFE
0003FE04FFFE03FF
0601FF05FC00FE04
FF00FD000401FDFE
020101FD0403FFFD
FDFDFFFCFF03FEFE
0204FE02FD050301
00FE00FD00FCFEFF
050203FEFCFF03FE
03FF0300FD0301FE
0404FD04020400FF
03FC00FCFCFDFD01
FD01000201FC03FF
03FF01FF0001FE01
03FF000602010101
FCFFFF0202000003
0300FFFD01020001
0005FE03FD00FEFD
010202060102FA05
040400FF0300FC02
06020102FC0200FE
05070207FFFFFEFE
0500010201FEFD03
0302FEFF020301FF
FF02FC03FCFDFA00
FE030303FBFC0003
FE0100040103FD02
FF02000400010201
0301FCFF03FDFE03
04FDFF030203FE01
0105FD04FCFF0005
FD03FF0003FC01FE
FE0002FFFEFDFEFF
0503000101FEFA01
FF02FD020200FF00
0304000003010101
0202FC00FFFF02FF
03FE00FD02FD0002
02FFFF06FD03FDFD
0300FF05FEFFFDFD
02FEFC0303FE0002
FEFF02FEFBFDFDFC
05040104FFFCFEFC
01040203FDFE0304
0404030300FE0202
00FE0300FFFD02FE
06010104FE02FFFF
0305FEFF0302FCFE
FE01020400FC02FD
0500FC0502FDFA00
04020100FE0301FF
FDFEFEFEFD00FEFF
FBF700FB000302FB
01FFFE00010305FC
FF0203FE03FD0200
FFFCFC00030103FC
010102FB02FB02FE
FDFFFBFF0203FEFF
00FFFC00FEFD0102
F9FCFDFDFCFC02FD
0301000001FDFCFC
010301FCFD00FFFC
FE000303FE00FFFE
FDFA01FF03FC0102
05FF00000200FDFD
03FEFDFC03030103
0002FE0001FF0001
01FEFF03FD01FCFD
FDFD020303000000
050602000201FDFF
00030300FF030104
010402FFFF030003
FFFDFCFF0003FD01
FE0600FE00FDFDFF
0601FC02FFFDFEFE
01FC0000FD02FF00
02FBFF02030001FF
0402FC0001FDFFFD
0403020400FEFFFF
00050201FF01FEFC
0402FC02FD000101
04000002FCFDFF04
06040300FBFC01FF
0004FC01FCFE0101
00FFFE02FC01FCFD
FF04FF04FF0301FC
02040005010001FD
FEFDFDFFFCFF05FF
00020002FD02FE02
0405FC00FE03FC01
03FFFDFDFF030200
FD01FBFFFC0203FF
00FE0101FFFEFDFF
0401FE0301020401
01010405FF000301
FCFCFFFF02FD0303
04FDFDFDFCFFFDFD
FE04FDFFFE010301
0304FB02FEFE02FE
0605040701020102
0702FC070103FD02
04020206FE03FB00
0305FF0102FFFCFE
030301FD03FD03FD
0502020402FD0200
0302FE01FBFCFF04
0304010500000104
00FDFB04FCFC04FF
FFFE01FEFFFE0203
0504FD05FFFD0000
0300FF0400FEFD02
02020201FF03FFFE
04030203FC02FE02
0500FCFDFCFD0302
FF01FBFFFC02FC00
01FFFDFBFE0203FB
02010200FD0201FE
03FEFF010003FD03
FD02010303FF0002
0402FC01FEFC0200
FE03FEFEFDFFFDFF
FDFEFEFD03FE0401
FBFFFFFEFFFDFE00
FE01FD0102010303
0302FF03FEFDFEFE
0101FDFA01FC0602
FEFF00FF000102FD
FC01FFFBFB0202FD
0001FFFE01FDFEFB
FDFFFF02FEFC0300
03FEFC04FFFCFDFD
0207FD02FEFE00FE
0101030101FFFE02
02020202FCFEFF03
0200010000FC0304
FE010000FC02FE03
FE040201FD010404
FE03FEFF01FF02FE
01FFFE0003030202
01FFFEFE02FE0503
FDFB0002FFFE03FF
0501010300030202
05FE020702FDFC02
00FEFCFB03FC01FF
FF06FF00FF04FEFC
0002FEFDFDFFFFFE
FD000001FB020304
03FC03FEFDFF05FF
FEFDFDFE000002FF
0104FEFEFEFF0001
0103FFFEFFFE01FF
01FDFF0000FF04FB
0103FCFF0203FFFD
01020202FC0303FD
FD03FEFD00FE0101
00FDFDFDFDFD0203
000303FE02020301
FCFF0000FF0003FD
FDFEFC0000020201
0202FC03020100FE
0203030300030002
0002FF04FF02FC03
0103FD0202FFFD04
05030203FFFF0001
FF00FF0701FCFFFE
0404FF040301FF04
0005FE0001030004
00020203010203FF
000201FE02000302
00FFFFFFFFFE0101
0603000303010104
0301020202000201
020001FDFE00FE00
0402FE05FC00FD01
02050302FEFD0101
0001FC05FEFD0101
FFFFFDFE00030000
030100FF04FCFFFE
0301FB02FD010001
0302FCFF03FF0300
00FD02FC03FD0402
FFFC0304FE01FFFD
00030304FD020002
010202FE00FDFF00
FEFF020000FEFEFE
02010202FFFD01FE
01050402FEFD0203
0404FD05FBFFFDFE
06060301FD02FFFD
02FE0304FCFF01FD
02010205FDFDFEFF
FAFE00FE02FC02FF
030000FEFC03FE03
0002FD02FE03FF03
000002FC01020302
FCFDFDFA02030400
FCFDFEFD000000FF
02FDFDFE00FFFEFD
020202FE0103FE02
FEFFFDFD03FF05FF
FEFF02F901FF0202
FE00FF0202FC04FF
FEFC0203FF030501
00FF02FEFD0101FD
FF0101020301FEFC
00FDFE01FB02FEFB
FC020004FC03FF02
FC02FCFD01FC02FE
FEFC010300FF0002
FD0201FE02FFFEFE
FDFCFC03FFFE0002
FD0101FEFBFB0100
03FE01FF00FFFDFE
0100FF0301FE0000
FEFF00FF000205FB
000103FDFF02FEFE
03FE020300FFFE02
010302020000FDFE
FC0100FD00FD04FC
FDFBFEFC01FD0502
02FBFDFDFF0305FB
FD00FD0100030601
00FE0002FC000000
FBFFFFFC03FD02FD
FDFC000001FFFFFB
FE00FDFD01FE05FE
0306FC02FCFDFB04
0400FD040201FE01
01FDFDFFFC020102
FF01FF0201020105
01FE0002FCFE0102
01FD00FC010004FE
0104FD02FD00FFFC
FF060204FB01FE01
05020003FE02FEFE
FF02FF03FC02FF00
FFFD0002FD0101FE
030003FE01010103
0704020400030003
0304FD050203FD01
0204020201FFFF01
0200FB0600FEFC04
0204FCFFFDFE0201
00FF000302FD01FD
FEFEFEFAFCFB07FD
FD00FDFE02FD0001
01FFFCFCFFFC0103
000003FF00FCFFFF
FD01FDFCFCFEFDFE
FFFE00FCFBFEFE00
FD01FC02FCFF03FD
FDF904FD03FE08FC
02FF0203FEFEFEFD
FAFD01FF02000503
02FFFD03FD02FF00
FD0002FF03FC03FF
04FF0104FF01FE01
01FFFF0000010300
FEFF03FEFBFCFEFC
FEFF03FFFDFD0600
02FD03FC01010000
FF02FE05FCFD0301
FD0201FCFCFC03FF
FE03030103FF02FD
0003FEFE01FD01FD
FEFA030100FE02FE
FD0200FF0101FF02
FBFDFE00FC0204FF
FFFCFDFCFF0300FB
FAFD01FAFE000102
FDFFFEFDFEFD0101
0303FE02FDFC0001
02FFFF0301FC01FD
01FF00FB03020003
030402030004FFFF
FE02FFFFFC040603
F9FD01F9FDFE0002
FF00FF0000FEFDFE
01030201FEFD00FE
FFFF0002FDFF0303
FDFAFE00FCFF04FF
FCFD04FA000102FE
FFFFFEFBFB0104FB
FDFF01FB030105FF
02FE0303FFFF01FC
0302FEFFFC020102
01030001FF01FDFD
FFFEFD0100FC0001
05FE00FE0103FCFE
0202FD0202FD0001
03FEFD010001FFFC
05010003FF00FC03
0503FE03FFFDFE04
FFFEFF01FC010300
FF000200010002FF
FD01FEFDFEFD0301
01020302FFFFFEFC
04040005010201FD
0102FE0100FF0204
FBFCFC00FC00FEFE
FBFD03FA02FD02FE
01020303FE01FD00
030403FDFC03FC00
02FDFE01010203FE
FEFDFF03FCFC0201
0401FC04FEFD0103
FEFF0202FD01FEFF
FBFBFDFEFFFF01FD
FAFE00FD020201FD
0101000400FEFE01
020002FF030206FF
FFFDFE03FF040302
FF0000FD00FE02FF
FC0000FFFC0304FC
FD00FD0002030200
FFFC000001FE02FE
01040104FD0100FD
0201000102FF00FD
02030000FFFBFE01
01FC000203FEFFFF
02FD0301FEFE00FF
FF0001FDFD02FD01
0700020002FD0000
FF010104FD00FF01
0000FE0100FF03FD
04FD00FDFC00FCFE
02010004FF000102
FDFD000202FE03FD
00FF02FFFE00FF03
0100FD0102FFFE00
030401FFFF010202
0402FD03FE00FF03
0301FD03FD01FD02
0101FFFDFE03FE01
060201020301FA02
FCFDFC0000FD04FD
00FDFF03020303FE
05050302FE02FD01
FE01FFFE01FFFEFE
00FC01FC01FD0400
02000102FBFEFC01
02FCFE0101FB0100
01FCFEFBFD030302
FF000000FDFB0201
FBFC03FD02FD05FF
0002FFFEFC0300FE
FCFEFD03FD0105FD
00FE0002FDFDFD03
FCFCFD000302FF03
01FE030402FFFF03
04040000FEFCFDFF
FEFAFDFB02FD0002
FFFE01FDFF0402FE
FF0202FDFD0000FC
0302FE0700030002
0404FC01FD02FB03
0400FC000202FA00
0502020001FBFFFF
02FEFD01FD030004
03FF02020001FB03
01FDFDFD01FEFDFC
06010205FE01FE02
07060201FB03FF04
0305FE0203FEFF02
FD03FF0301FCFDFE
06030204FF01FF03
0707FC06FCFCFC03
04FEFD01FC0200FF
0302FC0303FEFEFF
0002010100FD0101
020201FFFDFEFFFE
0203FDFCFCFD0401
FCFCFE0101FE05FE
01FFFEFDFC010200
01010005FD02FE02
FF000002FEFB0000
0400FE020003FB03
FD00FCFFFC0301FE
FEFFFCFDFEFD0500
FA0000FFFF040502
FDFF0000FE0104FD
01FE01FD0002FDFE
0002FEFC02FDFE02
01050005FFFDFCFF
04FEFE0301FFFD03
0100000200FE03FD
0100FDFF0302FFFD
FF040304FDFE00FF
01020202FEFDFF03
0403FCFFFD02FE00
FD00010000000302
FEFE010101FFFFFF
FC0003FF01020101
02FCFCFDFE010200
03FFFDFF01FE00FE
02FD0102FF010001
0302FF0101FC02FF
FE04FDFFFD0102FC
0500FD04FD010004
FBFD010100FBFFFF
FF0403FEFCFF0300
0100FDFD00030301
FD01FF05010103FE
00FEFEFEFEFCFEFC
FEFFFDFD02FE02FF
02040200FEFD0202
01FEFBFE04FC0303
05000102FBFC0203
FE010304FCFCFEFD
0103FE03FCFDFDFE
03050303FCFDFD03
0401FE04000100FF
06030104FDFDFFFC
FFFFFF02030100FD
0003FE0102FEFD01
03040100FEFC03FF
0301FE06FE03FB01
0701FCFF03FEFB02
FFFFFFDC00000019
FFFFFFCFFFFFFFFD
00000011FFFFFFF2
0000001CFFFFFFE9
0302010006FFFE02
FE000403FC020103
FEFE01FC0405FC04
010000000405FE00
000200FEFE00FD02
FAFC0001FA0003FF
FF02FE03FDFC0002
0205FC04FDFEFFFD
FF07FCFEFFFF0103
FDFD03FC00FC07FC
0002040202010203
FE03FFFDFDFF0001
010102FD0503FCFF
010201030204FDFE
FD0203030200FDFF
0201FBFE0304FFFD
FF03FF0303020001
0203010102FE0300
0100030002FC05FE
03FE0002FD0003FF
0500FFFDFD04FEFF
FF0003FFFDFFFFFE
FF01040302FD02FC
FD0302000101FCFF
00FD030001020001
FB0202FFFDFC0103
05FE00FC03FEFF02
FF03000200000300
00FF010402FF0403
FF02040103FFFD00
00FD00FEFF030101
04FFFFFC01FD0201
0105FEFE0105FCFF
FD05FF01FE03FC02
FF0001FCFDFC05FF
0205FC00FDFFFE00
0203FDFE05FD00FD
02FF01FE02FE0402
01000300FEFF01FF
FDFFFD0301FC00FD
01FC05FE00FAFF01
04FC050201020404
0400FAFF0207FA00
00000402010005FD
03FF04FCFE000502
FE000601FFFDFF00
0405FE0202FE0303
02FFFF03FD02FC02
01FFFFFE010103FC
02FE010001FD0000
FAF90600FDFA07FC
FEFB030102FB0303
03FDFDFC03020301
010301FCFF0300FF
FE00040100000202
00FB02FD00FD02FF
02FD01FD02000002
FDF90301FFFF0300
FD0500FF04FD0000
FC0000FFFC000204
FDFF030002020002
FEFF01FDFEFFFFFC
05FF02FE0204FC00
FF000401FE00FF00
FFFD0304010205FF
FE01FF01FF02FF04
FDFFFF02FFFE0300
00FB0402FCFB0400
0100010101FF0303
FD02050001FB0403
02FDFD04000304FC
FEFD010302FC0103
FCFEFEFDFFFF0302
02000000FF020501
0203FD0003FE02FD
FBFD00FDFBFB0002
FDFB0404FFFE0600
01FD0301FFF904FD
FEFF040002FAFF05
FBFC0003FE020303
0306FD030306FDFD
01050101020201FB
FF05000304FFFF03
0003FE020200FCFC
00FFFD030003FE00
0002FFFB01FE0203
0001FD010102FF02
040000010104FDFD
0104FE03FF000100
0104FE02040300FC
0203FDFFFC00FDFC
060102040005FDFF
01FE00FDFE04FC03
0501FFFF0101FB00
0202FF01FF04FC04
02030200050000FF
03FC030203FD03FC
FDF803FEF9F70200
FEFF0503FFFEFE00
0106FF010204FF01
FAFA0602FCFC0201
FDFBFFFE010101FD
FFFC03FFFEFC0403
FC0202FC00FFFEFE
00FCFE00FEFD0403
FFFD01FCFE0103FC
FAFE0201FBF902FE
FFFD040203FD00FF
FB020003FFFB0304
FE0300FE03000401
FDFC05FE02FC0000
0101FFFEFF04FEFD
0100000003FD03FD
F9FB0300FC0006FE
FDFE02FEFFF708FF
020402FC0001FE02
01FF0300FF0002FC
01FE00FD00000103
FB000003FCF901FD
01FA00FCFFFBFFFE
FD01030101FF0604
02FE03040400FCFF
FEFFFC0203FD0102
FDFFFFFDFFFB0500
04FFFEFDFE0100FE
FCFE00FD02FF0002
04FD000302FD0302
0202FDFD04FD0001
00000000FD020301
FDFDFF03FAFFFF03
FCFA02FCFCFC0404
FD040102FF03FD00
FFFC06FEFD00FF03
00020101FF00FF02
FBFDFEFCFFFE0302
FEF90200FCF904FD
FF0105FEFAFD0404
FBFCFFFBFFFC0002
00020501FFFD04FF
FC00050102FF03FF
01040001010302FD
FF010602FEFA02FE
FD01030003FD0000
01FBFEFFFF0101FE
03FE0100FD01FDFD
050000030104FC03
00040001FD020100
0203030003FEFCFD
FE0201FD02030102
01FB010003FCFF03
FF0200020303FDFF
0400FFFE02020301
020302FCFE02FBFF
02FC0301FD010401
FFFE0100FEFE0401
0501FB030006FDFD
0406FFFE06060103
0101FDFEFC00FFFC
0005FEFE05FF0103
0500FBFEFF05FC02
03FE020100FD04FB
FCF802FCFEFE06FE
01FA0503FDFE0100
FFFE05FC00FDFE02
FF020202FC000103
FD0204FDFBFC04FC
FB02FE0101FD0400
02FFFEFFFCFD03FC
FE0304050302FDFC
0104FE02FD010202
03FEFB01FE0502FD
FF030302FCFC0201
0303FEFF03FEFF01
00040101000304FD
0104FE02FD02FFFD
FFFF04FC020301FE
0103FDFFFE000300
00FF02FFFDFD01FE
FCFC02FCFF030000
01FEFEFF01FD01FE
FFFD0404FEFD01FC
FCFD060300FF04FD
FEFCFF00FDFC02FD
FF00FFFEFCFF0100
01FD03FDFD02FF00
FFFD0101040303FE
FFFFFFFFFF010304
000004FFFD00FF01
FDFC000003FF02FF
FCFFFDFDFFFF0002
FFFBFFFFFDFD0003
FD00020001FFFDFF
0201020206FF0101
0301FCFDFE0401FD
0300FEFFFBFE0301
FD000200FFFF01FE
0100FC04FD04FE00
FF0200FF01FF00FD
FB000602FBFE01FE
FCFB010004FC0100
FFFD0001FE000403
FD0003FCFE010103
01FD04FC01FD03FD
FEFDFE040004FFFF
020200FFFFFFFEFF
00FC040100FE03FC
FF020102FF04FDFD
0402FE00FDFD0100
04FD04FE01FE03FF
070300020102FDFF
0302FEFC05FFFDFF
00FFFCFF0405FFFE
FF0103FDFF02FE02
0504FE03030600FC
0602FDFCFE06FD00
0202FE00FE02FD00
0303FE040101FF02
0403FF00030001FD
010501FEFF04FD03
0002FC02020501FF
FDFEFD0104FF02FE
0405FEFC01FD02FF
0400FFFD010200FD
0301FDFF0505FDFF
03FD0001FF040302
FFFE00FC0003FE01
03FF00040503FBFF
FD03FFFCFD000301
FB0205FE00FB03FE
0303FBFF0006FBFF
0803FCFE0203FBFD
FE0100FC00FFFCFE
FBFBFEFF020200FC
0305FEFB06070001
0305FBFE0707FB03
FFFFFF00000002FF
FEFE02FB0304FE03
FDFEFEFEFF01FE03
01040402000202FD
0304FE030301FDFC
FFFEFC0401FFFB03
FD01FEFD02FF01FF
FAFE0600FEFB02FF
00FE0302FFFC0403
05FEFEFE0101FEFC
0404FF00FF050200
FE0104FEFEFC00FC
00FDFF02FCFD0403
020104FF00FB04FF
FAFD0302FBFB0403
FD00010100030000
FEFF010200FC0002
000103FEFFFDFDFC
01FC00FCFDFA0303
02010200000101FD
FCFD0402FCFF0300
02FFFC0402FFFE00
000003FFFD0402FE
010302FD0404FDFE
0205010301040001
010102FEFF05FFFE
FD00FFFE03FCFE00
020304FEFC0101FF
FEFFFD020305FCFE
01000002FCFF0102
FDFE03FDFEFF00FC
FEFCFF0001000402
0100FEFD05FEFF00
010501FE02040202
03040200FF030400
03FE01FE02010100
020401FC01040001
FDFF000101FF0200
F8F907FDF8FD0403
00FB0401FBFE0700
FB0106FC01FA0601
02010302FE0001FD
01FC03FCFFFBFE00
0404FF000404FDFE
0300FFFDFEFE02FE
02FC0500FDFCFF01
FEFE02FC02020000
FFFF02FFFBFD02FF
FAFD01FF00FC0601
FFFE04FFFFFB0600
01FFFFFC05020303
FDFE050203010203
FD0103FFFFFEFF03
FEFE0203FD0305FF
FDFD06FD00FD04FE
00FD0600FAFF03FF
FFFE00FE04030003
0102FFFD040302FF
0300FCFC0404FFFE
FC00FD03FF01FD03
FF0002FE0101FEFF
FFFD04FD0002FD02
FD0100FC01010203
FF0102FD030501FD
0003020003010200
FC0000FDFFFEFE02
FDFEFEFDFCFC0301
FEFC0000030300FE
FCFFFEFB00FEFE02
FDFE02FF03030200
FFFE0200FEFDFCFE
00040000030300FB
0402FD00FF0101FF
FE02FDFF0402FBFB
0003FB020501FF01
04FF0100040002FE
FEFF0303FE0300FF
FE01010102FE01FD
0406FC000804FCFF
0301FC020401FCFF
0304FEFEFE03FF00
00FF030002FFFDFF
02FF02FE01010402
01010202030103FF
00000400FD020204
00030403040304FE
01FBFEFEFBFD0002
FF03FDFC0303FF02
FE0401FF0503FDFE
FF0401FCFCFF0402
FBFC02FB00FC0500
00020502FC000201
FEFE020303FFFE01
03020302FD020403
03FC0202FFFDFE03
FE0005FCFE02FF03
03FF040101020001
FE000102FFFE0400
0000FFFD010104FD
00010503FFFC0201
FEFE00030403FFFD
0104FEFD020501FC
FFFFFCFD06000200
FC0201FC0204FDFD
FEFFFEFF01FFFF00
0300FF0205020001
0503FE0200040302
FF0000FF01020100
02FE00000302FF02
0304FDFEFFFEFC00
02FFFC020405FDFD
02FB0601FAFC0402
FD00FF010002FE00
0002FFFD0400FF03
FE01FFFD00FD02FF
FFFE04FCFF020104
FFFF0102FE01FDFF
0706FE010107FBFF
0601FC04FF06FFFC
0305FF000103FD00
0605FE00020201FE
00FFFD000404FEFE
FEFEFE0003FE0201
000000FE04010102
040101FCFD05FFFC
050402FEFF0000FE
FCFC0400FCFC03FC
03FEFFFD03FFFAFF
FEFF01FF00010103
03FF000302010200
FD00FF000103FDFE
FD0300FC02020203
030500010305FB02
000202FBFD030203
FEFE0100FA0007FD
00010500FC0200FD
FDFEFF01FF020202
01FF0503FDFB0400
01FB00FEFCFB0102
FFFFFDFFFE030203
0101FF01FFFA0302
FEFF0602FBFB0303
FC000000FDFF01FD
01030202FE020301
FEFA06FDFAFD0300
FF03020002FDFE03
FFFE0101FD020700
00FD050203020501
0205FFFE0004FDFC
FE03FCFE03000301
020005FEFBFE0401
0306FBFE0002FB01
0403FFFF010100FE
020003040203FD02
0000030404FDFFFF
FBFA06FEFDFA01FD
00FD000000FFFE02
04FE040300FFFE01
FDFB03FCFD020402
FFFC05FCFCFC0100
00FFFFFC050004FF
01FE040001FD0200
00FEFD03FF000101
03FEFFFEFD02FEFF
0205FFFE0302FE00
010101FD0000FFFD
FF03FCFF00010001
0000FEFC01FEFC02
0400020001FFFF01
020300FE0300FFFD
040400010306FFFE
0602FDFC0607FDFD
06FF0102FF05FDFF
03FE02010201FFFD
0100FC0005020102
06FF02FD00FF0100
01FEFCFF01010100
02000102FFFE04FC
FF020002FF010001
04FE0100FFFD0100
0004FD03FDFFFF01
060101FF030200FE
0200FD0204060003
0402FD0406040102
0503FAFE0207FFFC
FF03020304030201
0106000002050302
0402FFFF02020100
FF06FC0000030002
0105FFFCFF03FFFD
02FD030302FDFEFC
01FD02FE0203FEFD
0704FFFD020200FF
0701FE020403FB00
0003FDFD00FDFF00
03FDFDFF03010100
0105FD020503FF03
FE0005FF03020204
FCF902FBFBFB0302
0000050200FE0404
0403FDFF040400FC
FFFE0403FBFF01FE
FCFF0400FBFC06FC
03FB03FEFB0001FF
FFFDFFFEFDFF0203
FE0002FEFFFE01FD
FF02020002FE0502
FCFE03FFFAFB07FF
FE020202FF000401
00030402010402FF
FCFB02FD03FE00FC
00000101FEFD0202
FC000002010100FD
FD01FF040302FFFE
010102FE000103FF
FD0103020002FF00
00FFFE0000FE02FC
03FB02FEFEFB0200
000001FEFF020002
04FFFE030003FEFE
FEFF0200FD010104
FFFC000001FF0404
FDFD03FE02FFFF01
FE030004020001FE
FEFB0102FE0005FE
FEFE0300FD0100FC
FC010303FEFF03FD
03FEFEFE02020502
01FEFFFDFFFB0301
0405000306050102
0103FDFD030402FD
000301FE040201FB
040001010005FA03
0504FEFC0002FA03
040200FCFE0700FE
FFFB03020000FDFD
0101FD010403FF03
020200020303FBFD
FD02FFFCFB0000FE
FEFCFFFFFA010101
040700FC0006FEFD
0203FDFE0202FFFD
04FE04010204FF02
FF03FC0100FF0100
0304FE0005FFFDFC
FCFF04FD020000FF
FBFE0202000007FC
FCFA02FC02FB0200
020003FD02FD05FD
FCFEFF0200FE0603
02FF0601FBFD0000
FC010201FFFCFF02
01FD03FC020102FF
FB0200FCFEFF0603
060301FE010602FD
030101020303FDFE
FEFF070000FC0601
04020001FEFC03FF
FEFD040101F90404
FEFD03FD00FE0202
FEFC00FF01FF05FD
020005FCFC020301
FD02FF02FC0001FD
FCFC04FDFCFF0103
FC00FF01FCFD00FC
03FD06FC00FF0402
01FC04FFFBFC05FF
020301FC0400FE01
FD0201FF0300FE00
00FC00FDFDFAFFFF
FAFF02FCFCFB0203
00FF0003FE010501
FBFD02FFFD010500
00020503FFFE0300
FBFD030302FE03FF
FFFDFFFEFF040002
0201FF00FD02FCFD
0201FD0204010101
0708FDFE0704FBFF
050102020006FEFC
0505FC01050002FD
FF05FD0300060101
04FFFEFC0403FFFE
0406FDFF0404F804
0305FCFD01040103
03FEFF0202FF01FC
0003FDFE0002FEFD
0702FBFE0007F8FE
0206FBFE0503FCFF
FFFFFC0106FF0202
0003FEFFFF040101
FD02FF030000FE02
0002FDFF050602FE
030401FF0407FC00
0403FDFC00FFFE02
FEFCFF0000FD0300
FE02FD03FF040001
020004FD03FFFC04
01000201FF00FF01
0305000205FF0003
0404FEFF04FFFF03
030300FF03FEFF01
0106010203FFFBFD
050001FEFE05FDFE
0406FDFF0201FC00
0201FE0005000102
FD00FF010000FDFC
FE01FE020003FE04
01FF030200000301
01FC01FFFCFF0502
FC000101FCF90602
FBFB0601F9FB03FC
FCFD0102FE02FFFE
0303FFFEFFFEFF01
FFFB06FDFAFA0001
FEFB0202FAFF0402
030201FEFF03FDFC
00010303FFFEFEFD
FFFF010304FD03FF
020404030100FF03
0001030002FE01FC
FF04FEFEFFFD01FD
02FE00FEFDFF0001
02010000000200FC
FF020001FE02FE00
0102FB010402FFFD
050201FD04040001
05FE02FFFE0002FC
FE0202FDFF0300FC
FE0302030101FDFF
0507FB040700FCFC
040302FE050400FF
030101000505FFFE
020004FFFF04FE01
0601FE03FF00FCFF
030201020703FBFC
0204FD03FF0503FE
03040300FD04FEFC
FE0102FCFE00FFFF
0301FDFE000203FC
030303FFFE000202
0301FB010200FFFF
FF0501FC0405FFFD
0304FCFF040200FC
FFFFFC030205FDFD
02FF0300000300FD
000002FD000300FF
01FF01FCFD0002FD
FF0700000002FD00
04FE01FF0301FCFD
00000200000001FE
FEFE0202030103FE
0401FC00030601FD
0306FBFE04050102
03FFFF00FF02FDFE
FD03050200FCFEFF
0002FCFC01FEFD03
0505FC030703FBFC
030301FF0404FF02
FE0101FF01FE02FF
01010203060500FF
050400FD0003FCFD
0102FE010407FBFF
030201000301FD00
02000403020201FB
010102FEFCFFFFFC
0102FBFF0705FBFF
01FFFEFC0102FBFE
040502FE060401FF
03FDFD04FEFF00FF
FE03FD01FEFEFD01
FFFDFF01FEFB0002
0303FC030104FEFE
0305FEFE030602FF
0303FC0302FE0003
000100FC00FE04FD
04FFFF0000FE0403
010202FD00FEFEFD
FFFEFE030004FE03
010401FE02010304
030200FF04FFFF02
FF00FB000405FEFC
FFFDFEFC04010001
02FDFDFCFB010400
FF02030102FEFE02
000300FE0303FF02
0202FDFD04000401
FE01010200FEFEFD
FE0400000101FC02
0006FB010503FDFD
0502FFFE010502FC
0500FCFF0405FEFF
0008FEFD0501FCFD
FF01FB020401FDFD
FF02FD020105FCFC
FFFFFC04FF03FFFD
010301FFFE03FCFE
0104FE0005FEFC02
FF06FD0200000203
020102010600FFFE
0501FD01000500FD
030301000006FDFB
01FC0402FE01FF00
0202FCFE05FD02FF
0507FB020701FCFB
04FEFAFD0102FBFE
0100FD02010000FB
02FF02FD00000101
020102FD04FD04FE
0503FF040102FB00
0305FEFE0501FBFF
FD010103FDFF00FD
0001FD0101FF0403
020103FD04040302
000501FFFE040002
010102FD00FF01FE
040500FEFF0300FE
05FFFC02FE02FB01
030502FEFF06FD02
03FDFFFCFD0304FE
040400FE0605FF03
FE02FC0005FFFCFF
03FF02FF030305FD
FDFB05FDF9FB0501
02FB030201FE04FD
FF04FE0302020200
FEFD0101010103FC
FFFD02FC02FBFE00
00FE0401FE030502
03FD0200000301FC
FAFD0600FEF90601
0605000304FE0001
FE01020303FFFEFF
FF02000301FD0302
F9FA050300FE0502
0103FE02FD03FE00
03FD01FF04010101
0505FBFFFFFEFCFD
010402FE05040001
FE04FEFC0203FD02
0304FF020500FEFD
0006FBFE0102FE01
03FDFCFDFFFF0201
FEFF03FBFFFEFF04
0205020101FEFCFF
0606FC02040001FD
FDFFFF0103010703
FF0103FFFDFE05FE
03FFFC010501FE00
0302FFFE0308FCFF
010602010504FFFF
0504FEFF010201FD
0005FCFE0205FA03
0305FDFD0101FC03
0406FF01040000FE
040102040203FE01
0006FCFE0102FFFD
0605FB000502FBFD
FDFFFDFDFC0202FC
02FE0002FCFB01FF
0102FCFC0406FBFE
040303FE04040002
FBFC0402FDFD0202
01FE02020100FFFC
0203FE010100FF03
020502FD010000FD
FEFCFD02FEFB0501
03000302FF020502
FE030200FFFD02FD
00FF03030002FF01
0204FCFF02000001
0605FD030102FE02
FE060100FF040200
0506FFFD0303FFFF
020301030400FF03
FF0102010401FD00
000301020704FE01
030400FFFEFF01FE
030302FC03000100
0003FF030200FEFD
01FFFEFD0204FB01
04FEFD0002FEFEFE
04FFFFFD00FEFB03
FEFFFF0101000203
FF03FFFE0101FE00
020303FC040401FC
01FF03FFFD000502
00FC06FF01FD0102
FBFDFF00FFFC0103
FEFE010200FEFE01
01FEFD03040402FD
00FFFE0100000001
02FB03FD01000302
0203050100020002
02FDFF01FCFE04FF
0301000205FD0002
FFFAFFFEFBFF0300
0100FE0102FE03FF
FE02030001FEFF02
FDFF03FB0002FEFE
FEFD010402FFFF01
02030301050502FE
050100FF0406FFFD
010601000306FC03
FE0402020204FC01
01FD04FE010401FE
03FEFF03020204FE
01FC04FFFDFF02FF
FF01FCFFFE0001FD
0400FE020401FF01
FB01010001010202
0100FEFDFB020100
0502FD010304FCFF
0101FBFD02010101
00FE00FEFBFB06FE
0202FF0004010001
FEFF01FF04FF01FF
FE020102FDFFFDFE
FFFDFF01000102FC
030201FB00FF00FC
030204FB020101FE
020104FCFE0000FD
FEFB0203FD01FFFC
0101FDFDFE02FF02
0103FE02FFFF03FF
0302FFFF0100FEFF
FF01FD01040101FC
FF01FFFCFE0101FC
01FE03FE00FF0003
000200FD02FD01FF
03FE0401000301FF
FD02FEFE0302FCFE
03050203FD04FEFE
0002FE02FF05FE00
0305FBFD0201FDFC
0705FCFE0200FF00
01040000030400FF
040100020205FB02
010102FFFE0103FE
FDFB04FE02FC0304
000400FE0504FD01
020201FD0102FAFC
04FFFFFE00000302
0101010100FFFE02
FE02FC040305FE00
0005FEFE0202FF00
0103FEFF040201FF
FEFCFDFEFE01FEFD
040502030304FAFF
0300FDFDFF030201
0402FF010201FEFF
FF000002FCFD04FD
FCFF010003FD0100
03FFFFFE0303FCFC
0105FD020406FC02
0201000002000003
020500000001FBFC
050000FC030300FB
03000000050501FD
0203FE0002FFFEFF
FD03FDFF00FE03FF
0500FF0103FF0002
FB02030303FE0501
FE02FE00020004FD
01020100FF03FE03
FFFE0200FF0203FF
01FE0502FDFC0700
FDFA0103FEFF0403
FEFD0002FEFE0402
FEFEFD00FFFDFE00
FCFDFFFDFCFB01FE
F9FD0700FDFE0101
FDFD050201FD0201
FDFB04FCFDFE03FD
FFFEFE0204FFFCFD
FF0000FEFDFEFE02
FF010002FCFE0000
020401FEFFFC01FD
FC02FF03020203FF
FAFB000202000302
FEFE05FCFDFF0300
FCFF010003FCFE02
FE0204FFFB020003
03FF00FF010104FB
FD00FDFFFD0305FC
FE03010101FC0001
020204FFFF0100FE
FF00FFFFFFFFFD02
FE02FE02FD02FE02
030002FEFDFD04FE
FEFF03FC02FF04FD
01010000FDFB0402
02FD0400FEFD0601
01FF0500FDFD01FD
FDFDFFFCFBFF03FE
000104FC010100FE
04FFFFFEFF04FE03
010701FD040102FC
02FFFC030301FEFE
020003FEFD000302
FF0103FF04FF01FF
0102FD03FF05FCFF
FDFEFE03FCFE0200
010300030303FD03
FF0700FE0007FFFD
FF03FF0201FDFF03
0001FCFBFFFC0100
01030400FE0302FC
0303FE020004FFFE
0402FA030206FCFC
03FEFF0101FF01FB
010201FE0102FF00
0003FD03FEFF02FC
FF0000FC00FD0000
01FF01FEFD0006FD
FAFE0300FEFE0401
FCFE01FE0201FF00
03000403FD0001FF
FD050203FEFFFF00
02FB04FE02010402
FDFE050101000401
04000303FEFEFEFB
FFF905FEFBFE0104
FDFE04FB0304FD02
FCFA0502FD0000FF
01FE01FF0203FEFC
01FE0402FAF90102
0104FBFF0406FF04
020501FB05FF03FD
0001FFFDFCFB02FE
FFFE0000FBFB0000
FDFB0102FFFE0500
01FEFD00FF03FF04
00FE0501FFFF03FD
0202FDFC0103FEFF
FEFEFCFC05FE0302
FF0005FF02FA05FE
FCFF010300FD01FD
FDFB0601FDFA0403
00FE03FDFFFE02FF
FB0106FCFEFC0102
FF040304FF04FFFC
FFFE00030303FFFE
FB030402FBFF03FD
04FC0100020300FF
0402FEFC02FF02FE
0100030201FB02FD
FEFB0800FBF904FF
FD01020002FEFD03
0403FD01FF0100FF
010302FE00FDFE02
FEFC0300FCFB04FF
FCFBFE01FFFB01FC
FEFB000200020102
FAFB01FCFFF804FD
FFFC02FC03020302
02FD04FD010001FC
FD0001FDFF02FE03
FEFC0001FE0101FC
FF05FE04000600FC
01FD030002030303
04FD04FEFEFC0401
FF01FEFC0007FD00
0107FA030501FAFC
0502FFFF02FDFD02
0500010103030202
FE00060100000201
02F9FF01FAFF03FE
0100FE0206040101
FE03FDFDFE040001
FFFE0000010303FE
FCFB0601010107FE
0001FF00FE040402
02FFFCFF0000FF03
02FDFDFD02FE01FE
FE0402FD04020103
FF020001070601FD
FE0404010001FF03
F9F90201FCFA0303
FBFB0500FEF90401
FE04FCFC01010301
00010301FD0002FF
FDFF02FFFEFE02FF
FC00010200FDFFFF
FEFEFFFC01FF0202
020100FDFFFC0301
FEFC02FD00FCFE00
FFFEFBFB0005FFFE
FF0204FDFDFD0200
0201040103030000
FEFCFDFFFE0001FD
FFFF03FFFB010503
FD04FEFF01010303
0301FD04000102FF
FDFFFCFDFF05FDFE
FD0005FD00FF0101
0500FCFC0500FD01
01FFFEFD02FFFC01
0003FFFD0304FD02
FD02FE00FFFEFD01
FF05FD000300FC03
0302FF010100FFFF
00FE00FFFC0003FC
FF0200030102FDFC
02FDFD00020200FE
FF03FD040507FE00
FFFD0102FCFE03FE
02FD05FFFCFFFFFE
0402FF03040500FC
FEFD0203FFFD00FC
01020204FEFC02FD
03FEFFFE03030003
FF01000203000004
FCFF0200FDFE0100
FD04FD03FFFF02FD
FDFB06FDFEFE01FD
02010202FF03FD00
FDFC03FCFF00FFFE
FDFF00FE0001FD00
01FA0402FEFB0402
03FE00FE05000302
0200020003020300
FF0002FEFBFF0400
FD00FFFD02FF04FF
FE04FFFC01FF00FD
070601FE0505FB03
0307FBFE0003FD00
02FFFA030106FCFE
0101FB000303FCFF
010002FF0402FC02
0306FB0203070002
01FEFEFEFEFE0103
0300FF030405FAFC
0702FFFFFF0700FB
01040002FF010100
01FF02FE04FE01FE
000401FE0503FD03
000600020306FF02
020203000604FE03
030200FDFD000001
0505FD030200FAFD
01FFFE02FFFE03FC
FF0104FFFF0000FC
FF0201FC030200FF
03FEFFFE0204FEFD
0202FCFFFEFF0302
0005FF020005FFFD
010400FE020402FC
FEFCFDFD0101FE03
FCFD020402020200
FCFE020302FC0700
FCFE0400FDFA0300
0202010000FD0003
FC0201FE040201FE
0501FCFE01FEFCFF
0401FEFE01FEFDFD
0103FF0004FD0102
0203010002FFFF02
04FFFF0400FFFD00
020402FFFF0302FF
01FF0300030100FD
0104FE02FF05FFFE
0404FDFDFF0201FC
FCFF00FDFBFC0400
FEFE01FE0300FF03
0202FEFC050302FE
02FF0103FDFE0503
000003FDFE0202FC
FE01FFFDFE00FE02
0304FD0000060002
FEFE05FDFCFF0101
FE030300FEFF0101
0102010104FE04FF
00FFFFFE00020003
FFFDFDFFFCFDFEFD
FFFD04FE0100FD02
FDFF02FE00FF0302
03FEFCFFFF05FCFE
01FF020102FEFC00
020401FCFF05FFFF
010102030505FE03
0205FBFC000102FC
0304FE0101FF0200
030000030506FB01
050203FD010403FF
01FF03010205FDFD
FF02FDFF0602FE02
0205FDFF0702FB03
0404FBFE0205FD00
FFFFFFFAFFFFFFFC
0000000500000012
00000003FFFFFFE5
0000001A0000002A
04FD000101FFFFFF
03FE03FF00010304
0301FF0401030303
02FEFD040100FF04
010301050202FE01
FC020001FE01FBFE
FCFEFEFC00FD0001
02FD02FEFC02FD01
FE00FF0100FC0200
00FEFEFD0302FE01
FCFF03FDFF03FDFD
0002FBFDFCFFFD01
FF02FD06FFFDFE04
FEFD0402FE00FC00
0102020302FC02FF
04FDFE03FEFDFFFD
0200FF04FC0003FF
05FCFD0001FC00FD
FDFFFDFEFEFD0301
01FDFB010101FC01
00000204FEFE01FF
00FF0203FCFDFEFF
02FDFE000102FE03
03000204FC01FD00
01FF00FC01FF02FD
FEFE02010301FF00
FE02FF0503FEFFFF
02FFFCFCFDFFFC02
FD02FD02FFFCFEFD
02FC00FCFD00FEFE
0000FCFB03FC01FC
00FC02FCFFFFFEFF
02FE020202FFFEFD
0302FD05030304FE
FE0303FA03FE00FE
FF000103FF03FDFC
FFFF01FE00020303
FD040101FD03FC04
02FD03FDFF02FDFD
FEFCFB030201FFFD
02FEFD010201FF01
FDFDFCFF0001FFFF
03FEFD030002FEFE
01FCFD02FFFC0100
FD03FEFCFC0200FD
FFFF01FBFE010002
FDFF020400FE0203
0101FF00FC000002
04FD0302FF02FD01
FC01FEFB03FFFBFF
FFFC03F9FF02FE01
FD000301FDFB0003
FE0003FF02FEFE00
0102FE0400FCFCFC
FAFEFDFD0002FEFC
02FDFD0100FCFC00
05FE0100FEFEFF03
FD01FEFEFEFDFCFC
0001FC0000FFFCFD
02FEFEFEFEFDFDFD
FCFE03FFFDFEFFFD
02FE00FE01FCFC00
01FC0003FC040303
0403FC02FD020302
FD01FEFC00000304
0101FF02FC000301
FDFC0304FD01FF02
00FF0101FD00FFFC
030300020202FC02
FC01FDFE00FE02FD
000000030202FC00
03FFFEFF000000FC
FF030003FEFDFD00
02FF020202020003
02FCFEFF0203FDFC
FD02FD0100FC0202
FEFFFEFCFF00FEFD
FE0000F902FC0100
FD0003FA0300FDFC
FFFF02FC03FF02FC
FD02FDFF00FF00FF
0402FE03FCFCFFFD
0300FC03030200FE
FBFEFF020202FEFC
01FE0002FC02FE04
FDFBFD00FE00FCFF
FC03FDFFFD0001FD
FC03FE01FCFEFFFE
FF04FC0100FC0003
03FEFE00FDFF03FD
FDFD0001FEFE03FF
01FFFE05FE010000
FD03FFFFFF03FFFD
02020102FC010101
0401FB02FFFCFFFD
FD010004FEFE00FD
03FF00FCFDFD0102
FB02FFFBFD000201
FCFC00FCFDFD0100
FE000204FD0100FF
FF02FBFBFD00FCFD
020102FEFDFFFB02
0000010202FDFE01
0101FD00FEFDFD02
03FF02FEFCFFFEFC
03FBFC030103FC02
00FEFBF9FF0000FD
FFFDFC0101FCFFFF
01FFFDFE00FEFD01
FDFEFF01FF0002FD
01FF00FF0101FE04
0101FEFEFCFDFEFE
0402FF00FFFF0001
01FEFF01FF0201FC
01FFFCFCFE0000FD
FFFD0200FEFC01FC
020001FF02FC0000
FD01FF01FCFF02FE
FEFE0101FE00FD01
03FFFFFE0101FDFE
0001FFFC0200FFFC
FC020204FCFFFFFF
01FB0302FD01FFFF
FE0003FCFF01FD00
FFFCFD00FE01FCFD
FD0201FEFE0003FE
FFFCFCFF02FC0001
FFFE02FE03010001
FFFD03FE04030202
FE01FF00FDFEFCFB
FE04FDFA0101FFFC
02FCFFFDFEFEFC01
0401FD0102FBFCFE
02FDFDFFFFFF0002
0002FEFDFDFC01FC
0303FC0002FFFF00
FDFD0301030001FE
FBFCFC01FB02FDFC
FCFEFEFEFEFDFD00
000002FC020201FC
02FD02FCFD03FD02
FD02FEFC02FE03FF
FEFB0103FCFF0200
FBFFFF0102FEFE03
FB03010100FCFDFE
0003FF02FCFE0301
040303FDFC010300
02FFFE01FFFC0203
04FF01FE01FE0201
FFFB0102FFFDFB02
0003FE04FDFCFC02
FD03020501010302
FE02FB0202FFFE03
FFFC0001FF02FDFE
0300FCFDFCFF0300
FF00FF03FBFDFFFC
04FFFD03010002FF
FE0201FEFC03FEFE
0101FC00FDFFFE02
FFFC0203FCFFFCFE
00FDFEFEFEFE0202
0203FD000001FFFD
FDFC02010102FE02
03010101FB0200FE
02FCFDFF01FCFE02
FF00FCFEFC00FFFD
FFFEFB0103FCFF01
01FFFFFF01020101
FBFDFB0002FF01FF
0303FC0100FCFDFF
FEFE0200FFFF0203
FD02FE030202FD00
FBFE01FC0302FCFD
FD01030400FFFFFD
01FC02FF0100FC02
01FCFE01FCFF00FF
0002FFFF01030303
020300FB03FB01FF
02FF000001FFFD02
0201FC0300FE03FE
03FFFCFF0103FD00
020101FC010302FD
FD02FE01FF01FC00
FE02030403020103
FF02FCFDFE0103FF
FDFF0200FFFEFCFD
FDFFFE02FC0304FF
FC0101FEFD03FE03
0202FFFC0001FD03
FC01FDFFFEFFFDFF
FCFDFEFDFD020400
02FEFCFFFC00FEFD
0202030501FB03FD
0002010402FFFC01
03010302FE03FF02
FFFC02FEFE000204
0000FC0202FF01FF
01FDFE0401FE01FF
FCFD0101FCFCFFFB
01FF03FF0202FD02
00FFFDFCFFFF03FF
0003FE00FEFFFD02
FEFEFEFDFDFEFD02
01FF0000000101FF
02FCFF03010200FC
0100020002FCFE01
03FFFC01FF0001FF
FDFD00000301FDFF
FE00FDFCFFFEFF01
0004FE05FDFFFEFD
0204FCFFFE02FCFE
FB03020503FEFE02
02FE02FF010002FE
02020100FFFCFFFF
02000202FEFD00FF
FF03FE04FD000403
FEFDFE02FEFB0202
03010204FDFD0200
0400010402FCFC01
020502FEFFFDFB05
FC02FE03FD00FE02
FFFC0204000302FD
0202000001020203
FE04FC0500FFFFFC
04FF04FD01000300
01000103FC0300FD
FEFC03FEFD000302
02FD0001FEFF0000
FCFD020102000302
01FEFE0202FEFF01
00FEFE0601FC0102
010000FE02FC0202
01FDFE01FEFD0000
02FB0103FE00FE03
03FFFD08FF0102FD
FFFE03FD01FDFDFE
0000FEFEFF03FD00
02FF0204FDFC0103
00FCFDFFFCFFFF01
FFFD03FF03FD0202
FF0200FEFDFD0004
FEFF02FF01FF04FF
0202FFFA00FF03FF
0000FEFF0301FCFF
FD00010300FCFCFF
0102FDFEFCFFFEFD
0000020101FFFEFD
FEFFFD010101FCFF
03FDFE0100000003
030200F90003FE02
03010003FE02FC03
00FCFD00FEFCFD00
FC00030501FE0102
FC0103000101FD02
00020102FC03FF01
FCFD0200FE03FD01
FE000105FDFE0004
03FCFE04FC03FFFE
0400FCFE01FE0103
00FF00030100FE01
00FF0004FFFE03FD
FC05FD000200FCFB
01FC030202FE0201
0204FE020003FEFF
FF010100FF0201FF
FF02FE02FCFFFCFF
00FC0003FF030201
00000303FE0202FF
FE0400040201FE00
010200FEFF02FBFC
02FDFE02FC000202
01FDFB05FF00FDFF
00FEFEFD03FE0202
000103FE010400FD
FF01FCFCFC020200
FFFF010201000300
00FEFC01FFFEFD01
FD0001FFFFFF0303
FD02FF040103FEFC
FDFB02FF02FE0102
FD03FD00FFFEFFFE
0101FDFDFDFE04FE
FE0103F9FFFFFDFF
FDFEFE01FB00FD02
020000FBFEFEFD03
FF02FF04FF03FF02
FC01FE03FF0200FD
FEFF03FDFF0100FC
03FD00FD02FF0103
00FF02FEFEFC0301
01FD01FFFFFCFF00
03FF0201FDFF0301
020203FF02FE0000
FD02FE04FF03FEFF
FEFDFF00FBFCFFFF
FD03FC00FE02FF00
FEFD00FFFEFDFCFC
FE02FD010201FD01
FE04FBFF00FDFD00
FDFCFB02010100FE
000102FD0001FD02
FCFDFC0302FFFCFC
020100FD03020002
02FE01FDFCFEFF00
00FDFB0300FEFDFC
03FCFEFF02FCFDFD
0002FEFE02FB01FF
01FE03010300FFFE
FD010204FE00FEFF
03FEFD00FBFDFDFD
02000105FEFE01FF
040201040301FEFE
FF0300000200FCFC
0200FF00FD0002FE
02FC0105FE00FDFD
FEFFFC03FEFC0304
FFFCFEFFFF00FDFD
FF0103FEFC020101
FB010101020301FC
FE0201FCFFFB02FD
FDFD01FDFE02FE03
00FEFD010001FEFD
FF0303FFFDFC02FC
040202FF010201FF
01010200FEFE03FE
FD0102FD00FF00FF
0000FD010200FF02
01FE01FD02FDFFFD
FDFEFDFDFB0303FC
FE00FCFE00FCFD01
01000002FDFE00FB
FFFF03FD01FF0101
FE02FC00FEFFFE01
FFFF02FE0101FE03
01020000FCFF0201
FEFFFF05FCFD02FE
FD00FF04FE03FF04
FEFDFE03FF010203
FD03FDFD00FFFC02
FD02FF02FEFFFDFF
00FFFF01FE0301FE
00FCFF0000030200
FDFFFE02FDFF0203
01FCFF03FE03FE02
02FFFD00FE020301
01FEFC000203FF02
FC0302FBFCFD01FD
FEFCFFFDFEFC0100
02FEFD0001FD0200
FF04FFFEFCFDFD00
0500FF0203FD01FE
FE00FEFEFD0103FC
04030106FE00FD00
020203040202FD03
FEFB01FF0100FC00
FB01FD03FFFFFEFE
0002FC03FEFCFCFF
FFFFFC01FCFDFFFC
FF01FD00FF00FCFF
FD020003FDFB00FE
02030101FF00FE00
FCFD03010301FF02
02FC02050200FDFC
FCFCFB0501000103
FFFF0100FF00FE00
FF02FFFD010203FC
FC02FD00030002FD
FEFEFC01FF03FF03
0404000202000203
02FDFCFEFCFD0102
FD00030002FE03FB
FFFCFDFFFDFDFE03
FE0202000203FF02
FEFE000201FD00FF
000003FF02FEFFFC
FC0003FC03FFFC00
03FCFC0002FEFD01
FEFCFD00FC01FDFF
FC03FC01FC00FCFE
FBFDFC00000002FB
FFFF01FFFC020201
010303FCFCFF0301
FDFB0100FC0201FE
FDFC00FE03FFFEFD
FE01FDFDFD01FFFC
000201FD0102FE04
FE03FDFFFD000300
0103FE05FB000302
FD01FD0301FCFD03
FE0002FF02FEFF01
020103FA0003FE00
0002FEFD01FBFFFE
FC010202FF0303FC
FF0002FEFDFEFF03
FC03FDFFFEFE0001
FC02FDFF01FCFDFC
FB00FCFF02FC04FC
FD02020400FEFF04
01FCFFFFFF00FD02
FF030302FD02FEFE
03000204FCFE0100
FFFE0203FE00FEFC
02FCFFFE02FF0000
FF010304FDFD0300
020200FC0002FFFD
0203FD03FFFDFFFE
FD02FD050001FDFD
0302FD01FDFEFEFE
FD00FF02FEFD02FD
03FDFF0303FC0002
01FFFCFF0001FEFD
00FCFF03FF04FEFF
01FF000301FCFF02
03FDFE00FDFF0000
FF01FF010002FE00
02010301FE020103
01FFFF06FD02FC02
0002020603FE01FF
FF020006000302FD
FF040205FFFFFE00
FEFF02FFFFFF04FD
00FEFDFFFEFD0201
FDFD0204FDFCFC01
FEFC02060002FE03
0401FD03020303FF
FD0202FDFEFD00FF
0102FC01FFFDFE03
01FE020602FC00FD
0104FF060103FB05
01FEFEFDFFFEFC00
010100FEFC00FEFC
0301FE010103FE03
02FF00FE02FFFE01
0101FDFBFFFDFDFE
03FF03FEFF0100FE
030002FFFDFB01FE
00FEFCFF02FCFDFB
FFFD00FFFC01FE03
FF01FFFC00FEFEFD
FFFEFBFE00FE0002
00FEFFFBFE02FF02
FFFEFDFE0001FF02
0100FDFAFF00FD02
04FCFEFFFF02FF01
FE01FE04FF0000FE
FDFF01FEFB0100FF
FEFDFEFBFD0301FD
0301FE00FC00FE02
00010002FE03FBFD
FDFFFD00FFFDFDFE
FFFF0101FFFEFCFF
00FFFD01FCFFFC03
03FE0203FCFEFFFF
FDFB03FF01FFFBFC
030100010001FFFD
FC0000FFFCFEFF03
01FDFC01FE0000FF
FF00FEFFFEFC0201
FCFFFE0300020002
000000FDFCFC03FF
FD0100FD02FF0004
FAFEFF0002FEFEFE
040002010103FD03
FEFCFE00FDFD03FE
0001000301FE0102
0000FC02FDFFFEFF
0303FFFF00FFFE01
FEFEFD03FF02FD03
05010103000002FF
0503FC06FC03FCFD
FEFEFF01FC030200
01FF030100FE01FD
0001020103FC02FD
0403000101030403
FE00FF0000FE00FC
00FD0004FE0002FD
00020305FC000000
FC03FEFEFF03FF00
0100FC01FF03FEFC
04FE01FF00FE0202
FD02FC020100FDFC
000000FF02FE0303
FCFF0300FDFDFD00
00FFFD02FF0001FB
FD02FF01FC03FFFF
00FEFF00FCFD03FB
0001FD0000FF0102
FC00FDFD03FCFE02
FD01FBFF02000203
FC0301FEFF030302
02FEFFFDFDFD0402
FDFDFB0000020202
FCFBFEFD0201FDFD
0203FB01FDFD0400
FEFB0002FD01FFFC
000100FE01000003
04FE000000010302
FEFFFCFD00020002
FFFB00FCFE02FDFD
FCFF02FE01FD0003
03FC02FBFF04FD03
030204FDFE01FF00
020100FCFCFEFDFF
00FD02FCFF00FFFE
0000FDFFFCFCFDFD
FDFDFDFEFCFCFB03
FE01010202FEFEFF
FC0102FCFC04FEFC
0002FDFFFF01FDFC
FDFF01FE030203FF
0202030401FDFD02
0102010200000000
FE03FE05FF0000FD
0203FD07FB01FD02
FEFD0200FE0303FD
03FB0006FFFDFF00
0201FDFF0002FD02
0502FB0203FEFCFE
FF03FF0700FD0000
FF020206FC000101
040000FFFE000201
0300FE01FEFF00FE
FD01FF02020000FE
FC00FE05FC0201FC
03000000FFFDFB03
01FBFEFE0000FB02
00FB0001FF01FC02
FC01FCFF010002FD
00020402FEFEFC00
03FBFDFFFDFC02FD
FD01FCFEFFFEFCFD
FEFE0304FC03FEFE
0200FE0201020202
02FF03FE030300FB
FDFEFE0100FCFE00
FEFE0002000201FF
020301FF0102FF02
02FC0203FCFF0300
02FD0101FB0300FD
FD02FDFFFF02FFFE
FEFFFF03FF02FF03
010100FF02FC01FC
FEFEFCFD03FCFFFC
0102010200FE02FD
01000401FF02FD00
FEFC01FFFD02FCFD
FDFC03FA0001FE01
0302FDFFFFFFFE02
03FF02FFFB0201FD
0302FCFF00030000
01FFFEFDFC03FDFD
FE040202FCFF0102
01FD01FEFCFE0000
00FC00FE0301FFFC
FA0100FF010102FE
01FD00FFFDFFFDFD
020202FE01FC0201
030200FFFCFF01FE
03030002FCFEFEFC
FF04FD03FF01FCFF
FFFE0100FD000201
010102FF010301FF
FC010404FEFC0201
FE0001FF00FFFD00
03000301FD03FF03
00FF020400FD01FE
FF01FD06FCFD0202
FD00FF00FD01FD02
FF01FBFDFE010002
FCFEFD0403FCFEFC
01FB0105FB00FE00
FC020100000202FC
FDFEFD0100FCFCFE
00000203FDFE03FC
FEFC02FF01FFFB03
FCFEFD03FFFDFFFD
05FF0405FE020304
FE02FBFF00FE0003
FC0103FE03FEFCFF
02FFFE00FF0302FC
020100FEFEFC04FF
FE02FE02FFFC0200
00FF02FE03FFFDFB
FF02FFFFFBFE00FF
FF030002FF02FFFF
FD01FE0200FE01FF
FF0000FDFF02FCFE
FC03FC05FDFC0303
FEFC0005FF0104FD
FE02FD00FFFD03FF
0100FEFEFC010301
00FFFEFE0000FFFD
FFFFFD05FE000302
03FD030101FE02FC
FCFD01FB000201FC
FCFFFF04FFFFFD03
03FC010102FBFE03
FD02FF050200FE02
FE010304FEFC0303
0001FEFDFEFFFFFD
FCFCFFFFFE000202
FF01FE06FDFFFC04
0201FDFF0000FEFE
0202FC0202FCFD03
050103FEFCFFFFFF
FD01FF00FD02FC00
FB0100FF00FF00FC
FF00FDFFFD0001FF
FC01FF0501FDFD03
04FE020203FEFD02
FFFD0000FF00FFFD
FD0203FDFF00FF01
FD030200FE030203
02020000FCFF01FF
FF0201030001FDFE
FD01FFFE01FD02FC
01FE0100FFFDFEFF
FD02FEFEFD01FF03
FFFFFE000401FD03
03FD020203FFFFFF
0302FE00FD0100FD
01FCFCFE03FDFF00
0002FD01FF00FD02
FE0000FEFDFFFF00
03FF0203FF01FC00
FF03020101FEFB03
FF040006FFFE0202
FEFEFF02FEFDFF03
0001FC0103FD0003
04FE0303FCFC0101
FCFDFE02030300FF
00FD0105FFFEFCFF
FD0300FF040303FE
FD02FC00FC02FF02
FCFE030603FDFC01
02FD000402FDFE01
FC04000001FC0104
FD0000FF02020002
FFFDFF020301FEFF
FDFFFE0204FD0003
FF00FDFFFE03FD02
00FF0304FDFD01FE
0101020302030101
FCFF00FDFEFD02FE
0002FC00FD00FD03
FE010002FF02FC04
FD0000FE02FDFD00
03FC01FCFFFF01FE
03FEFD0301FDFF00
02FCFD02FC000201
0100FD0200FCFE02
0301FF02FEFFFF00
FE00FE0201FE0303
03FF0105FBFE00FC
010102FFFCFFFD02
05030105FD0002FF
0002FD0001FDFEFD
FFFC0101FDFC0002
FBFFFCFDFEFE01FE
0303FDFC01010303
FFFFFF0102FE0102
FFFC0200FF000002
FCFFFF03FDFFFF00
FC0100FEFF0201FF
04FF03FE02FCFC00
FCFD01F9FC0301FC
FFFFFD0002FE0003
FD00FC00FFFE0101
000101FFFF0101FF
00FD030002FEFFFF
02FE01FD0300FEFE
FD04FC0101010002
FFFEFEFE0000FDFF
FCFD00FE0301FDFD
03020000FFFF0203
0002FF05FD02FFFF
FD02FD0001000104
FEFF02FFFD020001
00FDFB00FC0101FB
FC01FD03FEFE0001
FF01FD03FCFB0302
FCFD00FEFF000002
03FCFCFEFFFDFD03
0103FFFEFF030003
0002FD05FF01FE05
0002020400FEFC02
FCFF0300FC03FEFC
01FEFDFF0101FFFD
FFFE0105FC01FC02
02FFFD04000200FD
010303FE02FD0102
020203FFFDFEFEFF
02FD0103FFFF0103
FDFFFE02FC0200FF
010101FF0101FE01
0001FC0302FEFF03
FEFDFD00FDFDFFFC
02FC0001FFFF01FF
FD00FCFDFD02FC03
FB02FEFC010101FF
FE01FFFFFEFF0202
0003FCFE010202FC
FDFE0103FC00FDFB
00FDFCFFFD010400
FE02FD02FFFEFE02
03FC0005FCFFFD03
0100FD04FCFD00FE
00030401FDFE0201
FFFE02FFFD02FEFE
FF030100FFFC0002
FDFEFDFFFDFCFD04
FC04FE04030002FE
00FD01FD000300FC
0000FDFCFC01FEFF
00FFFDFE00010001
0403FF010201FDFE
01FC0103FDFD0202
FF000100FCFFFB00
000002FD00FD0202
FC03FD02FF030300
0403FF01FFFD0301
0302FF0002FD0300
FAFB03FE020300FB
FCFFFFFDFD020104
FF00FDFEFD000100
FBFEFFFFFF020101
FC00000103FCFEFE
0003020000FE0302
FFFFFE0301030101
FCFCFF0200FD00FC
01FDFD01FD02FE00
FEFDFEFAFDFEFEFF
FBFF00FEFD02FB02
0103040003FB01FE
FDFFFF00FDFD01FF
04020303FFFF0304
FF030102FE030001
05FF020601FDFD00
FFFD0000FC010100
FE03FE060200FD00
FEFD010202FD0001
FD00FEFF02FCFF01
04040302FB020100
FEFF0004FD02FFFF
030103030101FE02
0202FDFFFDFCFCFC
00FEFDFCFDFEFDFF
04FD0305FF02FC02
0302FD05FE02FDFE
0200FCFA0200FD00
FC00000202FFFCFC
FE010202FCFEFD03
01FC00FFFEFF0202
020100FFFE020202
03010301FCFDFFFE
00FDFB04FEFD0201
04FF03000100FD01
010002FDFCFEFC03
FC02FF03FFFF03FD
FD01FCFE000103FD
01FF00FF010003FF
FE02FCFE020001FC
01FF020303010300
FD00FBFEFCFFFFFC
0002FF0403FC00FF
FEFEFD030203FC02
0301FCFEFD03FCFD
01FD020102FF03FD
FFFD010303FF0004
02020004FE00FF01
FD040202FD00FE00
0000FFFE00FDFEFE
00FDFF05FFFD0001
FFFF02FEFD02FCFF
0103FE02FCFEFCFC
0004000000FD0303
FC02FD03FD02FD03
FC03FCFFFC0000FC
FDFFFFFF01020000
FB00000500FE00FC
FFFCFC0501FEFD00
00FC0003030103FE
FD00FE0300FC00FC
0304FD0001FF0203
02FC010102FF0002
FE0301020001FD03
02FB00FDFE020201
03FDFD0403FD03FD
00050300FFFE0100
FEFEFF0000030301
00FE0302FCFEFF00
00020203FFFB0303
03FE01FEFDFE00FC
FCFFFE0201FE01FE
00FCFE00FD03FF02
FDFE02FFFCFFFEFD
FF00FC0403FC03FF
FCFF03FDFDFD02FB
FFFC000300FB02FC
FD020300FFFF01FF
FC00FD00FDFCFEFE
0103FC02FBFDFCFF
FDFDFCFCFE020000
FD00FE0402020303
000102FC00FCFCFE
FF00FBFEFEFE0203
FEFFFDF902FF0301
FD02FBFE0003FE00
00FF03FDFFFDFCFE
FE0101020003FDFD
FDFEFFFDFDFD0301
02FEFEFE01FE0003
00FBFCFDFDFDFCFC
FCFE01FE02FFFEFE
FFFE03FEFEFEFFFE
FF0101FE02FEFE03
FEFFFFFCFD03FFFC
FBFCFC0201020302
FE01FE0102FCFF02
FFFDFDFDFFFF0202
FF00FEFE03FDFD01
00FF01FEFCFFFDFD
FF02FEFD01030003
0101FE00FF030001
FD030100FD0200FF
FEFFFFFB00FEFF02
00FEFE03FDFEFDFD
FBFCFBFB020101FC
00FE020300FD03FD
FB01FFFE020103FC
02FDFE0000FC04FC
FD00FF000400FC00
0303FD03FEFDFF00
0202030200FCFF02
02FDFE0402FDFD03
FDFFFD02FCFD0203
02FD00FFFFFDFE02
0200FDFF03FD0102
FD020303FEFEFEFD
00FEFE020300FC00
0102FF03FD03FC02
00010300FDFDFF03
FE02FB0402FE02FF
0101FC00FEFFFEFF
FF000103FE01FC03
04FF0101FDFC0001
03FEFC0303FF0102
FF02010300010004
01FBFF0302FFFC01
010003000202FEFD
01FEFD0002FDFEFD
FFFF03FCFFFCFE02
040200FFFCFC02FE
0102FDFFFD040002
FE00010202FFFE03
0201FF02FCFE0002
FCFC01FCFDFDFCFD
FEFC01FFFEFDFD01
FFFEFF0301FDFB00
FEFC0200FE00FE03
FD00FCFD0001FF01
FFFBFCFD0202FDFF
03FFFBFFFFFFFFFD
0201FC0002FFFCFD
FEFE0002FFFF03FD
FEFD03FD01FFFCFF
0200FEFD03030200
FE02FEFEFFFD0202
FF0203FF03030200
00FDFE010001FD00
FDFE020401FF0303
02FF000100FE00FE
FDFF03FEFFFD0104
02FD02FF01FC0001
FF000100FB040300
FEFE0300FCFFFCFE
FD01FEFE00FDFDFE
00FE00FEFE020000
FF0300FC00010300
FB0100FDFB03FCFE
FCFF02FD01FCFCFF
FFFD0001FD0102FF
FE00FCFFFEFEFD02
0103FFFC00FDFE01
FDFFFEFFFDFD0100
02FD0302FE03FF00
03FF01FF02FE0002
FEFD0202FE03FC00
02FDFB01020302FE
0102FFFDFF030301
FD00FFFEFEFE00FF
03FDFFFE000100FF
0102FDFFFD030001
02010202FB00FEFD
FC03FFFFFDFEFFFD
0402FCFFFDFEFDFE
0101FF02030102FD
FE0403040101FE03
03FC0201FF03FF02
02FF0000FE01FF03
020102FE010002FF
FC0202FC00FE02FB
00FCFC02FEFFFFFF
FE0104050200FC01
FDFD020401FCFC04
FD01FFFD0200FB04
FF00FC0003FFFDFF
0001FD05FEFD0100
FF000004FC030301
FCFE020002FD03FB
04FCFDFEFF0300FD
FEFC0104FC0303FF
02FEFE0000FEFE00
03FF0201FCFCFE00
FD0303FA02FFFC03
FC02FF04040000FE
0000FEFF020001FE
0202FE020201FCFD
FFFE00FCFFFBFC00
0000FDFFFF02FF01
0300FEFBFFFDFE01
FEFB0302FDFEFFFF
0302FF03FF0001FF
FCFFFCFCFB02FFFC
FEFC00FCFDFEFFFC
FFFBFF01FFFD03FF
0100FEFD0201FDFE
02FEFFFEFDFDFE01
FFFE0107FC00FF02
00FE01FD010102FC
FCFEFC010200FB00
FEFEFE02FE03FDFF
00FDFC03FDFE0100
00FCFDFE03FF00FE
FE030302FEFEFCFC
FEFC01FEFE010302
FF030200FDFCFCFD
FD0201FEFE0202FD
0100FFFF00FDFDFF
FE02FE0401FE03FF
01040104FBFF0103
FE00010202FEFE03
00FF0202FE020302
00FD00040003FC02
00010403FDFF00FC
00FEFDFE0100FC02
FDFEFD0300FC0003
FC03FF00FF0202FB
0204FCFB010001FE
FFFF0204FE0203FD
0002FF01FFFF0000
FEFEFD0300FDFEFF
01FF00FDFDFDFB02
FD00FF010000FCFE
FD00010100FFFE01
0100FD0403FE0203
00FEFEFEFD02FF00
FE00FDFBFDFFFBFD
FFFCFEFB00FCFC00
02000003FEFDFE02
FFFF000702000102
00FDFB0302000101
0102FD03FDFDFDFF
03FD0103FFFC0201
FCFF00FD03FC01FC
FDFE000101FEFC00
FE00FFFDFF04FFFE
02FD00030002FF03
FE00FE010001FDFF
03FD0203FFFCFF03
00FFFC03FF030002
FF01FE05FB01FC03
FE030204FDFD0102
0405FE030200FEFC
020103FE0103FEFD
00FFFD03FC02FFFD
FEFEFFFE02010202
FE03FE00010201FE
00FD00FBFE030001
FD030102FC010302
000001FD02FE0202
0000FD0203FEFDFD
FDFDFD0403020101
040103FDFFFDFCFC
0201FE01FE0103FE
FD000101FD02FFFE
FE00FEFEFE00FDFE
FC0203030302FD01
FE02FC03FDFC0300
00FFFC04000003FC
FF02030500FEFD02
FCFF01030300FFFD
FFFFFDFFFF0303FE
0202030500020200
01FF0300FC0200FD
02FEFF0003FDFEFF
02FEFE02FF01FD00
FD00FD00FCFE0301
FD00FFFCFC020001
FF01FEFDFF02FD02
FEFDFC03FB010103
FEFBFFFCFD03FE01
01FD01FD000300FE
00FD020101FCFF01
FFFFFFFFFF02FEFD
02010200FBFDFEFD
0202FF0402FC0202
FEFF0103010000FD
03FD0100FDFC0101
FF0202FEFF03FF03
03FDFEFD0001FE01
FC00FCFEFFFD02FB
0302FC03FFFEFDFF
0100020202FB02FD
FE0100FFFEFEFD02
FFFFFDFEFBFC02FE
0401FC0102FFFEFC
FEFF0203000201FE
FF00FB05030003FC
FF01FEFDFF01FE01
FC01FE0300FD0102
FDFE00FFFBFBFD03
FFFFFC0502030003
FEFD0305000002FC
0000001A00000008
FFFFFFF6FFFFFFF3
0000000E0000001D
FFFFFFEEFFFFFFDC
FDFCFD03FD0100FE
00FFFE00FF000003
FFFCFCFD00FF03FD
03FE02FF0000FEFE
02FF0103FD02FB02
02FE02FC06FDFB03
0100FFFFFE000005
FEFFFF020102FFFF
FEFDFEFE01FFFD01
FEFEFF0204FEFC04
FE0003FD02010305
FC0201FF04FCFEFF
01FFFD01FEFF0000
010001010303FF04
02FCFDFDFCFE02FE
03FC0000FE02FEFA
0200FD03FD0302FF
01FE000205FE0207
FC0103FE04FCFE03
0200FE0102FEFE01
FC010102020002FD
000202FF00FC0104
0200010001FCFC06
FC030300FDFDFC01
FE00FF02FF02FCFD
01FCFEFC00040301
000200FC020103FD
FBFFFCFEFE03FD01
FEFC0301FDFDFCFD
02FB01FEFEFEFEFC
FD02FF0206FDFE00
FC00000103FB00FE
0202FF01FCFF00FE
03FE000201FDFFFD
FC00FEFF0103FF07
00FEFEFE0001FEFD
0202FC030201FCFE
FCFB02FF00030203
0000FC0101FCFC00
FBFCFDFF00FBFEFE
0000FFFF02FDFC01
FF0001FF02FEFC03
0001FFFFFFFFFD00
020404020200FF00
FDFF00FF06000105
FC03FFFFFF01FE05
FC010201FBFEFD04
0001FCFDFFFFFFFD
FCFBFEFD030000FE
FEFE030204FE0101
FEFEFEFC0600FC03
01FCFB000002FC03
00FCFCFC0302FF02
FCFDFD03FDFCFE01
FE05FBFC00FF02FD
030101FDFF01FF00
03FDFEFDFFFC02FE
FD02FDFC08FE0106
03FD01FD02FFFFFE
FCFE02FE04FF0200
01FCFB0101FC0101
FDFE030001FEFF04
FEFEFF00FFFB0000
00FF00010301FE00
01FCFE0203FEFFFD
010301FE000101FF
02FC010000FDFEFE
FEFF03FDFE03FF04
0300FFFD02020304
FEFB03FF00FCFE05
01FFFE00020002FD
000301FE0302FD05
00FD01FC030202FD
00FF0303FDFCFFFD
00FF03FF0202FB02
0201FC020001FC04
00FD00030500FD02
01FD010106FD0004
FC04FDFF07FEFD03
FCFCFC03FEFD0000
FE010203FEFDFEFF
01FFFDFEFA0200FF
01FD01FEFB01FB01
FCFFFE01FCFEFFFC
FCFFFE0201FEFFFC
0303FD02FEFDFFFD
FF0203FEFDFCFDFF
01FD0102F9FE01FB
010301FE01FD00FB
FEFEFC020100FD01
FFFDFF010000FE00
00FCFCFF01FE0102
FDFCFCFDFEFCFEFC
0001FD01FDFEFC00
020101FBFEFCFCFE
04FDFE04FA04FEFD
FDFCFDFC03FE0100
FEFF00FB02FCFE00
FD03FD02FFFFFF03
00020203FDFD0203
FE0301FE07FD0101
000203FE06FEFCFE
FD01FDFE06FD0001
00FDFD00FF020301
FCFEFEFFFFFCFD04
FC0301FC05FDFF00
FF0403FD05FE0206
FF03FDFD02FC00FF
00FF00FF0100FC04
02FE0200FC03FEFF
FE01030301010102
FF04FDFCFFFDFFFE
00FF02FB0201FD01
FF02FFFEFFFCFE05
FBFE02FC0601FC02
FFFD00FEFBFB0303
03FEFBFF0001FCFD
FFFD03FE07FCFF06
03FF00FD07010204
FC02FFFC0500FD00
FD0104FC00FFFE06
FD01FD0002FCFFFD
FDFFFF0102FDFCFC
FD0003FD04030302
02FFFC03FF020103
FE010001030001FF
FC04FE01FF0002FD
FDFBFD02FC0302FC
01FC01010401FFFE
FEFD0100FFFFFE03
0100FFFB0301FD03
FCFF02FC00FDFC03
FDFD01020501FE02
0200FB020200FCFF
01FC03FE05FD0102
01FDFDFF03020400
FB04020001FCFF03
FEFDFDFF01FCFF02
FBFE02030100FE00
01FF00FF0001FE00
01FD01FDFEFDFFFC
FDFB00FD01FDFD01
010000010200FC01
00FEFD00020103FE
FE02FF0201030302
FCFF00FFFEFD01FE
FC03FCFE03FB0100
03FCFD0402FF0002
FF00FD00FD010000
030504020502FEFF
0001FB0103FD0004
FF0201FFFE02FFFF
FCFD0001FC00FF00
FEFFFD0000FCFC01
0301FF0002FEFF02
FFFB010302030302
00FBFDFE000202FB
FB04FDFCFD0201FE
FC03FC03FD00FEFF
00FD01FCFC0201FE
020103FEFFFF03FE
FFFD02FE0001FD08
FBFDFE0100FCFD07
0102FCFFFDFD0201
FF0303FF0303FCFF
FDFCFEFC05FEFF01
020201FC0500FF05
FE03FCFC04FEFF00
FF03030004010200
040200FFFEFC0200
01FFFDFF03FD0000
FFFD00FEFE00FF00
FF02010100FCFC01
03FDFEFDFFFEFD01
01030200FFFF0002
0103FE0102FF0402
FD00FE0304FE0301
03FDFD020304FC02
00FFFFFE010202FE
0100FF020101FE01
0200FCFF04FEFFFE
000001FF06FD03FF
01FE04FD00030306
00FDFEFB01FD0202
020001FD00FD01FF
03FEFD01FFFEFDFD
FFFF0300FFFC01FF
0201010104000304
01FFFC04FD03FEFF
FF02FBFC04FE01FF
0003FFFD04FFFFFF
0001FE0303020201
FC02FCFB02FCFEFB
01010003FFFDFC01
FDFFFD020401FC00
FDFD00FB02020302
0302FF000200FC04
01000100FBFD00FE
FCFEFDFF01FFFF00
0300FE01FDFEFEFE
000001FC0100FD01
FF0100FF04FFFE06
FFFDFEFC01030102
0102FE0100FC02FF
02FCFEFDFF01FF02
FFFB030200FDFCFF
03FBFCFE010102FF
FFFC000101FC0004
0202FEFE03FFFF00
04FFFFFEFDFD01FB
0102FD0101040300
FD00FEFDFB01FDFD
FFFBFEFDFC04FE01
FFFC02FEFDFC00FA
03FBFDFCFEFF0001
01020100FDFD02FF
00FF02FD01FEFF03
FE02FF00FA01FCFE
03FFFD0202020300
0200FD01FDFE0201
0202FDFD01FBFC01
FCFDFDFD02FEFE04
0003FF00FCFD01FB
00FE04010202FE04
03FFFD0401FD0101
FEFC03FFFE0200FE
0201FCFCFEFDFCFF
FDFF01FC02FEFCFE
FDFB0100FF03FD04
FFFE0303FDFFFEFC
FEFD02FCFFFDFEFA
FC010100FE0102FF
FDFF03FC04020205
01FDFCFFFDFFFDFC
FD0203FCFC02FBFF
FE02FDFF000003FE
03FD00FFFCFE0205
0202FE02FD0000FC
02FFFD00FDFC03FD
00FE0103FC030302
FD01FC01020404FB
FE01FF01FDFB02FE
FF01FFFC0401FB04
0400FD020304FF01
FCFF010000FB01FE
FCFC03FEFD01FCFD
FC01FFFF03FCFE04
01FE020302010100
03FF000305FB0101
FF01FFFD05FEFF08
0200FFFE04FE02FF
000202FD02FE0105
FE03FF00FFFF02FF
01FC02FE04FDFD05
020201FEFE020304
020104FD03FF0103
03FD03FFFFFF00FB
02030001FFFDFC03
0100FCFA01FD0201
03FCFD01FBFD0201
FF01FC00FE0200FD
0400FE0203FE0000
FF01FCFD00FF0001
030001FD00FFFDFD
FC040301FD00FFFF
0000FF01FEFBFFFD
FEFB01FEFE01FE04
FFFEFEFF0201FF02
000101FEFF0102FA
01FF010202FF03FD
FF00FF0104040003
000200FEFE0001FD
0100FD010000FDFE
FCFF010008FEFE09
010002FB03FFFE02
FF000201FE000005
FDFEFFFC03020004
010002FEFFFEFE02
FE00FF00FCFF0200
FDFFFB02FE03FC04
02010102FF00FD04
0203FE02FCFDFEFE
03FF000206FCFF0A
01FC02FC060305FF
00FD030203FFFC05
0203010303FB03FC
FBFE01FD00FE01FF
FD00FF0003010001
FD02FB03030100FE
FFFDFFFD06030402
0102FF0306010203
010001010303FE02
01FB0000FFFF0103
FFFFFF02FEFE0400
FDFEFDFC03FE0302
000200020002FCFE
FEFF0001FF03FF04
03010002FCFEFF04
02FF0200FFFC01FD
FEFCFF0000030301
FCFC04FEFE01FD02
FD00FE020302FE03
0202FF02FF02FC00
02FEFD0100020200
FEFBFC01FF000200
02FFFF0202FF02FF
FDFEFE0002010304
FF00FF00FBFC01FF
FE03FEFCFBFFFD00
0200FCFEFC0101FD
02FDFD020200FBFF
FEFCFEFF04FE00FE
01FE0200FB04FBFC
02FE03FFFAFE00FF
FCFE00FFFB0001FE
040001FDFDFE00FE
FEFF01000100FE00
FDFDFDFB010200FE
0101FB0102FDFB03
02FE02FE0003FF04
0101FEFEFE0201FC
FCFDFCFCFF00FD06
0102FC000203FF01
FCFBFE0100FCFD01
FC0103FF01FB0101
FE02FEFF01FEFD02
02FB0200FFFEFC03
01FCFD02FF00FC00
0001FF01FE000304
FD0101010300FEFF
00FDFEFE02FDFEFF
02FC01FC030203FE
03FF010101FBFC01
000002FF00030005
0303FFFC040201FE
FE02FDFDFC020000
FF0101030102FD00
FFFC0200FCFB00FD
FF000003FFFDFE00
FDFEFD02FD03FFFF
01020001FFFF0202
03010001FF0000FD
FEFDFE0000030201
FC01FF0002FF0201
FDFDFCFE010103FE
0103020001FCFD05
FFFB00000801FE05
03FFFC03030101FF
FF03FC05FF01FDFD
FD00010101FDFCFE
00FE03000503FC05
FFFF02FF040203FF
FFFF01FEFFFE02FF
FDFDFD00FEFDFEFB
FBFEFC01FA030201
03FF0200FCFE0202
FE01FCFBFFFEFD00
0300FCFE03FE03FE
01010202FB0105FD
03FC020300030200
0202FFFBFCFFFE02
01000102FF020401
FF010104FCFD0400
04FB0302FE0002FD
FCFE03000004FE01
040203FD04FD0000
FCFE010303FE03FE
01000103FDFDFE01
FFFD01FFFE0102FF
FDFDFFFC06FE0104
00FC02FC0203FDFF
030100FB010000FF
01FE000301010104
010001FD05000303
FC00FC02FCFEFDFF
00FBFE0105FEFEFE
00FFFDFF0402FE03
FF03FEFE02FCFBFD
02010000FEFEFD01
0301FDFD0603FC03
FC0101FCFD0001FF
00FEFDFF02FC0103
03FD02FFFF01FFFE
FDFC00FDFF030100
0302FCFE02FDFF03
FC03FF0205010000
FCFD00FDFEFF02FD
FC01FFFFFEFF03FD
FFFE03FD03010104
FC0100FCFEFEFB00
0302FFFC0202FD03
FFFCFFFEFEFC0004
0100FFFCFFFEFEFE
010300FCFEFF0103
01FFFBFB06FFFF01
FEFD0203FFFEFD03
0303FF0000FE02FD
00FF01FCFC000202
0002FE01FF02FC00
0002FFFCFAFFFCFC
03FD0200FBFFFE02
FC0202010000FCFF
03FE02FDFE0101FE
04FE02FDFCFDFE02
FF02FCFEFDFDFEFF
FD00FB0100FFFE00
020001FEFB00FFFF
FFFC01FF0001FEFC
0201FFFCFF03FC04
03FDFD02FFFFFE00
FDFDFE03FB030200
FEFCFE02FBFCFD01
01FCFEFEFC030100
FEFDFC0105030100
02FF00FD0102FF01
FEFBFCFEFFFCFD03
FEFBFDFE03FFFFFD
0100FCFEFC0002FA
0000FFFEFB02FCFC
FC0200FDFE0202FC
FF02FF03010001FB
02FEFCFD0004FCFE
03010203FDFD0200
FFFDFDFCFD01FD02
FDFF01FD0003FC01
FDFEFDFD01FEFF02
00FE030301FE0203
00010000FCFDFCFF
03FD010400000101
0300000105FE0101
FD01FD0301FEFD03
020002FDFA02FDFD
FFFF020103FEFE04
FCFB020007000205
03FCFE000201FF02
FDFEFC04FD02FDFC
02020001FFFFFE04
FEFFFE0100030003
FD01FE010001FDFD
01FE010102FDFD02
FFFEFEFE01FC0202
02FDFEFE0302FF04
FD01030107000205
FF00FDFD04FE0304
FFFE0104FDFD03FE
01FE00010102FD01
FF01FF040301FC03
FE0101020003FDFA
FFFCFE0001FF03FF
FDFCFF020403FD04
00FFFCFFFE010104
FDFCFDFEFEFF0101
FD0303FD030402FF
FFFC02FE01FE03FE
FCFDFEFD00FCFEFF
0002FB0103FFFD03
02FFFFFC05FDFF01
01FDFFFD000301FF
FE02FE010202FD02
FDFD02FC05FCFF00
03FCFC020200FF04
FF02000201FC0204
FFFFFF0205FF0105
FC01010003FBFF06
00FC01000003FE00
FC00FB00000201FE
FBFD0201FD0200FB
FFFF00FFFEFD02FF
FE01FE04FDFEFD00
FEFEFD0201FF00FC
03FCFD0004FF02FE
01FDFEFFFAFDFFFF
02FDFC0000FF0102
0300030105000303
FE01FD0204FC0008
02000001FFFC01FA
FCFCFE02000202FB
0302FF020201FD05
FD0301FB02FFFE00
00FB0205FC0303FC
FF00FC0304FEFC04
020201FC04FC0202
00FEFE0302000200
FFFC02FE00FCFD00
FE00FE04FFFCFD07
00FD02FBFE01FF04
FDFD000101FFFDFF
FE0200020001FE04
FEFD00FC00FFFB02
FD0000FCFCFCFC01
FF00FF03FDFEFF02
FEFFFF0003FFFC03
FB02FEFDFDFD01FE
FDFDFDFF03FE0002
0302FC0101000303
0400FD0105FE0001
FD0101FF02FBFD01
00FFFEFF03FEFC05
FD00FF0201010207
0002FFFF05FE0103
FC00FFFE0401FD05
FEFB02FD0200FF00
FD01FC0203FCFF04
FE01020304010003
FC02000206FFFF03
00FFFC0308000001
02FC0002FE02FD03
03FF020002000001
FC02010004020301
FDFFFFFE00010202
01FFFD00FFFFFC04
FEFEFFFFFC01FE02
00FE0104FEFC0100
FFFEFDFFF7FEFFFE
03010103FC01FFFC
040203FEFFFDFD00
03FD0201FA03FEFC
FFFDFFFEFB02FFFD
030100FFFBFF03FC
010402FFFF040100
0201FCFB0000FEFB
FC04040002FF00FD
03FCFC03F8FDFFFE
FFFFFC02FCFCFC01
FEFFFBFD02FD03FF
0103FEFE04FFFFFC
01FFFD0301FC01FD
02FCFFFCFCFF02FD
FFFC01FFFCFFFE00
0100FBFC030004FF
FCFDFEFD04FFFDFE
02030301FAFE02FE
FF00FEFEFC0200FE
FDFDFEFD000102FD
FD0202020001FCFE
0100FE020002FEFF
00FD0001FC040100
FF01FF00FE00FC00
0202FF010202FDFE
0301FDFC01FFFCFF
02FBFDFF02FEFDFD
02FF000104FEFFFD
FC02000002FEFC02
FCFFFEFD00FD0004
FE020303040202FE
FDFFFCFB0301FD03
0002010102FC0105
FEFE01030101FDFF
FBFF02FCFEFCFD02
FE02FEFC0600FF01
0002020302FC0003
FFFD020201FD01FE
0303FC030202FFFD
03FD02FF02FDFDFE
FE0004FB0003FC03
FDFFFC030200FEFD
FE02FC020201FD02
03FBFFFC0101FCFF
0201FFFDFDFD00FB
0100FEFD0203FBFD
0000000201FDFE01
FE00000101FF0301
0002FFFEFCFEFF03
FFFDFEFFFD030302
02FCFF0302FDFDFC
01FDFEFCFF01FEFE
03FCFDFFFE01FC00
FC030103FCFFFEFC
FEFFFDFFFD03FDFD
0400FFFEFFFE0000
01FD0102FDFD03FC
FC03FD0001FC0203
FC02FF0102FDFEFD
03FE03FE0102FE03
020202FFFDFC00FF
02FFFEFCFFFDFFFE
0000FFFD0001FFFC
FD0100FF00FEFD01
01FE03010103FF02
0303FD00FF0202FC
0202FE010300FC00
FD0202FFFEFD0204
00FD01FE03FD0001
00FCFFFD00FC03FA
03000203FF03FCFB
FEFFFFFF00020403
FC0002FE01FFFC01
03FD02FCFEFCFC00
FF000002FDFF0303
FEFC0300FEFEFB02
FFFCFFFD01FCFEFF
00FD0101FE010200
00FFFFFCFBFC0100
010102FD0200FEFF
FDFEFEFB030402FF
FCFD03FE010101FE
FBFF0202020200FD
04FEFB04FE02FCFD
03FB0103FAFEFEFC
0302FEFF05FC02FF
010303020300FFFE
02FCFD04FDFE00FD
FF0302000002FD00
00FD00FC000203FC
03FC02000004FF01
030400FD02FEFD04
FF0403FB0401FE02
0201000300030103
02FCFEFDFD020101
000101FE01FDFDFC
FDFF02FF00FB04FE
FCFF03FF01FD0200
030102FE02FEFF02
FEFB030002FE0101
FFFC000302FFFC04
FD00FFFC02FFFEFF
FC03FF02FF010300
FE0203FFFFFC00FE
00FFFE0104FFFF00
00FC00FCFFFDFC02
04FC0200FCFD03FC
FD03010201FD0105
FDFD03040100FC02
FE00FE01FEFFFF01
0200FC03FD02FDFF
0202FC04FC030201
0203FCFCFE02FFFE
FC000102FE00FDFC
FCFE01FCFA00FDFF
FCFCFE01FEFCFD01
FDFC0204FF0203FC
FF0103FE010203FE
01FE0102FDFD0003
FDFB02FCFE01FCFE
FCFCFEFDFFFEFEFB
FCFE01FFFEFE00FC
FF0300FDFD020103
FE00FF0204010402
FDFE02FDFFFFFE01
FD02FC030002FCFF
0202FF03FBFC00FC
FEFE01FFFFFCFDFB
00020300FFFC0002
FE03FD0303FF02FC
04010200FD0103FA
04020000FD0201FD
01010003FE0000FC
FDFDFD00020001FF
00FCFC0003FFFEFD
FEFF00000303FFFE
FFFFFDFFFE03FF00
010204FF02FDFD01
03FC00FD010403FC
FEFD0102FDFF00FF
02FF0001FD02FCFD
FE0300FDFEFEFDFF
FDFF00FE02FD0203
FDFCFC02FF01FDFE
FFFE020208020004
FE02010003FD0004
020201FD03000201
01FDFCFF0203FF01
030301FD01020002
02FC02FF040201FF
FDFC00FF03FFFE00
020300FE07FE0002
00000201FCFFFF01
FD01FF04FEFF0102
FC01FCFF01FF02FD
FD02FBFE08FEFE06
0202FE0300020202
FB0203FFFEFFFE00
FE03FF01010303FC
FE03FC0400FF0102
FE0202FBFFFF0301
01010203FD0202FD
03FEFF01FC0302FD
04FF00FE01FDFD03
FFFE03FE02FF0004
04FF00FF01FD03FE
02040201FF010201
FE00FF0202020401
030002FE03020103
FEFF00FDFCFD03FF
FCFC0301FCFEFC01
02FCFD01FAFB03FD
FEFBFC030102FFFE
FD00FDFDFF02FE02
FFFE00FDFAFEFD01
FDFB0001FEFE02FD
FCFDFFFCFEFE03FE
00FFFE00FAFB0101
020000FFFC01FDFC
0200FFFC02FE03FF
FDFD000104020302
FD020003FFFDFE02
FFFDFE03FFFCFE00
FF02030200FCFC05
FCFDFC0002010303
02FDFC00FF020002
00FD0202FCFC0300
01FEFE000402FEFD
FD02000201010001
03FFFDFC01FCFF04
FE020001020002FE
03FF0000FDFEFC01
FCFB0000FCFF0000
FD02FD03FF030301
00FCFC03F9FD0100
FCFEFC01FFFFFB02
FBFC030002FEFC00
00FDFD01FC02FEFA
0103FC01FFFF02FC
FE02FE0100FFFD02
00FDFC0402FFFCFD
0103FDFFFE00FC01
FC00FC00FC0400FF
000103FCFF030102
0203FDFEFF01FB00
FFFCFFFC03FCFBFF
0203FC0101000002
FF00FF0204FFFD04
FF0201FC04FF01FF
FD00FEFC030300FF
FCFF0001FCFFFBFC
0201FCFC0100FFFD
0201FDFE0200FE02
010300FE01010100
0100FD000200FE04
010003030401FDFF
0302FFFEFC020100
FFFCFC0106FE0107
03FE02030003FE00
FC01FE0301FE03FF
0103FC00FEFEFFFE
FE02FEFEFDFE0300
0002FDFFFE02FCFC
FE02FC01FEFDFD01
02FD00FCFEFEFCFF
01FE0103000401FF
02FB0303FE030104
FEFDFD0100010000
FEFE02FEFFFE00FF
00FF00FDFE0102FC
0302FD0301FEFE03
0001FF0303FB0203
FDFFFEFD00020003
FFFF02FB02FD0300
FDFC02FBFDFB00FF
00FD000203FEFC01
FE0201FDFE0101FE
0304FDFFFD000301
FC02FC01FF0203FF
FF03020000000201
FFFEFE00FC030201
0202FCFCFD000100
FBFD01FF02FEFD02
FE00FFFF0501FF00
0202FD0201FFFC01
0200FFFC02FE0304
FE01FD030002FE01
0202FD020001FEFE
FC0200FE030100FD
00FEFCFDFD00FD00
00FDFC0102010100
FDFF01FBFF02FC01
03FF01FE00020203
03FF0101FC030001
02FEFCFE01FFFDFD
FD01FB0001FCFFFB
FDFDFC03FE01FCFC
01FEFDFCFDFF0000
FEFDFBFEFE05FF02
FD0002FC04FE0001
FDFF03FE00FDFF00
000002FDFD03FCFD
0202FFFFFD0000FC
FFFEFD03FDFEFD04
FF03FF020000FF02
FDFE00FDFAFFFFFC
FCFEFCFD00FCFEFD
0000FF0002FFFBFF
FFFFFC02FF010301
02FF030002FEFDFB
01FFFDFFFDFE02FF
FCFD02FFFC03FDFE
02FF00FCFF010100
FDFD03030003FBFE
FF0200FEFAFFFDFB
0205FD02FBFFFEFE
FD0002FFFB0000FE
FF0000FF00FFFB01
01FB0202FC01FDFD
FFFBFDFDFB0002FF
FF010001FD000000
FF03FE00FCFCFDFC
FF0301FEFCFE0300
FFFDFD0001FF03FF
0100FF0302FEFEFE
02FF0100FE01FD02
02FC020300FF00FC
02FF000006FD02FF
010100FD0701FD06
01FC0000FD000103
FCFEFC020202FE04
02FDFCFDFFFF0302
FEFF01FE08000003
02FDFEFE02020204
FF0001FD03FD0001
0103FD02FD00FE03
FCFCFFFEFD000001
FCFDFBFC0203FF05
03FC00FB00000300
FC02FDFFFE02FDFE
0002FDFF0000FF04
02FDFF010402FC05
FDFDFC0301FEFF00
0001FD02FE010303
FE02FF0204FDFF02
000300FDFDFF0301
FCFB00FD03FFFEFF
FF00FDFD0401FF03
0204FF010002FE00
FDFCFCFB03FD0300
0204010100FCFD00
02FE010100030103
FC02010300FEFFFF
FD01FEFD02030006
FE03020001FFFDFE
FEFEFFFE04FF0003
FEFF000100FEFF03
02FE01FD0202FFFD
FFFCFFFEFDFEFCFB
01FFFE01FCFFFC04
FE020201FCFEFCFE
0001030301FF0202
FE010002FD0103FC
02FEFB03FF03FB03
000201FFFF030002
03030101FD0401FC
FDFEFCFFFC000000
FD01FDFC0102FE01
FE0101FDFC0201FD
FEFDFBFDFFFEFFFF
0300FDFC00000201
FF03FE0201FE0300
000203FC0103FC01
05FE0201FF0303FC
FDFEFD0204010301
FEFC0201FFFC0200
03FDFEFC05FCFC08
0001FCFE030101FE
FC0102020103FE05
FCFC0203030204FE
FCFC00FEFE00FF00
0103FDFB05030006
00FC00FF0004FEFF
FFFCFDFB04000203
00010103FE01FDFF
FCFD0001FFFFFDFE
FF00FDFEFFFFFF02
FEFF020100FF0305
03FD0202FB020201
0002000202FD0102
FF01FDFD02FFFD01
0104FE0104FC03FF
0002020000020103
03030200FE000004
00FBFFFEFF02FF01
FDFCFDFFFB02FCFF
0300FCFBFF040202
FFFC010106FC0201
0101030100020205
020102020500FE02
0203FEFF0600FF00
02FCFB020101FC05
FDFDFC010300FF02
FE00FDFC01FF0003
0300FDFE04FE0100
00FD02FEFD0200FC
FC00FEFE00FEFC03
0002FD0000FF0405
FEFFFFFD08FF0105
FCFD020100FE0202
010100FD0100FD02
03FD020101FF02FF
010200FD06010102
0103FFFEFE0200FE
0402FDFF0303FE05
010203FF09FD0102
0200FDFF02000104
0100FDFCFEFEFCFD
FDFF030205FDFF05
0000FF0305FD0002
0003FDFCFEFBFEFC
02FDFE01FD02FDFD
00FDFC020201FC05
FEFFFCFFFBFFFFFE
FEFD0203FAFD03FD
FDFEFF0001FC0000
01FCFE00FC02FB01
FF01FD020501FE01
FF00FF0004FEFF06
00FD02FE01FDFDFC
FE03FE03FCFE0200
FEFE03FF0003FC03
03FCFFFD02FE0104
FEFEFC00FB010000
FC0202FF0202FE03
FCFEFEFE01FFFC01
FD01FEFD04FF0101
00FFFEFEFBFCFE01
FD030200FC0101FC
FFFD010006010305
FE01FEFB05FCFD05
FFFBFDFF02FEFD03
FE01FD010400FB04
FFFFFCFBFFFCFF03
FEFEFFFD00010000
0003000104020206
01FEFC01FF030200
FE0101FE03FEFB00
01FEFF0000FEFC01
02FB01FDFDFCFE03
FEFFFFFEFF00FC02
00FCFB0101FCFD04
00FEFEFE05FC0004
010101020002FDFD
01FFFE03F9000001
FF010003FF01FC01
00FDFFFD02FEFE02
FEFB0101FFFCFFFD
04000302FF0402FD
FE03FEFF01FC01FE
FE00FF03000001FE
FF010102FF010300
FE03FCFF000200FC
FD00FE0102000000
00FF00FD0100FF01
0300FCFDFFFEFB01
FDFCFE04FE020102
FE0201FE02010001
FF02FEFB02020201
0201FF03FEFFFEFD
000000FD01FFFDFD
0002000304020200
FCFD03000102FF00
00FCFD02010001FD
0003FFFE01FFFB02
FEFD01FFFE03FF02
01FFFDFC05FD0002
FFFCFD000402FF04
00FD01FE0400FC03
FF02010100FD03FE
02FFFC0102FCFE02
02FFFFFE0300FF00
FEFD000000FEFEFE
00FEFD0300000003
FD00FCFC04FEFF01
FEFEFD03FE00FE03
03FEFCFEFA0200FB
FFFF0403FA00FDFB
FDFCFBFE00FEFCFF
000102FC0103FDFB
04FE000103010300
FCFB0004FA0201FE
02FFFDFD01020000
0102FC01FF0200FD
0100FD0101FEFDFE
FF0302FDFE0301FF
FE000101FE010204
0203FFFDFF020401
01FD000101FFFCFF
FEFDFF00FF03FCFF
02FEFC0204FFFD04
02FDFD02FE030102
FCFB01FF050202FE
02FEFCFC05FD02FF
FF02FE010001FDFF
04FE02FF04FDFC01
0002FDFBFEFEFC04
FD01FF01000002FE
FBFDFCFFFBFF02FD
03FC02FD00FF00FD
03030001010002FD
FEFDFD0100020003
02FE03FE03FDFE03
FDFE02FFFF0002FD
010203FDFD03FC00
FD00FBFCFEFF01FC
FF0101FCFC01FF00
0000FC02FDFD0000
03FFFC000201FE01
02FE01FDFCFFFF00
02FE000300000100
02FF020003FEFEFE
00FBFD00FDFFFEFC
03FBFF000402FF01
FE01000102FE02FD
FEFEFDFF04FCFEFE
FF01FEFEFDFEFDFD
FDFD02FC00030202
030001FB04020403
03FCFFFC00FD00FC
FEFEFD01FC00FCFF
04FD000201FC0004
FF01FCFFFEFD0300
030001FEFEFE00FE
03FD02FE03FCFDFC
02FFFFFB00FEFDFE
FFFCFD02FF0401FD
01FF01FE01FEFFFC
00FEFD01FEFEFF04
010300FEFB030000
FBFF01FDFDFBFE01
02FF01FEFBFC00FF
01FF00FF03020301
FE02FEFF0000FE01
FDFF0202FEFDFE01
02FD01FEFCFDFCFE
FD0203FCFF01FCFC
0001FEFCFEFCFCFA
00FB03FEFCFF0000
FDFC0200FF03FFFB
FFFFFFE200000019
0000001DFFFFFFFC
FFFFFFDCFFFFFFFE
FFFFFFDC00000016
FFFD0001000206FD
FEFD030304FEFC01
FEFEFE01FC0201FE
FEFC000201FD02FE
00FDFAFD03FE0400
0405020400FEFA01
0203FFFF0301FFFE
FDFBFA030002FE02
0101FE03020103FC
050203FE03FEFFFF
020203FD040203FC
0400030003FDFD02
00FCFF0302010201
FDFE010201030501
02FF0000FD0202FE
FEFBFEFE000206FC
0303FF00FDFFFFFE
03FF000300FEFFFD
010401010001FC02
FE02FFFD0403FE01
03FC0002FE0402FC
01FE0200FEFDFC02
FF02040006FDFB02
02FFFC00020003FE
0301000404000100
010204FF0400FD01
FF0403000400FF02
01FF010000FE0201
FFFF0400FF02FDFE
FF03030300FEFF02
FE0402FB00FC02FC
FFFD030303FFFDFF
FBFEFC00FEFE00FE
FCFF0003FFFEFFFF
040701FE0104FBFC
00FF0000FD0200FD
FF0103FE01FF00FD
FE03FD0301030201
020303FF01FD02FD
FF020100FDFF0400
040203FD03FDFDFC
0302000200FE0101
00FFFD02000106FE
FF0201FCFFFF02FE
FF0201FE0200FCFB
06FF05020501FAFF
FEFFFDFE000301FF
00FE04FF0301FEFF
02FBFEFEFC0000FE
000305020502FD02
080305FE00FCFDFD
050002FDFDFEFD03
0001FEFE0202FC00
02FCFDFEFE0002FD
020502FD0202FEFE
0000020001FDFC03
FE0200FC00FEFDFC
0006010305FCFDFF
030302FEFEFCFFFB
0504040000FFFFFE
FDFF00FDFFFD00FE
FEFFFEFD020101FD
FFFFFEFEFD0402FF
01000302FE02FD00
0202FD02FC010202
060201FFFF01FC00
040203FCFFFDFFFC
FE01FF000002FDFF
020405FDFF02FE03
03050202FF03FDFD
0300FE0201FFFFFD
0303FE0204030201
FE03000100FEFC00
040202FD01FDFC00
01FE0102020304FF
040603FC02FF0101
01050400FF00FEFD
060401010700FA01
020505000301FCFD
01FFFFFE03FF00FB
02FBFCFEFBFD0000
FCFDFF0301FCFF02
FDFFFF0302FD05FD
00FB00FE00FD00FD
FEFB00FC0101FFFE
03FE0300FE0203FE
00FEFEFF01FF04FC
FC02FC02FC0102FD
0002FB00FD0301FC
FD0102010200FE01
01FE0100000302FF
FFFDFE00FF0004FF
0302010201FE0503
FDFBFC02FDFF02FF
02FD0300FE030201
01FFFE0300FEFF03
FF0305FF0403FD00
0508040304FDF9FD
040401FD05010002
FD01FB0202020000
06FF00FD06FD00FC
FF01FE020501FEFD
04FF06FE0001FD00
020103FE0203FC01
04FF020102FEFDFC
FF04050105FC0301
070307FD05FCFBFF
0104FD01FEFFFDFE
000505010401FD00
030200FE030303FE
020104FF02000000
FD03000200FCFFFE
030102FD04FCFE02
030602FC06FFFEFD
06080403020000FE
0203FDFD02020202
0301030101FDFE02
030604FF04020002
040002000002FBFD
020006030303FFFC
06FF01010301FDFD
02FF01FEFFFE0000
FCFE01FFFD000001
060001FF04FF0100
FDFEFEFFFE01FC00
020001FF05FCFE01
FF04FFFDFF000003
04020300FD0400FC
FF00050001FEFCFF
0503FFFDFE02FEFC
070103FE0501FBFD
020400FD00FD0200
00FFFF0303FBFCFC
0304020104030100
0103FD02FF0002FE
07FF07FF060001FC
030303050500FDFD
030305010201FEFD
00010002FDFEFEFE
0202FEFE04FFFFFE
0104000302FEFDFE
0300020302FEFF03
0301FD01FE03FEFF
000004000003FC00
010000FEFE00FE00
00FFFFFDFC000101
0101FD03FDFBFD02
FE010003FC01FDFC
03000201FCFC0501
FF03000303FC0303
030301FCFFFE0302
FBFDFD00FCFE05FC
FD0000FF01FB04FE
04020303020103FF
010006FE06020103
FBFDFEFCFBFF02FD
01FF000002FD0503
FF04FD01FEFB03FB
0201FC03FF00FFFF
FCFCFD0202FF05FD
0100040004FF02FC
0209010206FEFB00
000104FE04FCFEFE
050400030201FEFE
FEFDFC0001FCFE00
020200FE030200FD
02FF0502FE00FEFB
FF02FEFF03FC0102
01030201FEFEFD00
01FD01020300FF02
FD00FE0303FD01FF
0401FEFCFEFEFD02
0204FEFE0400FE01
02FD03FE01FDFFFD
03FF00FD0403FEFE
01FD02FDFE01FC02
00FE02FCFEFF0101
050003030401FC00
0003040003FCFDFE
FF0403FFFEFFFDFE
FF04FEFDFF03FD00
040205FE01FEFB01
0004050205FE0203
0001000303FC0201
FFFF040201FDFB00
03010103FFFDFDFF
0404FE03FE02FEFD
FD0301FD0402FCFF
0205FEFEFE000000
020502FC0202FC02
060406030301FB01
0301040001FEFE02
FCFEFF0101020200
02030202FE030002
000104030303FFFC
0003FC03030201FF
0004010100FF01FC
01FBFE01FCFD0102
FE000103FFFD00FC
04FE010101FCFF02
02FF05FE00FC01FB
FF0405FD0203FB01
FE0105FF01FF03FC
03000303FFFF03FF
FE00020202FF0200
FF00FFFB0200FAFC
FE0003FCFD020203
020001FF02FD0202
FEFD040202FFFD00
01FDFD00FD0104FF
FCFE01FD010305FC
0100FCFBFBFCFF00
FE00FFFEFDFFFE03
FE01FAFCFAFC0100
00FD0001FCFC03FD
FFFDFBFFFBFC0402
FCFE00FCFC03FEFF
0002FCFC020007FD
02FDFDFD01010702
01FDFEFBFEFE02FF
FE0401FD01000003
0203FDFDFFFDFD00
FDFF020003FD0303
FFFEFFFD0101FF02
040302FC01000000
0000FE030003FFFE
FC04FFFF01FFFF03
0204FEFDFDFE02FE
0404FE010101FB03
FF01FBFCFCFF0701
00FDFEFBFF0106FF
FFFDFD00FFFC0400
050404FFFE02FC03
00F9FC03FE0104FE
FDFCF903FEFE07FD
0104000201FFFE00
010101FD00FF03FC
FCFCFE0100FDFEFF
03FC00FDFEFE01FC
0000FDFFFEFFFDFF
01FE020302FE0402
FE05FDFDFE03FD00
01020601010301FF
03FCFF01FEFF02FF
FE0003FF03FCFFFF
FFFDFC0003030301
0103FE01FDFD0203
040200FDFE01FCFF
010402FCFFFF02FE
060806000702FFFF
02FE03000400FE01
0200FFFF00FCFFFF
01FD01FF00000200
030000FE0203FD02
0200FDFFFE0203FB
06000603FFFD02FF
0100FEFCFF000203
FD01FDFD02010302
02FFFC00FE0000FD
00FFFFFFFCFD0402
02FDFCFDFFFDFEFD
040402FD020000FF
FE0202FDFD000301
01FF00FEFCFD00FE
03FEFF03FE00FDFF
0001020302FF0301
04FDFD0001FD00FE
00FDFEFF00FD0303
00FCFDFE010003FF
FD01FFFFFEFC0102
03FEFE0003FEFEFC
FC00FB03FD0001FE
FFFE02FD03FEFFFD
080106FC0900F903
00FF050002FD01FC
00060402FFFC0102
030001FE05FFFB02
010202FF0200FEFC
FCFD01FD000301FD
FE03030205FF02FB
02FFFF0201FF02FC
0303FE00FDFE00FC
0503060207FEFE00
FF0604020601FFFD
0005030004FEFDFC
FF00FE0100FC0200
040400FE030100FE
0201FF02FD03FDFE
FD040201FE00FBFF
060102FE02FDFF02
0705000001FDFEFC
FD02010101FD0002
01FC04FCFC03FFFC
FD01FFFCFEFDFF02
03000202FF00FE03
FF0002FCFFFEFD02
00FD01FD01FFFD01
0103FDFC02FD01FE
FDFDFCFDFB020000
03FD00FFFEFC02FF
FFFFFD02FEFC0003
FE0204FF05020003
0203FDFDFE00FDFF
01FD0003FEFE02FF
0101000103FE0402
000002FDFD010203
02FEFF01FEFD0200
FEFE04FFFD0101FE
FEFBFCFF02FF0101
FCFD0200FCFD0303
FEFFFCFCFCFDFEFC
03FCFEFDFE010201
FBFFFCFD020101FE
FD01F801FCFF01FC
0001FE0101FF0300
04FF00FC04010303
010301000300FE02
010000FF03FE01FE
FC0003FE0202FC01
0202020201FE03FD
00FE010202FF02FB
050502FC04FE0101
0100040400FE0201
FFFEFD0202FD03FF
FDFD02020300FE00
0004FE01FFFD01FF
FEFF030003FFFDFD
0201040301FF01FE
010200FD0402FD01
000400FE040201FC
0304030102FF0001
030302FF0101FFFE
FF060101000200FC
010406030602FB02
010100FD02FC0202
020302FF01000503
FF02FFFDFE0404FF
01FCFDFDFDFC0403
FD000002FDFEFDFC
0300FC01FEFE05FC
030002FCFE03FFFF
FE010101FF01FFFC
03FFFF00FD0002FF
0100010301030402
02FEFD00FE03FE02
03FC01FE02FE0102
020201FE030001FC
0103FFFC02FC0302
01FFFE00FD010600
FFFCFE0300FEFEFD
03FD04FF00FF03FE
01FDFD02FD030201
FEFCFDFF01FD0002
01FF01FE01040503
03FCFB0301FF01FD
FFFDFD03FC01FFFF
02030200FF0102FC
000403FE03FDFD01
FDFF01FEFEFC04FD
0102FDFC02020201
01FFFC0102000202
01050201010101FD
FC0000FCFFFD02FC
03FBFDFDFF01FFFF
FF0102FD0201FDFE
000203020503FEFD
02FF020001FDFF00
FFFCFDFFFE01FF01
050401FD05FEFBFD
000603FE0101FD00
0301010101020101
00FEFFFF020000FD
0004FFFF01FD0103
0504FF0205FE00FE
0100FEFCFE00FDFF
020501FE00000000
030104FC01FC00FE
000004FF03FE0100
FC0301FEFD010502
070302FC00FEFAFC
FF0400FC0302FEFD
0603FF01FEFD00FD
FF0002FE050002FF
FFFDFCFEFDFF0302
010301FF02010000
06FF00FDFF01FF00
FE00000302FE0202
FEFEFDFF02010300
0100FF02010104FC
00FE03FEFE0201FE
020705FE0302FB00
0204FDFF00FF0402
02FDFD010003FFFD
04010301FE0303FE
030106020203FAFD
FE03FE01FFFE00FE
FF02020003FEFDFF
01020001FF0201FD
03FF06020301FD01
FE02FEFD00FEFE03
FE02FE02FF0003FF
0004FD0302FEFFFC
FDFD00FF0101FF01
FC0203FCFE010402
010203FFFE000000
0101FCFFFC0203FF
FE01FC03FBFC0600
FEFF02FC020202FD
FE01FF03FE0000FC
FFFEFC02FCFE0000
FFFDFDFE020102FC
0300FF02FF01FE02
0404FD0300FE0500
01FF0002FDFFFDFC
0001020304FC00FF
FE03020103FF0200
FCFD00FF02FFFEFE
FEFFFFFFFB0205FD
FF00FEFEFFFE0602
FAFCFDFF00FF03FD
FDFFFFFB03FF01FC
FE01FFFEFB000401
FDFFFC02FE01FFFD
0101FCFEFF000103
00FCFDFD02FF00FE
05FE01FC000102FC
010300FEFFFE0300
00FDFD03010007FD
FDFBFB01FE0007FE
010101FEFFFE03FD
030400FC03FC0301
00FFFFFEFC0306FE
00030103FEFDFDFF
080304FE08FFFAFC
0401030200FD01FD
FEFD02FEFC000000
0307020102FEFBFB
0006040204FE0000
040400FB05FCFBFF
FDFD000302FFFCFE
0401030003FD02FD
020001FD04FC01FE
010403010403FD00
0101FEFEFEFFFE01
020502FEFE00FFFE
02FFFF0303010002
020500FDFF0302FF
FEFE02000202FFFE
00FE03020202FD02
FE0301FD03FDFBFC
000005010402FE01
FF04040204010300
010200FF04FE0102
02FDFFFFFBFDFF01
FEFF01FEFC0301FF
0301FEFE0102FC00
020405030500FBFD
FEFF000002FDFDFD
0301FDFEFE0304FD
050102FF03FE00FD
020001FCFDFCFD01
0201030004FCFEFF
FFFF0302FEFF0201
040503FD0400FEFF
FEFEFDFDFEFE0003
0001FEFBFF0003FE
FCFF020102FE00FC
01FBFF02FFFB02FC
FC01FB02FFFE03FE
FF02FBFDFD0303FF
030501FE04FF0001
01FEFE00FC030302
00FF00FDFE000301
0102FEFD02FDFD00
0601000204FE01FF
FDFCFBFFFDFD0103
FAFEFDFEFB0002FF
FC0004FCFF0004FD
01FBFDFFFF02FEFF
FBFD01FF010102FF
06000001030000FE
060503030500FF01
FF01000002FDFDFF
FE04040005FF0200
04FF01FEFF00FC01
030501030502FAFE
0102FFFF060302FD
FEFF04FD04FD00FC
010300FDFDFF01FF
FE030302FFFE0000
FE00FDFC03030102
040506FDFFFFFA02
04FEFEFF0201FEFE
0306010105FDFEFC
FF0301020201FF03
01FE050002FDFCFD
FF0001FD0301FE02
070603FFFFFCFE00
0501030400FD0002
000501FF02FE02FD
050302FD04020102
FD0203FDFEFFFDFB
FFFFFF020203FE01
050102FEFFFDFCFD
040506FC00FEFDFD
050603000500FAFE
0203020101FE0000
060100020301FB00
010402FEFD03FDFC
00FEFF03FEFE0100
FE0301FEFDFC01FE
0003FCFD00FDFFFC
FC0001000003FF02
FDFBFBFEFD0209FE
FEFCFD0201FD0100
FF0101FDFF030303
00000000FCFF03FF
FC01FBFCFCFF04FD
FDFBFEFFFF0108FD
0101FEFF0000FEFE
0103FC01FFFC0501
FEFC02FD01FFFEFE
FDFFFDFEFE010802
00FEFFFFFA0207FD
00000002FEFFFF02
0001FCFCFCFDFDFF
03FD01FE040003FF
FD00FBFFFBFF06FF
FCFBFDFFFCFE0600
FD0505FB0100FCFF
000404FD04FDFDFE
FFFCFEFEFC0104FC
01FDFFFD01FC0203
FDFCFD01FEFF01FC
FB0001FDFC0005FC
03010000FEFE02FB
01FC000400FDFF01
FBFEFE0200FC05FC
00FCFD00020006FF
02FFFBFEFCFE0201
FD0000FE03FF00FD
00030102FEFE02FF
03FD01020400FE00
FE03FDFC00FD0403
FF0201FEFE030201
000204020702FC01
000705FD0000F900
01FE01000400FE00
FF00FDFE02FC0202
010304FC05FDFEFC
FF0703FD04FDFBFE
FDFFFF00FFFDFE00
FE040101FEFCFE02
FF03FFFE0402FDFC
FFFDFEFE00030503
00030102FD020002
01FD02FDFD01FEFE
010505FCFEFFFE00
0100FE00FFFEFDFF
FFFDFB0203FC02FD
FEFB00FDFCFEFF02
02FD02FD010402FD
FEFDFEFEFFFC04FE
FFFD02FCFDFCFFFE
FEFBFE02FDFC01FE
FBFFFB0100FD05FE
0101FB02FBFFFFFC
01FBFC01FCFD04FF
FD020102FF0000FD
FBFFFDFDFDFE0703
FBFCFCFFFDFB03FD
01FC02040103FEFF
0201FEFD010105FC
0000040100FEFD03
0302FDFFFF010402
0002FCFEFC02FEFE
00FEFB0200020203
0100FE00FD000500
FFFD01FF02FE0501
FEFC0101FB0003FD
0402FEFFFFFD0400
0003FCFEFFFDFE00
0002FF0101FDFFFC
0202FFFC01000300
FF01FC0002FF0500
FF00FE02FDFEFDFC
020200FD0002FCFD
FEFFFCFC000005FF
FE0300FE02030603
01020201FEFE0301
01FE05FFFDFDFD01
FD01FFFFFC020403
00FD010002FC02FB
FD03020101020300
FF0303FD05FC00FE
00FF00FE01020100
FC01FB0002030003
FAFEFEFD00FD07FC
FBFDFFFEFF0306FE
03FDFEFCFFFD0102
FE02040205FF01FC
FE02FFFBFA020600
02FC000102030503
0203FFFE02FD03FE
0402FEFF000303FE
030202FDFD0101FE
03050404010302FE
FBFE00FE0202FE02
FCFB00FFFCFEFEFD
FF00FEFBFE0102FB
FEFF020103FC0000
FD0301FC02FD0202
FE0203FFFE020002
FD01010301FD0402
02010200FEFE0400
FDFF00FCFEFF03FF
FDFE000101000502
03FF04FE030301FD
010201FF0101FFFD
01FD0203FDFFFFFF
00FC0101000002FE
FE030300FE030203
FFFFFE00FE0201FC
FDFDFEFCFF02FEFD
FDFCFB01FC000603
FAFE00FF00030701
FFFFFF0201FDFFFE
FAFBFBFBFA020402
01FEFBFE010006FC
FC01FB0201030403
FDFF0200FDFF01FC
02010100030101FE
FFFF0000FDFEFD02
FEFC0102FA0003FE
FDFC00FDFD0205FE
FD0202FD00FC01FE
FDFBFBFD020206FC
0000040300FB02FF
FFFD01FCFD03FE00
FC00FBFDFE010102
01010103FF010303
FDFBFEFF01FD0002
00FD000301FFFF02
FFFE0300FD04FD02
FEFDFBFCFBFE0100
0201FB0100FE0402
FEFCFF0204FCFD03
0000FDFFFD00FDFE
FE0300FEFEFCFFFD
FDFDFF0303FDFEFE
02FC02FCFBFD0103
FEFDFB01FB010202
FDFCFF03010100FF
00FFFDFEFC020402
0002020303FE0300
FBFBFDFE00FC0202
030202FC02FB02FE
0305FFFB0101FBFD
020803FF07FEF901
01060500FFFD0001
030004FDFE0102FC
010402FD00FC0200
0504FF02FEFFFBFE
FE0004FCFDFF0003
03FE0001FFFE0103
060501FD08FDFD00
FE030303FC0301FD
03FFFEFCFEFFFEFF
00FDFF00FF03FEFF
010206FC0400F9FF
00FCFEFD00FD01FF
03010301FFFDFFFC
01FCFFFEFE000402
FEFD0103FD0102FE
0103FFFEFBFEFFFF
00FAFFFCFC0202FE
FCFA0101FF020000
01FD02FEFD010300
FF030004030104FC
02FCFDFCFD0003FE
FE01FF0002020201
FEFE0102060203FE
040400FF03FCFB03
FE0200FCFCFE00FD
FB00FDFFFB0202FD
FE01FFFEFE0303FE
030002FFFF0105FE
FFFBFDFF02FDFF03
FEFE0200FBFE02FC
FC01FF0100FD0602
FEFDFEFF00010201
FBFFFFFFFAFD06FE
FCFAFDFDFEFF01FC
00FEFE0202FC00FB
01FE03FC05FDFFFC
FDFCFC020302FFFF
0103FD03FEFB0000
FF01040006FE00FF
0200FDFC02FF0402
030101FDFF040201
00FEFDFE010002FE
0006FEFC0500FCFD
FD01FE0302FC04FD
FDFE0301FEFDFF01
FF02FE00FFFD0103
01FEFC0001FF07FB
FAFB00FCFA0200FE
FBFFFCFE01020502
02FCFC03FCFE0201
FD02FEFD01FD0100
02010202FDFD03FD
FF02FC04FF0307FE
03FDFDFE000404FE
040003030302FDFE
FD020200FDFF04FF
FFFEFE0100FC03FE
03FE020105FC00FC
FEFDFBFDFB0105FB
FD0100FD040000FE
02FFFC00FDFFFF00
03FE0100FEFE0401
05FF05FF00FDFFFD
030103FC020101FC
0103030105FC0302
04FD0303FF03FE02
FD0402FF02FF03FF
0203010102020200
01FE00FCFE000200
FE0402FD06FDFFFD
010103FFFF010202
03FCFE03FF030203
020405030500FBFF
FD020103FFFFFF00
0203FD0200020200
03040002FDFE01FD
04FC02FFFFFF0001
FC00FC0203FE03FD
FFFBFE00FFFD06FF
FDFDFCFEFBFC03FC
02FC01FEFC0204FC
03FE020202FD03FF
FF03FC03FD020201
050300020400FEFE
02FD02FE02030403
FEFFFCFF03FF03FC
030604FF06FCFD01
05FF0502FEFC03FD
FD0001FCFBFF0500
FF020100FFFE01FF
0503020104FFFF01
00FE01FDFFFF0003
04FFFDFC030003FD
01FEFD02FCFDFF00
03000202FF00FD00
FC01FF03000200FF
030200FEFFFF0100
FD03FFFC010304FC
FFFFFEFD0302FD03
00010301000003FE
020004FDFD00FC00
FFFF00FE02FEFE01
0405FF03FE00FDFD
0203FEFCFCFDFFFC
FF01FE03FEFCFFFF
0001FCFF00FFFE02
05FFFF0503FFFE01
FDFFFF0304FE0200
FEFB01FEFFFF0301
FEFC01FDFFFD01FC
FDFEFEFD03FD02FF
FC010002FBFC03FD
FC01FB00FF0200FD
00FF01FEFFFC02FC
000302FBFD02FF02
030406FF0301FEFE
FBFB020301FF00FC
FEFBFBFDFF000302
02FFFC00FC000401
FD05FEFDFDFD0202
FEFCFF01020103FF
FE01FFFFFCFD0300
02FDFF01FDFC03FF
00FEFE02FEFEFD00
01FCFBFE02FF0402
0201FE02FF0205FC
00FE02FCFBFE0101
0002030302010000
03FE01FE010000FE
0103FDFD02FF01FD
FBFCFF0002020002
01FEFCFDFD0105FF
00FD0000FFFF0001
FD0002FFFFFC05FF
FD000000FD02FF00
01FEFFFEFC0100FB
0400FDFF0002FDFD
03FCFF01FDFC01FE
03FF00FE0601FCFD
FDFE03FC00FE03FF
FD00FF02FDFC0402
FC010000FDFEFEFD
0006010306FDFEFD
0500050302FE02FF
00FFFD030102FD03
060003FD00FFFFFD
05FE03FE02FDFB01
040206000400FD00
FF0002FC0501FDFC
FF0500FEFFFEFE00
03000001FD02FDFE
FEFFFF03FC0202FE
0406FEFF02FE0100
00FF00000003FC00
01030101FFFEFBFE
0106060006FCFFFD
02FD0103FE01FD01
010303FF020100FC
020604FD0403FEFB
FEFF0302FF030202
000404FCFE04FDFE
03FE01FFFD0100FF
05050103060000FC
00FD0400FDFF0401
FEFFFFFCFFFE03FD
000101010003FBFD
050000FE03FE00FF
FE0300FF010102FD
0104FF0104FEFD00
FE020203FE00FC00
050106030303F903
0304050302FEFC01
04FF03FF00FFFEFF
FBFBFA0100FD02FE
FDFE01000001FE02
0301FFFFFD03FE02
02FB0400FE010502
FEFC03FE010201FF
0505040100FD03FE
FF0304FE0301FEFC
FAFCFFFEFF0205FF
FF00FF03000205FF
04FF04FE02FDFDFE
FC03FFFFFD000002
0003FDFF02FCFE00
02FEFEFFFEFF0202
FE0202FF01FC03FE
FEFC01FC03FEFF01
FCFCFFFEFEFF0303
FD00FEFC00FDFD02
0303FF010103FF03
070909000802FFFD
FE01FE000100FEFD
FE0603FDFFFC02FE
FDFD0200FDFE0203
02FF03FCFEFF0100
01FE00000502FC00
03FE03FDFFFC03FD
050708020702F800
FCFC0202FD0001FF
FF0305FF0501FF03
04FF02020300FDFF
000401FE0200FA03
FCFF0101FCFDFEFC
00FCFEFE000205FD
03050601FEFEFF02
050504FE06FC00FF
030101FE04FEFD03
0302FCFE05FFFFFD
04040002FFFF01FC
0101030200FD03FF
FCFDFEFC02FC01FE
010500FE0303FEFD
FE0203FC02FD0001
050601FD0302FB01
0300FFFC0101FD00
0406010006FEFEFE
FEFF00FD030000FF
01FD00FFFD0104FD
030202FD06FFFFFC
00FD040000FE0101
00FFFFFFFFFCFF00
FFFF03010500FDFD
010703FD080200FF
FDFD05FE0100FFFC
FEFCFC02FB00FF01
040502020102FEFF
060402010803FC02
0304FFFF0503FCFF
0004FFFC03FCFF03
090106010202FBFC
FE0301FCFEFD0101
FD02FF0100FCFE03
03FEFEFEFDFDFD01
030604010402FD02
FD010000FFFE01FB
FEFEFDFE00FE02FD
01FFFD03FD02FFFE
FBFFFEFEFD0101FF
FDFCFDFBFEFE05FC
FE02FDFFFDFDFF01
03FE000200FCFDFC
040406000703FAFF
010504FDFFFEFBFD
00FCFD03FFFF0102
0002FE0002FEFEFF
01FF02FC0404FEFC
0505040300FE02FC
FC0301FE0202FEFD
00020201010303FD
0202FDFE01010102
01FFFE0305030003
FE010003030101FF
01FF03FCFDFDFDFF
040304FF0702FFFC
040406FE0401FBFF
FF040002FDFF02FD
03FFFFFE00FDFEFD
FF02FFFFFE00FFFC
FE0203020001FD03
0101010004030102
FFFEFDFDFEFC02FB
0401FDFE0201FCFE
0100FDFDFD0303FE
02020401040203FD
0001030004FD0201
0306FFFF00FEFF01
FF0301FE0200FFFC
0303010002FE02FF
FCFCFC00FEFF0703
FB01FDFEFF04FDFF
0305FFFDFFFFFEFE
FDFD00FDFBFE0302
FCFE03FEFDFF03FD
010202FCFF020103
FFFE0000FF0204FF
00FDFEFBFEFE0102
0100020201FCFFFD
03FDFF00FD010301
010201FEFFFFFD01
01FFFE02000202FF
FBFFFA01FE0101FD
030201FC0401FCFD
0305FF0200FEFB02
FD0001FCFFFFFEFF
0404FE02FE02FD00
00FD03FF01FCFDFD
FFFE01FB01FCFFFE
040203FDFFFEFC02
0503020201FD0101
02FFFD010101FEFF
03010601FF0101FC
020102FFFEFCFF03
040300FB0403FA00
0100010302000401
02FF0402060200FC
010103FE00FE00FE
03FFFF0002FE04FF
010605FE05FEFC00
0200000102FC0103
FF02FE02FEFE0102
00FF00FBFC040203
FBFCFBFCF9000302
00FC01FFFE0300FE
FE0001FE000003FB
0003FC0303020201
FBFCFAFC00FF0501
0203FC02FC020500
FDFE01FC0100FF01
FA01FD02FCFF0300
000402FD02000200
0201FDFE0102FDFD
FCFD01FF020005FC
FDFC01FF010306FE
FDFD01FDFEFE0202
FE010203FF04FD02
FEFCFDFBFBFF0200
030100FF04000002
000304FD03FDFF02
FE03020004FF02FD
0003FFFF000002FD
FF0101FDFD0002FC
0204FFFEFCFDFD03
00FE01FC010302FC
04FFFDFC010201FE
FD020501FF01FCFC
050403000403FDFD
04FE00FC0603FDFB
000300FC01FE03FE
FE0404FF03FE0000
FCFBFF000102FFFD
02010203000205FE
020402FD04FD00FC
FF0003FEFFFCFE02
03FE03FCFB0302FF
000302FEFE0003FF
FDFE04FEFEFF01FC
FE0200010102FF01
FF01FDFFFCFDFEFD
020303FCFFFD03FD
06020401040200FD
FB03FD02FCFD01FE
0104FEFC0501FDFC
FD0403FEFEFB0101
FD02FB01030302FF
00FF00FE030303FE
030104FF0502FB03
020101FFFE00FDFF
FF03030300FFFEFE
00FF0101FC000102
FE04FEFC04FE01FE
FFFE01FD02FD0103
FDFFFD0105FEFD01
FCFFFDFF0202FFFE
FC0100FF00FF04FD
01FCFD02FD04FE01
00FC02FDFD02FFFC
FCFCFDFDFBFC0501
FC01FBFFFFFE0201
FDFEFF03FCFD06FE
000101FEFCFD03FC
0200FEFEFCFD00FD
0000FDFDFF0305FE
FFFEFFFDFB020400
FEFE010300010002
0000000BFFFFFFD6
0000000A00000012
FFFFFFD6FFFFFFF8
0000001200000015
03FD0000FCFBFBFC
0102FF000402FE01
FC03FF060001FDFD
FCFE0200FFFDFCFC
FDFB0402FEFD0201
FDFEFFFC040002FD
FD01FF0005FF0002
02FCFE04FE0300FD
03FF0000FC00FD03
FE02FEFD03020503
03FD00FE010301FE
01030203FD030401
FD000104FBFEFBFC
00000101FD0102FD
02FD0303FFFDFEFF
00000008FE00FE03
01010201FF00FEFD
02FF02FBFE00FF03
0101FFFEFEFD01FF
FC0002FE0201FE01
FD01FFFDFCFE0201
FF0102FF00000202
020001FE02020700
FD02FD00FFFE0302
00FEFFFE02010203
01FC010001FF03FF
FCFC050003FE03FD
0003FE04FEFF0301
03FEFD00FF01FFFE
0003FDFE04000200
FEFCFDFE00FC02FD
0400FDFF000001FF
FB0405040202FDFC
020003020100FF00
FC00FA01FF0104FD
FE010204FC03FEFC
01FCFEFEFE020302
01FD0101FDFFFCFC
0200FF0002FCFF01
0100FC0200030303
0302FC02FEFC00FF
FEFEFD01030105FD
FC000207FDFEFE00
02FEFDFD00FC0000
FFFCFCFE02FC04FE
FDFD00FAFFFE0100
FCFEFF00010100FE
FF02FFFFFE0203FC
FCFC0005020103FB
0003020201FDFE02
02FFFDFF010305FD
020000FCFE0002FF
02FEFEFEFF020202
FC00FF0501FEFEFC
FCFEFE0204020303
FFFDFDFE02FD00FF
02FD02FE040303FD
FDFFFD0103020504
0000020200FCFEFF
FCFEFE0002000004
FE0000FDFEFE02FF
FDFF00FD00FD0501
030004000102FEFC
01FC01020401FF01
030303FD02FD04FE
02FFFC03FFFEFF00
FD0303000102FFFE
0200010104020600
03FC00FC00FCFD01
00FEFBFB05010100
FF01FE02FCFD0103
FFFE0000FE000303
FDFEFF01020000FC
0303FDFFFEFD00FD
FE0201FF04FCFD01
0101FCFB040306FE
0003FDFFFFFE0602
0003FA0105FF0701
00FEFEFC04FF0301
FFFD01FEFFFD0000
02020405FD01FC00
02FC0206FA0001FE
FDFD020200FD03FD
FDFB0603FD02FC03
FB010402FE03FCFD
04FFFE0001010300
FCFD000503FBFEFD
FF040401FBFCFBFF
FB010305FEFDFEFC
0201FDFE03FF0203
01FD0403030103FF
0202010402010203
0004FEFEFFFDFEFC
FB010301FC0201FE
FDFC050504FCFE03
00FD030400FFFC00
0000FEFF0103FFFC
00FEFDFC07FF09FF
000300FD03020401
FFFE020301FF0202
02FCFEFA02FD0200
FF02FFFC02FE0403
FC0101FDFF020500
0200FF0001FF0101
02FDFD00FF0102FE
040100FDFF0000FF
FC0300FD04000304
00FDFD0005020103
FF0000FD010304FE
01FF010400FE00FF
040101FAFF0004FE
04FBFF0101FEFBFF
00FE00020202FF02
FBFEFAFC06FC0501
FF02FEFC02FE0704
00FD000301FE0002
FDFF02FD04FDFFFD
FCFCFA0105000104
0303FBFD01030603
02FE01FF05FF0102
FE02FCFC00FE0602
0001FD040103FC00
0002020501000304
FCFDFFFD02FF0605
0001FE000301FF00
FD00FBFC0200FFFD
FDFE03FC04FEFEFB
FB0202FF00FE00FF
FDFC0102FF0400FD
FB00FFFE00030600
02FEFAFA06FD0102
FCFCFFFF01FCFFFE
FBFFFBFB0302FFFE
FDFEFDFD050200FD
FF02FDFEFF010100
0200FDFF05000003
0002FCFD00FF0105
FDFFFF01050204FE
0202FFFCFE020402
FDFD0000FEFF0503
02FC00FDFFFFFDFD
01FDFA01010305FE
FF00FF01FE02FF03
00FF01FDFFFD0504
FCFC000100FCFD03
0204FE0302FEFF00
FCFC010002FEFFFE
03FDFE00FCFC01FD
FC03FF000100FD00
01FDFFFC01FF0304
0303FE03020204FE
03FC0102020000FC
FFFF03FF02FFFE02
0400FE0202030103
FDFEFAFD06010000
0101030200FCFBFC
FC02040102000201
03FD0200FEFF0100
FDFE0503FDFE00FE
03FE01FEFEFCFE02
FF010200FFFE03FD
FFFDFEF900FE0001
00FEFFFD04020502
FCFD00FDFF000202
03FEFDFD020001FF
FD02FEFC03FDFE03
FBFBFFFB04000502
FC02030202FCFE00
00FF02FBFF0304FF
FDFBFEFF04FEFE00
FC00FEFF03FC03FC
03FFFC02FE0302FD
01FFFFFD02FFFEFC
02FEFDFEFEFC0202
FFFBFC0302FC0101
FFFCFE0304030301
FFFDFF0201FF0102
FFFC010004FD0603
0302FFFCFF010200
01FEFFFD03FF0300
FC01000301FDFFFD
FFFFFCFB02FD0600
FE0101FD02030503
FDFF01FE02FDFC00
0201010001FFFFFC
FFFCFF0203020001
FD02FBFD01FC0301
000203FB03FFFFFD
03FF01FFFF00FEFC
02FEFF02FFFF0302
FCFEFCFC030000FE
FEFF0002FE030103
000202FFFDFD0002
00FEFE05010002FD
FE01FE0202FE0300
FD00010304FE0001
FE0100FDFE03FDFB
0300FF000201FFFD
02010202000407FF
0301FC02000005FF
03FEFFFD03FE01FD
05FEFDFDFFFD0003
01FCFEFD0300FEFC
00FF00FE03FEFFFE
01FEFF0501FFFEFF
FD0203FD05FDFEFE
03FB00FEFE00FDFE
01FD00FF01FCFE04
FCFD02FE02FDFF00
00030004FEFC0100
FFFD000001FEFEFF
FBFD0303FD0002FD
FDFF02030101FD02
FE000203FCFE0102
FC040202FCFDFF02
FCFF0303FDFDFE00
FD030202FE000000
0002040200FFFAFD
FE000000FFFF02FD
00010005FD0201FB
FD0004FD0000FFFE
03FCFEFF02FDFEFD
FEFD0305FE02FFFF
00FC010303010001
FE0301FE00010101
03FFFF02FC010100
FCFDFE02FEFC00FC
01FD01FF0402FFFD
FF020200FE010100
00FE0106FC01FA01
020507070002FB00
FE04FE04FCFCFE03
FDFD020103FFFE03
FF03060100FFFE01
FD000701FA01F901
01FF050201FDFC01
FF00FF040401FD03
FE03020201FF0201
02010304020002FF
FC03FFFF0202FEFF
FF030502FDFE01FF
0303FEFDFEFE0303
01FCFCFB050302FC
01FE0301000004FD
0000FFFE0302FF02
FC02010301FF00FE
FE0300FE04FB0001
02FFFCFCFFFC01FF
FCFFFD00FF010504
0100FE0102FF01FD
02020203FEFE0502
FE0001FF04FE0302
FFFEFF0402FEFF02
00FCFC01040303FF
03FD010304FDFF00
0202FD0206000203
FF0101040200FF01
FF0301FDFE02FFFD
FE000102FF03FC01
00FDFF0001FB0100
0305FD0400FFFDFF
00FFFFFEFFFD0200
0202FCFD030300FE
FFFC03040000FF00
FDFBFD0201FE0202
0203000305FE0103
FEFF000004020102
FD020202FDFD0201
FC030600FEFE00FE
02FE00FF03FC0301
03FBFEFE02FF02FF
0200FF00FF01FD01
02FF040100FEFF03
0101FDFF01FF0801
03FE01FE00FD0401
0200FD02FF03FF01
FD02FFFE06FD00FE
03FC01FD04010203
FE0301FF01FEFEFF
02FB01FD05040300
FFFDFFFE02FD02FD
02FF00FD030303FC
FFFDFEFE06FE0300
FE01FAFD0601FF03
0002010204FF06FE
FF020404FF0203FE
02FF00FFFE03FE02
0202FF020203FFFD
FF00020204FEFEFF
FC02FFFEFF000502
FFFE010006FE03FD
FCFDFEFEFFFD0404
02FEFE01FFFD03FF
FFFE0404FF0200FE
0103FF00FF02FDFE
FEFDFF01050303FD
0302FC03020200FF
FEFE010001FDFEFE
FDFFFF00FC03FC01
FDFDFDFEFF00FFFD
FC03030202FEFEFD
0101FEFD02000403
00FE0302010305FF
FFFE03FF04FE0400
000100FFFDFE0202
00FE00FDFCFFFD00
FFFE01FFFC0402FE
00FD0500FC010101
FF010500FF0201FC
FF0201FF020301FE
FDFC0100FFFCFDFF
FFFEFFFDFDFF02FD
FCFF0204FD02FD00
02FD0401FDFBFAFE
03FD0206FE04FEFF
01020104020103FD
FDFEFE01FDFD0002
030000010503FEFE
02030001FF0002FE
FDFB0301FE000200
FEFE02FD0300FFFD
FFFEFBFF040002FF
FC01FEFF020101FF
03020404FF030200
01FC04FFFFFF04FC
FF02FD0303020501
0202FCFFFE020303
00FC000302000002
FBFD02FD03FC03FC
FC04FFFD04FD0000
02FCFFFC01FE0403
01FDFFFDFEFCFDFC
FFFCFE02FF030003
FE00FD0104FC0604
FB00FF02020107FD
030004FE02010203
02FD060301FF00FF
00020606FCFE00FD
0204FE000204FD01
0302060401FEFBFF
00FCFF0502010002
00040001FDFDFFFB
FC020000FDFE00FB
030102020402FF03
01FF0304FDFE03FD
03FF05FFFF03FEFC
FEFF010204FF0703
0201000000FF0302
FD030106FEFBFF02
FC0005FEFF03FDFE
0000FE0301000401
FEFB01FEFE040101
FBFC06060000FA03
FF020302FC0100FE
03000001010002FC
00040201000001FC
0203FFFC00FDFE02
FEFDFD04FF0101FC
FF03FE0402010100
FE040602FEFCFB01
FDFE0303FE03FB00
FFFEFEFDFE0000FC
FF01FE01FB0102FF
FD030000FB02FDFE
030303FE01FE0303
03FCFEFF00FD0203
FEFCFE01FEFF0300
03FFFE03FFFC0400
00FC02FE030105FD
00FCFCF901FD0001
FC03FBFE060006FF
FFFFFD010303FEFF
03FF000205FD0302
00FF00FBFEFF0301
02FEFDFF030000FD
FD0301FF01FE00FE
010000FB01FDFFFE
0303FD01FDFC0501
FFFE05FEFFFDFDFD
0203FF00010301FD
02020303000304FE
00FBFDFF03030201
0404FCFC0003FEFD
01030102FD000300
FD0101FE030303FF
0302FE00040106FD
00030104FC03FBFD
FE010004FD00FD02
FE04000303FFFEFE
010104040100FFFC
00FCFFFA06FD0400
01010404030100FF
0302FE02FDFC0400
01FF02FC02010401
FD02FDFA04030401
00FA0100FE02FDFD
02FFFCFF04FCFEFE
04FEFF020001FE00
FEFFFFFFFEFF02FD
FFFF010101FCFD03
FE00FF02FCFEFCFD
FE0100FF0100FB02
FEFC0105FDFD0002
02030200FDFEFE01
FBFB01FEFE02FE03
FD020406FDFC02FB
FFFE020501FD0000
0004FF01FD03FFFD
FE00FD03FDFEFD04
01010301FE0101FE
01FEFE0402020301
FE00FF01FC03FCFF
FF000003FFFDFD00
FDFDFEFC00FC01FD
FD0202FEFF040101
FCFE03040002FFFD
FE010300FEFC0202
02030603FBFFFFFE
FE020303FBFBFD01
FFFD06060002FAFC
02FB0204FFFBFB03
FEFE0506FCFE0101
FDFF030500020203
FEFE0605FFFBFE01
FFFD0404FCFBFE02
FD0101FF00FC0102
00FCFD0003FD03FE
FD000306FE01FCFC
01010105FFFDFEFF
01010005020000FD
01030203010104FF
FD030402FE00FB02
FD0200FB04FFFE03
FCFE00F906020203
FDFDFFFC050004FB
FF00010100FC0000
FFFDFE0100030003
FDFCFAFC04FF04FD
010200FF05FF05FF
000103020100FF02
03FEFC0005FCFFFC
FEFF03FE01FF0402
FF03FF0007FF02FD
03FF0301FEFDFF02
FB02FFFD03FF00FF
01FEFB02FE01FF00
FF0001FEFF0005FC
FE0003FEFD00FE01
01FE040300FE02FB
0102FF0204FE05FB
01FE020103030101
0004FE000300FEFD
01FFFEFEFE0405FD
00FF0205FEFEFFFD
0301030402010302
FC0103FC05010403
FC02FF01040300FE
00030101FF0105FE
FEFDFE05FFFD03FC
01FFFFFA05030300
00FE04FE02FCFF03
0401FCFD030005FE
03FE00FB0003FE01
0302010003020202
FF000000FFFEFCFD
020203FEFDFFFCFF
02FC0300FEFB03FE
01FE0503FDFDFDFE
00FE0005FC00FD01
01FC0306FEFC0203
FBFF00FF05FDFEFD
FFFE0202FBFFFA01
FE000005FD01FD00
0003FC00FF00FE00
00FF00FFFF0301FE
02FD0506FA03FFFD
0200020101020000
0003FFFEFF02FFFF
FF04020301FFFFFC
FDFF0405FEFFFE01
FCFEFF0001FD0200
FDFFFBFA030104FE
FBFBFFFC020200FF
0001FEFF03FE0202
00FDFCFF06FE0200
00FFFC01000200FC
FE02FEFFFD03FE00
FE0202FE04FE02FE
FDFEFFFC03FE0402
FC040103FCFF02FF
FEFC02000203FFFF
FC03F9FC04FF01FF
02FFFC02FE00FD03
0101FBFB04FE04FE
FFFEFC03FD0300FF
040002020200FE03
FBFC00FD01FCFEFF
000100FD010400FD
FD02FAFA070103FD
FCFF000005FD02FE
FFFF00FA03FF0400
FC03FE01FF040100
02020200FEFFFE03
FD00FC02FD03FEFC
FFFD01FD05FC0203
FD00FAFD02020701
FDFFFDFD05020303
02FBFD0105010500
0100030204030202
0100FC0102FE01FF
00FC02040403FF03
FD01FE02FEFEFD03
FF0202000101FA01
FF030405FA01F9FE
FFFF00000102FFFD
01030500FCFCFE01
FFFC0400FD01FFFC
FE030001FBFFFFFF
FE030003FA03FA01
FEFE0501FE02FA03
FFFD05FFFFFE02FF
FCFFFF0501FFFB00
FE00FF00FF02FE00
03000604FCFCFE05
02FC00FEFCFB01FE
FFFE01000204FD02
00FC0402FEFDFFFC
FC0301030000FAFF
03020501FFFCFEFC
02FEFC01030301FD
0202FEFB05FE0200
FF010204FBFDFDFF
FEFE03FEFFFEFE01
FFFE0004FD04FBFE
FDFE010402020003
02FD01FEFE010200
FD020300000302FD
00FDFF00FCFEFE03
FFFD00FEFCFFFE00
02FC020303FCFC01
01030202FD03FCFD
FFFC0203FEFDFEFC
020002FFFE02FE00
0102FDFF03FFFE04
02FE0203FEFCFFFD
FD01FDFA070203FE
00FDFBFE03FE0203
FDFD03FDFDFF0200
02FE00060200FB01
01FFFDFF00FE06FD
FE0300FE05FE0002
FF0104FEFCFE0402
03FE03FC050104FE
FE02FDFE01FD00FE
0203FE0101FCFF03
02030503FE000303
FFFFFE00FC010000
FC0001FF010203FF
FC040301FC030001
FF00FF06FD00FEFC
FE0201030000FB03
0102010102FD02FE
FC0002010001FF04
0303010200FEFFFC
FDFD04FEFEFCFC03
00000202FEFFF902
FC00060501FEFF00
030301FFFD01FE03
FD0302FDFDFFFD00
FCFF0301FAFFFCFF
0102040701FBFC02
FE020404FC02FAFD
FFFF0000FFFD03FC
04FBFF0205FE04FD
FEFF02020003FDFD
FFFDFE000301FEFF
03030004FBFE0200
FE03030501FBFE01
FC040504FFFF0103
00FF0403FD020003
FD01FF00FC02FFFD
020202FE0200FE02
0000FF02FDFD0300
02FD00FFFE01FA01
FDFF0401FEFFFCFE
FEFEFE04FFFF0201
00FFFFFD00000100
FFFD0100FDFEFE03
00FFFF0503FFFFFF
FEFDFE0301010002
FF01FCFC0300FFFD
04FE0301FF030201
FDFD0600FDFEFCFC
0302FF00FE0200FF
FD00FDFDFEFDFFFD
FD020300000200FC
01FD030200FFFC00
03FD0208FDFCF902
02FCFF01FBFDFAFF
FC02FE0400FC0000
0102FE040202FE00
03000602FBFEFBFE
FDFD0304FDFE02FD
FCFE0301FBFDFD01
FD0103FDFF000402
FE02FD04FD010303
0202010401FC03FF
03000502FEFD00FD
FC0201FFFB01FE03
02030504FCFCFF00
00FD0303FFFC02FD
02FCFCFDFFFFFE00
00FD04FFFD00FEFD
04FCFD0204010402
01FF0102000004FF
FFFDFEFEFF040203
FCFFFF02FE03FF01
01FE0302FD0303FE
FC00FD02FDFB0300
FF030404FF02FD01
FBFF0301FBFDFBFE
02020202FEFD0101
00FF0304FEFC0002
FB0005FFFC02FFFD
FC000601FEFCFAFC
FD0507040101FB03
00FE040000FDFEFF
FE030307F903F903
FD0201FF00FDFFFE
FFFC06010304FD01
01FD0503FD01FAFB
FE03FFFF02FEFDFE
030104040303FDFF
0304060302FEFFFC
00FF0104FBFE02FF
FFFDFE03FD020303
FE030501FFFBFBFD
020201FD04FF0400
FCFBFE0100FC0001
FD04020101FDFEFE
FDFF050000FEFC02
FF0205020101FBFD
FFFD0002FBFD01FD
020301FFFC0201FF
FDFD0100FFFE0000
FDFF00FEFEFC0103
FC0302030100FE02
00FF0300FE0001FE
FD02020303FEFCFD
02FDFF0000FF04FB
FF01FFFF00FEFEFF
FB01FEFF01FF01FF
FDFF030501FFFEFD
FEFE060302FDFC03
0300FD03FEFDFCFC
FFFF0602FC03FF03
0100FF00FCFC0001
01FDFEFD04020301
0100FAFC05030500
FDFCFB02FDFD00FD
02FF00FE04FC0303
0303FE02FDFF0003
FCFFFBFBFE000101
FEFEFD0300FEFE01
FC0101FD00FC0202
04FCFDFF02020402
00010301FD00FCFF
FB02FBFD010100FC
00FC01FD0300FDFC
FE00FBFC03FF0302
FDFFFE0202FD0403
FEFFFFFE00030001
00FD050500FD02FE
02FE0204FC0301FC
FF0005040103FC04
00010102FB000101
01010106FE00FB00
FEFE020200FDFEFF
000202FEFDFD04FF
03020102FDFFFEFF
02020104FE000202
FFFC0202FF020302
FD03010002FE0401
FEFD0402FF0202FC
FC020704FF01FAFD
FE03FE050102FE02
FBFF0101020103FC
FC0003FFFEFF03FC
03FFFF07FE03FE02
FCFC0404FD0301FF
0001010302FCFE04
FDFC0604FE01FAFF
FF020106FFFF0101
FEFF030205FC0202
FCFE010104FBFEFD
FE0202030103FCFC
030002050200FCFB
FC02FBFD03FC02FE
FFFF04FEFEFFFC00
FE010103FDFC0203
FF010204FF03FEFD
01FCFDFD05FDFFFE
0002FFFF00FC0003
FD00030201FE0300
FEFCFF03FC0103FE
00040204FEFEFEFF
01020406FF03F9FC
FD03FF03FDFFFF02
FFFF03FFFF0002FC
010203FF02FF0003
01FDFFFEFC0300FC
020400FFFF020001
FEFE02020301FEFE
020300FC0100FDFD
01FD0201FFFD01FD
FF01FF05FF0202FE
FFFD030401FC01FD
FD000505FD03FF01
010303000200FF02
FC01FD02FDFC0103
FE0002FC0302FD00
00FEFD0002FD0602
FFFEFA0105030401
FF04020204FC03FE
01FF03000000FE01
FD01FEFEFF010302
FE0302FF03FEFE03
FC00FDFDFF0203FE
FDFEFCFC0301FEFF
FFFEFF01FFFC0100
00FC020403020302
FE01FB0006FF05FD
FDFEFD03FE020100
FDFBFDFBFF020100
0001020300020000
FBFF040001FCFE01
03FE00FEFFFE03FD
02FF0203FE01FF01
FBFD0001FBFFFC02
000305040201FEFC
FCFCFEFD01010001
020201FE01000301
FCFF020300FF03FF
FDFD020200FDFE02
03FB0205FFFF0303
0201FDFB04000603
01FF03FF05FD01FE
00FCFE0101FFFD01
03FE010101FFFD03
FE02FB02010401FF
01010505FF010003
020000FDFD010301
FF010504FEFFFD00
0301FEFD00FCFD03
0302040000FDFEFE
0002030304000101
FF0202FEFDFF0200
FDFFFFFDFEFD02FE
00FF040103FDFC01
FDFE03FEFD02FD02
FD02FC00030004FD
FC0100FCFFFD0100
FFFD0103FDFE0303
03010401FFFE0004
FDFBFE0400FD0301
04FCFFFFFEFE03FD
02FCFEFE03FEFDFD
FD01040100030300
FEFD0003FF020100
02FE0205FCFE00FE
FBFF0502FC0101FE
FEFD05FFFE00FCFD
FC000104FDFDFE02
01FDFDFC05010003
0101FC0205040503
FF0201000100FE02
02FD03FFFCFC0102
0304FF04040302FB
0002000001000104
FEFD01FFFD010001
00FE00030000FEFE
0200020401FC00FE
FDFB02FE04FD0203
FC010200FE01FFFF
01FF020001FEFBFF
FE030104FF0003FD
FD03000101FE0403
0102FF04FFFE02FF
FE0104FFFEFDFC02
00FDFF0400FE01FE
FDFD04FFFEFD0301
0101060100FEFBFE
0202000200FCFD01
FF01FE0100FDFF02
03FF050500FF00FD
FEFD04030203FD00
0100020102FEFDFD
FDFC0100000403FF
01FD03FF04FFFDFE
FFFE02FEFDFD0400
02FEFDFCFE01FEFD
03FD010105010602
FCFE01FC05010301
FF030400020104FC
03FCFF0103FE04FC
FF0103FD040402FF
FFFFFFF904030600
030201FA01FE0200
02FFFDFB01FDFFFE
FD020200FC00FDFD
FC0100FDFF000003
02FCFD0002FCFD01
FB00FD0102020401
000001FC03FCFE01
01FD0201FFFF0201
FD02FDFE01FF0303
0302FFFE04FCFDFD
03FDFFFD01FC03FD
FD01FF0104FEFDFC
02FC02FF0303FF00
FCFDFD03FFFD03FE
FE0101FCFFFE0102
FEFFFEFF01FCFF00
0102FE01030103FE
00FDFDFD03FC03FE
FDFE010000FD0403
FF00FD02FEFFFFFE
FDFF00FE06000703
0103FD00FFFD00FD
FFFEFCFE05FB00FF
FB00FF0105000103
02FA000001020402
FC0107000100FD02
FDFEFE03FCFD0104
01FFFE05FDFE0202
FEFF0500FEFFFD02
FFFF04FE0001FFFD
0201FDFFFF0000FF
FE030403FF01FE02
0203FF0200FDFF01
FD040102010202FF
FD0103FDFFFE0400
FD03FF01000200FD
030000FDFD02FEFB
0203FFFF02FC00FB
FC020404FCFFFDFF
FF010002FF0101FF
FEFD04FFFCFCFFFF
02FDFF0403FD0300
0101FC0200FE0400
0201FEFE00FE0902
FEFFFEFD00FF05FF
FFFD010301FCFF00
02FEFF0501FF03FE
01FFFCFCFFFF04FF
FDFFFBFB01FD0704
00FC010200FCFE03
FE02FFF903FF0800
FCFEFE0501FDFD01
0303FFFE00020402
FDFFFE0403FFFF02
0000FFFB06FE0000
01FF010202FFFD01
FEFD03FDFDFF00FF
01FDFF0101FE00FC
FCFE01FEFFFCFF02
FDFC0102050204FC
02FE020304FC00FD
020101FC04FF05FF
FBFF000402000403
FCFE02FF00FCFE03
FE02FBFB04010501
020300FC020303FE
FE02FAFE03FD05FC
FE02FFFC03FD0301
FE03FEFD04FD06FC
FE02FDFEFEFD00FC
03FF0402FF03FDFD
FFFFFEFE05000200
01FCFE0300040201
FCFC02FCFFFF0203
02FD02FD02000002
0302FDFA06FE03FF
FEFD00FDFEFFFFFD
00FF0304FEFC00FE
FE00FD0104FD03FD
FD01FDFA03FE0301
FC0101FB02020101
FC02FBFDFF0205FE
0401FBF804FE0202
FD0104FCFE020300
FE01FFFFFF030003
03FE0202030305FF
0302FDFF0200FFFC
FC040103FF00FB03
FC01FDFEFE00FD03
FE00FD01030102FD
FEFE0605FCFF0101
020307060200FF01
FF00FD0103FE0302
0001000403FC0303
FEFDFFFB050001FE
FEFDFDFE03FE0402
02FD010501FC0200
03030203FEFFFD02
FDFF0203010102FE
00FF00FDFF0201FE
FF010202FF02FC02
FE02FE03FE03FFFF
FE03FCFF02020001
FD00000003FDFEFD
FCFE0001FEFE00FE
FE01FFFF01010101
0101FEFA02000303
FDFEFCFC080105FF
FFFF02FD01020400
FB00FDFD05020501
0001FBFC050401FE
FB02FBFC01FCFEFF
00FFFBFB03FD06FD
000102FD01010004
FD0002FE03FC0104
FB01010503FEFEFF
00FE02FEFFFC0203
FCFEFEFF02FE0104
FCFCFBFE0302FF00
FC0203FC0501FEFC
03FB01FFFEFC0300
FDFE0105FC02F902
FEFF0302FF02FF00
FD03030202FFFFFE
FBFBFDFF00FDFFFC
FF01FE030102FD04
0201FD0501FFFD03
01FF0301FDFC02FE
FEFE000200010104
FDFEFF05FDFD0303
FC0100FF01FF03FD
FCFDFD0002010102
04020300FFFFFE03
FC050600FEFDFC00
00FE000103000503
03FEFCFD020305FD
0103060100FF00FD
FBFE03FD03030202
FC0300FC0101FD01
FD0101020003FD02
0301FF02FD0400FD
FD0301FF060207FD
FEFD02FEFF0200FF
00FB00FB070103FF
FC0302FE010103FF
01FEFB0203000401
01FDFFFD01FF02FC
FF01FFFE0101FFFD
FF0004020202FDFE
00FE03FEFFFF0203
0000FDFF060204FE
FB01FEFC03040502
0003FE00000200FD
FD030506FB01FBFE
02020700FC03FA02
FFFD0702FBFFFAFF
FFFB0504FD01FE00
01000003FFFCFCFE
FF030605FAFDFD00
FE010404FC00FD01
FFFD0601FE00FF03
FE040604FEFCFF00
FF030304FC00FF02
02FC030400FE0104
02FD0201FE01FF01
FEFF0601FF01FFFE
0101000204FF03FD
01FCFEFD05000503
00FE0204FF03FD01
FE01FF030302FD02
FFFDFCFF03FC04FE
FEFEFEFF02000201
FDFB020302020000
030100FF00FC02FE
FE030305FD020001
000302050002FE00
02FDFF01FF020300
FB0103FFFEFFFFFE
FF00FCFD06FEFFFE
0300FDFB06FD0300
0201FF02030302FF
FB00FFFF01FF0301
FCFF0300030301FE
FFFE0303FFFF00FF
FEFD01FD03FD03FD
FF03FF03FE00FDFE
00010103FF010200
02FE010401FE00FE
020100020002FD02
00FD02FF00020200
01FD01FEFE00FC02
FE0300FD04FE0203
FE04FB0103FFFF00
FBFE0305FDFF0202
0302010104FE06FF
FFFF0000FD0000FE
020102FE00FCFFFE
00FF0005FFFF00FF
0103FF0300FF02FD
00FC040303FE01FE
01FFFDFD03FD02FE
FDFDFDFE00FEFE00
FFFB0001FEFE02FC
00FDFFFE04FB01FC
01FFFD0403FCFCFF
FEFF0304FC0201FD
FDFE0004FEFEFCFE
01FF0405FCFE0101
FE0303050201FBFF
010200FEFD01FC01
FCFF030201FB00FB
FEFDFF05FC0000FC
FFFD0100FCFD0301
FF02FEFF02FBFE00
FDFA010402FDFE03
01040006FB02FF01
00020106FE01FD02
00000013FFFFFFF0
0000001000000021
FFFFFFFFFFFFFFF1
0000000600000005
0100FEFDFD000201
000104010203FCFD
01000003FF04FD00
04FDFEFE0003FEFD
01FEFF01FC02FEFC
0201FC020300FDFF
0102FDFC03FEFC01
06FEFDFF02060402
00FD01000104FCFE
FF01FB0003FD02FC
FDFE00FB05FBFD03
0400FD0200FE02FC
00FEFFFC01010401
020103FDFDFFFDFC
FD0200FD000401FB
00FF0300FE04FF02
FEFEFB000301FFFF
0200FD0005FCFD01
FE0503FE03FE0003
FC04FF0305FCFB03
03FEFD00FE0103FD
000200000201FEFD
FC0602FF04FFFFFC
02FDFDFFFC0101FC
02FC0000FF03FD00
02000202FFFBFC04
FFFEFDFFFF0201FF
03FDFCFEFE00FCFD
FFFEFFFD0300FE01
0003FD0103FF02FB
FC03010100FCFB00
FEFF030101FF02FE
01FCFD0000FE04FF
FF0001FFFB0001FD
F906FF0303FAFFFB
03FC03FFFD050204
03FD0302FDFF0201
0201FE02FF01FE04
FE04FE01020202FE
FF0302FD04FCFE00
FDFEFF0100FB0200
020102FD00FF0101
02FD0101FE0500FF
0204FE00FF020400
FF01FFFCFEFDFD00
FB04FEFF01FFFF00
010000030100FD00
0004FFFCFF020203
05FDFF01FC02FEFD
FF04030200FB0200
F804FF0105FB02FA
FD0100FC0503FC03
FE07010201FEFE03
05FEFFFBFC01FD02
02FFFF0305FF0202
FD030102FEFB03FF
FE05FFFF0501FBFB
FF03010205FDFF01
0101FC02FDFF02FF
02FF01FD02FCFE03
0300000004FE0103
00FFFD04FDFDFF01
06FE02FDFC02FD00
FF020203FFFF0100
010504FB04040203
FE07030000FD02FC
030301FFFF0103FD
FE01FC010300FC00
0301FDFF01FC0202
FE0502FD00FF01FF
00FEFEFF0000FD04
FF0502FC02FEFC02
0202FDFFFF00FCFF
FE0102FCFE000204
020100FC00FDFE00
FF07000103FFFE01
0105000202FEFB00
F903010002FCFEFB
FDFF00FF02FB00FC
0205FCFF05FEFB04
05FB030001060200
03FE02020203FD01
03FE01FE0202FDFF
07FCFD03FE05FE02
05FFFE00000603FE
FF010102FF0201FE
030202FFFFFF02FE
04FFFE03FB04FD03
020103000105FD01
03FD03FDFDFEFCFB
0101000203FEFD04
04FB00FEFF01FDFF
000302FDFE04FE02
0601FE00FE00FD02
0100FDFC0205FE00
0600FD02FB0100FE
FE01FF00FF03FB00
FB0601FE07FDFEFB
0000FF00FF01FF02
FE0302FFFE02FD00
FF08010200FBFDFB
020202FC00FD01FC
0203FFFD0000FCFE
0001FE0003FF0000
0100010303FEFF02
FC00FFFC010002FF
FD0100FE03FEFFFF
FFFFFDFDFDFEFCFD
FEFF02FC04FDFE00
FE01020403FEFE03
FF0301FF04FA0000
040101010003FF03
FF06000105FD0100
F904FFFF03FB01FF
FD06FEFF02F903FF
FFFE03010001FD03
FD0001FFFFFF0002
FE0600FD05FEFEFB
FE07FEFE01FDFD02
FB01FD03FFFDFD02
FB05010101FCFE00
FFFFFEFDFD0301FE
0100FCFCFD0400FB
FE060102FF01FFFB
020401FEFFFDFFFF
FE0001FEFFFBFFFD
FC01FFFE03FCFF00
000002FDFE00FE03
FD05FF0105FDFF01
FC06020004000203
0102FDFE06FF0302
0203FFFE0401FE03
FD03FE0106FB02FC
FE0300FF0102FE01
FF0102FFFFFFFE01
FF04FE0305FB0101
FF0100FF0400FDFB
FDFFFCFC04FE02FC
FD0300FFFFFD01FE
FF04000205FE02FE
0202FF030402FCFF
FB050100020002FC
030003FB01FE03FC
FF03FCFEFE01FF03
000203FD01FEFC02
FF0400FDFF03FE03
00FFFE010001FFFC
05FDFE000102FF00
0201FD01020301FE
FBFEFF0000FCFBFC
0101FBFEFEFFFFFE
05FB0003FE04FEFD
02FC00FFFD03FD00
0200FDFC05FEFFFE
FE01FEFD0500FF00
01FE01FCFD0602FE
FFFDFF02FE02FEFE
02FEFC00FFFD04FF
FD0102FDFDFDFCFE
FEFFFC02FC000000
0100FE01FEFE0202
FC03FD0307FF01FF
FA02FCFB07FB02FC
FFFF02FF0001FD00
FFFF0203FDFFFCFF
FBFF0202030200FC
0102FEFE0101FEFE
00FDFE0203FC03FE
020203FE03FEFC00
FB05030003FFFDFF
0001FD00000503FE
0105FB0104FEFE02
FDFEFCFCFEFE01FD
0000FC00FD01FC01
FD03FDFFFF0300FC
FEFF000003FEFEFE
FC03010003020301
FC02FDFF06FEFDFF
FE030002FEFD0001
0303040103030203
0200030202FDFB04
FF0103FD06000302
020303FF0000FD02
0301FC0300FDFF02
FD01FF0201FFFD04
0104FFFC03FD02FD
000002FE0502FF01
02FE02FFFFFC0002
FFFDFCFDFF0101FC
FDFE00030203FC00
FB07FD0206FB00FE
FF01FD0200FEFD02
FE02FDFDFD0200FF
FC0101FCFD010101
FEFEFC00FEFDFBFE
030500FF02040001
02FEFDFD02FE0301
00FF0103FE0300FF
FD03FEFF05FE01FD
0202FFFFFFFC0200
FB03FE0103FC00FD
FE0001FC03FFFFFF
FD0102FD040303FD
02000201020103FD
0501FEFF0001FF00
0302FC0303FEFBFD
000201FF00FF0003
FD0401FD02FE0200
04FCFEFD01FEFFFC
0100FBFEFC01FD02
06FD02FFFD03FF03
0202FD00000103FD
0302FEFCFC05FCFE
05FCFFFF00040204
0100FD010106FEFD
FF01FCFFFD01FD04
FFFDFFFEFF01FBFF
05FAFD000002FEFF
050202FCFF060002
02FEFC03FCFFFCFF
FEFEFF03030400FE
040104FD020301FC
02FE02FD01FD02FE
03FD020000FE0501
0300FDFCFD0003FB
FE0203FFFD00FF01
06FF010301040204
0000FD020201FFFE
FB01FEFDFEFFFEFC
03FE0003FC04FB02
06FBFD01FC0700FF
00FD02FE0001FEFD
FC0303FF030100FE
05F8FD01FA04FC03
08FB00FEF904FDFE
00FFFD00FFFDFC01
02FFFD0303020001
02030001020201FF
020003FDFFFF0002
FFFD01FDFD02FFFF
0301FEFD0303FE04
FDFFFFFC0003FD02
FE04FFFE03FEFCFF
FD03FFFE0203FC03
0301FCFFFDFF01FD
0202FF0001FE0104
0102000202000104
FE0400FDFFFDFEFD
FF050000FFFF02FE
FB04FD0007FDFD02
0300FF020102FCFD
FD020102FEFF0204
0201FD02020000FF
0208FFFE06FFFEFF
0400FC00FF00FD00
FE0103FB01FB00FE
03010404010002FD
FF010003FD010200
03FEFEFCFEFE0401
FF010205FEFF0100
FF03FF04FC020000
FFFD0300FF00FD00
0002FEFF0102FDFC
00010001FEFF00FE
FCFC0101010300FE
01FF000201030001
FF00FFFE00010200
FFFFFCFCFEFFFDFF
0400FC00FF0501FF
FE04FF01FEFDFCFF
0200FBFD02FF0001
060201FD0003FDFF
FD0203010404FE01
FA04FFFE06FDFFFE
FF01010307FAFCFB
0002FFFE0201FFFF
0207FD01030300FD
0205FE0203FC03FE
02FDFC0001000303
0102FD03FF00FF03
000302FB03FFFCFD
0301020004FEFB04
FE06010304FAFEFC
FD06FD0300FEFC02
FB030004FF020202
0202FEFEFDFF0304
FE0301020300FCFE
0002FF02FEFF0402
020200FE0002FEFE
FF04FFFF01FF01FE
FD0102FF07FB0001
FEFCFFFF0102FE02
01FDFF0102FFFD01
FF02FFFD0301FB04
00FEFCFD0300FC02
0203030002FE0103
FE0002FE040103FC
FF01FEFC0305FFFE
00020003FF02FEFD
0100FCFEFDFCFE01
FDFE0102020100FF
0003FE0104FCFE00
030103FE0501FC00
FF0401020302FD00
030000FEFCFE0400
FD020203FF040001
020102FF00000303
FFFC00FD0105FC04
0501FD04FE00FCFD
040302FEFB03FBFD
03FF000303FF0100
FEFF01FE01FFFDFD
02FB00FF02020102
0300FC030007FE00
03FAFD020100FCFD
03010001FE03FD01
FDFEFE03FDFE0002
0100010200FD02FD
020002FD01FDFDFD
FDFD02FC03FFFE00
0102FE0201000302
FC01010102FDFCFC
0102FCFD01FF0300
FD03FCFE0305FFFE
050301020100FF04
FF05FDFF01FFFC02
0204FCFC04FEFD02
01FD01FE01FD0100
0204010004FC0301
FD0002FB06FFFCFD
0000FD0304FDFCFF
02FFFE0202040000
02FF000002010301
FD04030203020103
FF02FF03030001FE
02030201FE00FF02
04FE0200010100FF
05FFFDFC0106FD01
0302FF02FF00FDFD
04FFFCFDFD010203
010002FFFD00FDFB
0503FC02FE0102FD
FE02FFFC040100FF
0004FC02FF02FD02
050303FCFE03FC03
04FDFDFE00030202
0102FB0204010301
0203FFFD01000104
00FC00FFFE03FC02
040401FD02020302
FEFE020102FCFC03
FEFD02FC0000FF01
01FC03FE02050202
00FB00FE0200FD01
04FE02FEFB06FC01
FEFB02FDFD030003
000002000000FCFD
FDFE04FE030002FD
040002FF0202FF02
01FFFC04010400FF
FFFE02FEFD01FDFE
FD01020103FCFC03
FEFBFD00FD000103
0102030001FF0203
03FEFF00FEFDFEFF
FFFFFEFF03FE0100
FE04FCFF00FFFC00
03FD02FEFD04FE02
02FF0200FF0103FD
FB0702FD02FBFFFB
02FEFE020202FD00
FE0503FDFE01FD00
02FFFD02FEFBFCFB
FC0301FF04FD0101
0301FDFD00FE0303
010302FC03010401
FF0301FF0500FD04
0203FF01FF01FFFE
00FF03FF03FF0001
FF00FC0200FFFFFC
030203030301FCFF
FE0602FE01FEFCFF
FE0601FE04FAFCFF
0105FD0102030201
01040403020000FE
FE04FD0202FBFE02
FF00FEFB0104FF03
FF00FFFCFF05FFFD
0201FDFC03FE05FF
00FF03FC03FEFDFD
FC03020007FB01FB
02040200010001FD
FD03010100FDFF02
FE04FEFE04FEFF00
FD0303FC07FBFD00
00010201FF02FD02
00020102040301FE
FF00FD0202FF0302
FBFFFFFE0201FEFF
0403FE00FBFDFB01
03FD000102FEFE04
FEFEFE03FCFEFCFE
00FDFFFDFD030302
FEFE0003FFFEFE00
00FE000300020201
03FA01FCFCFFFCFC
01F90001FC020304
0202FD0301060302
03FD0000010001FB
03FDFD0100040000
FE03FE0200000202
04FD03FEFCFF00FC
000000FD0300FE01
FF0004FD0000FFFD
0401FCFCFD000202
03FCFC0104FF02FC
00000201FDFFFD02
01010000FE04FC00
01FBFCFC01060004
03010002FB04FD01
00030200020402FE
00FD0301FC04FDFF
0104FEFE01000200
0302FFFC0003FC03
04010202FD00FC04
FFFEFF0100FF0003
01040101020303FD
05FB0202FB01FF02
01000101FC020301
00FE02010102FDFA
FDFE00FD0103FF03
04FBFEFFFB0504FD
FE00FD00FFFB01FD
FD08FE03030002FD
0002FCFC05FC0000
050200FF03FDFF01
FC01FF0006FDFF02
010400FF03FEFB00
FD0100FBFFFE01FC
0003FE0100000100
FE0002FC0101FEFF
010400000401FE02
FC08FF0307FB02FF
000201FE0103FEFF
02020200030301FF
00FE0202FFFEFE01
FC0103FC05FAFE01
0400FD0301FE00FF
FD04030304FCFCFC
0001FE03FDFD0001
FC01FD01030202FC
03FF01FC0201FF01
FB03FF01FF01FEFC
00030002FF00FDFC
030200FD0305FFFE
0105FEFC04FFFBFF
010504FB03FC0202
FD04FD0105FE0103
040101FD03FEFD03
000603FB03FFFEFD
FE0203010102FB03
000304000501FF02
FF05FF03FFFFFC00
FC06FEFD00FE0100
0001FE03FF05FE02
00FF0301FE0105FF
05FE0001FFFF0304
03FDFD02020103FC
0402FCFFFC050401
050003FD0105FDFE
010501FEFEFFFD00
07FA0201FC04FFFD
FFFC0401FE01FC02
FC01FDFF0302FDFE
FB03030102FFFDFC
05FAFCFBFD05FF00
01010202FE0103FD
00FEFD020103FEFF
FFFFFE0001FFFD03
06FCFE01FB0203FC
FB01FDFD0202FC01
FC03FF0102FEFFFF
0107FD010001FFFC
FC01FF0006FBFFFE
FB00FDFF02FA0100
FC02FC0000FEFF01
FF05000205030100
0301FBFDFF0201FC
FD05FDFEFEFF00FC
02FD0003FE040102
FF03FCFF02FF0300
FF04FFFF03FC01FA
FD0201FBFFFF02FD
FE03030202FFFE00
FB05FE01FFFEFFFD
FD000203FFFE0205
0000FD03FEFD01FE
FE01FC02FFFF0202
FD01FD0204FD03FD
01FF010402FCFC03
FB0101FD0401FC00
00FF010100FE0000
00FF02030402FB02
03040102FFFC01FE
FC03FFFB02FBFC01
FD06FDFC05FDFC01
FF02FE0300020200
0001FBFC05FDFD03
FF0503FEFEFDFEFA
FE05FFFF01FFFEFD
FE03FDFE0302FF02
FDFD02FDFF03FEFF
06FCFF03FC02FE03
09FB0102FB020002
05FDFF00FD0301FD
0401FCFF0200FE00
06FC03FC01020102
FFFFFE01FBFE0303
0601FEFDF9050401
03FFFD00FD040000
0302FEFFFE04FD00
01FF01FD030501FD
03FEFD02FF05FCFE
03FF0202FA01FF01
FF00FE02FD010304
01FDFDFC04FDFBFD
03FEFDFE0002FDFB
00FD01FF0104FF02
05FE0204000501FF
04FCFFFF04FDFF02
01FEFD01FE000003
00F901FCFFFFFDFE
00FEFDFE0203FE03
0501FDFC00FEFD01
03030102FB05FFFD
03010301FEFE0002
01FFFDFEFD03FF01
040001FCFD0503FF
0000020102010100
00FF00FEFFFF00FF
04FEFDFEFC01FF02
0104FFFBFE04FD00
03FCFDFEFDFE0200
0302FFFE00FEFD03
010203FDFEFFFF03
FA0401FC06FEFFFB
F903010101FC0302
02FEFCFCFE02FFFD
FF0102000302FDFE
FC0201020400FDFB
FE04FD0305000301
FE0302000204FDFD
FF030202FDFEFE00
030103FD00FE0003
04FF03000004FFFF
03FDFD0300FF0400
020400FC000001FD
020503FD04FA0103
0000FE00040201FF
0304FD02FF010204
01FCFEFF000600FF
0001FDFE0202FD03
01FE00FFFD03FE00
02FE0302FF000303
04FD0101FB05FF02
05FBFEFD02030300
03FDFD03FB020102
04FBFDFBFF030300
FDFEFF00FF0303FE
05FEFF03FA03FEFF
05FDFDFFFE000300
040103FDFD03FC03
01FD00FC00020300
FE01FEFC0200FD01
030202FD02FC0000
FEFFFEFEFF03FE03
010002040004FD03
05FC0303FF01FE03
04FEFFFD030201FF
0000FD00FD05FD02
FE01FD02FC0402FD
000303000104FFFC
00FF01010303FDFC
FFFF0203FD000301
FFFDFDFCFEFF0203
FF0301FEFD02FD02
FCFEFDFCFDFCFBFC
FFFCFBFFFF000000
0401FE00FBFFFF02
00FE00FB0104FFFC
FE06FFFCFDFFFCFE
03FB01FF00FF03FF
FFFA0003FD010101
0101FDFFFDFEFF00
FEFCFE00040300FD
02FEFC00FF04FF00
05000301000300FC
06FA01FCFB0803FF
06FA0302FB050003
020201FD00FCFE01
0201FCFCFDFDFEFF
06FB00FDFC0404FF
0400FFFFFC060100
FFFCFD0300FFFEFF
0002FDFEFE000203
0402010102030202
FCFEFFFB03000001
FEFFFE02FD0001FF
02FE0000FE00FCFF
06FCFCFCFB03FC03
FE010202FD030401
FD01FEFC01FDFD03
04FDFD0200050102
02FCFEFFFC010301
FDFDFE0204FFFF02
0202FB00010300FF
05FC0203FE010001
03FE00FEFD02FDFE
FCFE0100FF00FB01
030200FFFD0004FD
02FBFB020003FFFE
01FF04FE0302FEFD
FF0103020303FC00
04FE0303FB0301FD
0601FC0002060100
00010403FB06FC03
0603FC000100FEFE
02FBFE040002FD02
020000FCFF0600FD
01FFFEFCFD06FC00
0200FF00FF060105
01FCFF02000104FE
FEFFFC03FF0202FB
0400FFFFFB050200
01FE0003FA01FCFD
04FD0101FE000304
00FF01FF0001FFFE
0303FF0103FFFDFC
04FCFC01FC03FF00
01010203FEFFFD00
02FCFDFD02FF0203
04FA01FDFB00FE00
FFFB000201FEFE01
04FFFDFD0304FFFF
FEFF010200FE0304
FFFF02FEFF05FF03
0202FFFC03FE0100
FC02FF0301FF0104
00FC0102010102FD
FFFF030302020000
02FD02FE0101FDFE
0101FDFEFEFF0204
03FE0202020201FE
050201030000FF04
010200FD0100FE03
000003FDFC050105
0101FBFE00FEFC03
0004040005FEFD02
FA0200FF05FBFF00
02FF02FF00000004
FCFF0101FF02FDFC
0202FEFC03FFFFFC
020401FD01FBFD03
0006000102010103
FC0203FDFE01FEFF
000802FC07FE01FC
02000302FD0000FD
00FFFDFEFEFE00FD
FD03FDFE020200FA
FC04FBFF07FBFC03
02FEFFFC02FDFC04
03FEFEFDFDFEFC04
01FC0300000102FF
02FEFD0000FF0402
0301FE00FCFF0103
01FC0200FF060002
07FCFD02FA070303
0201FFFFFDFE01FF
0303FDFD020502FD
FF010103FC020400
00FBFCFDFC000204
FFFFFE00FE0302FE
FE01FEFDFEFDFC01
00FDFCFF0204FFFC
030101FCFD070404
0602FFFCFB02FE04
FFFFFFFC00040205
02FC00FE01030305
040100000103FD03
03FCFF0102FF01FE
FFFD01000002FBFC
01FD0102FD030100
020102000105FF03
FF02FFFEFFFEFF00
0101FD04FFFF00FE
040202FFFF00FEFF
FF02FD010004FB02
01050002FE020104
FFFD020000000200
03FC0001FDFFFB03
00FD01FDFB050303
010102FEFEFF0102
0300FD01020302FD
FD03FF03FE03FF01
00000201030503FF
02FA0002FCFF0102
06FE0103FC06FF02
0400FDFDFCFE0103
FFFCFDFDFF0201FE
0000FD02010301FF
050201FCFEFEFEFF
01FEFDFCFD050002
FEFCFCFCFC0402FE
0100FFFDFE00FD00
0400FDFEFC01FCFD
040200FDFC00FD00
03FCFCFC01FEFCFD
FFFE01FC0102FD04
03FF010304010200
00FEFCFC0303FEFE
04FFFC000002FFFD
FF020102FF010200
FC03FCFEFEFCFEFC
0002FFFE0202FE03
FD030001FE04FF02
00FD020002FE0003
0103FC01FD010103
0003FFFC05FC02FD
FD0503000401FF01
0201FDFE04FEFB00
01FF01000303FE02
FA0300FB05FEFEFE
FDFEFD020202FB02
FC0501000001FEFD
FD020102FFFEFDFD
FC030003FE0102FE
03FEFCFCFC0401FF
03FCFCFDFEFF0100
01FFFF02FC020504
02FEFDFD0304FEFD
000102FEFF02FDFD
0002FC0301000103
FF02FEFE0003FEFE
03FEFFFC02FF0000
0002FC0300FFFFFE
0005FDFF030202FC
010401FDFFFEFF00
0000FB020203FDFE
05FE02FC0001FC04
FD04FF000200FE03
05020200FC0300FF
FDFFFFFBFE05FFFD
FDFFFDFC0205FCFF
0100FD0100010001
FF02FEFEFC0403FC
02FEFEFD030000FD
02FDFCFCFD00FEFF
FBFF01FF0003FCFC
01010202030302FC
0202FFFFFE0302FF
0301FCFC0004FD01
0303FC030102FF00
0200010300FF0104
FC02FD01030000FD
02FEFEFF0203FFFF
0000FD0000FD00FE
01FD0102FD02FE02
01FC0103FB000204
02FE00040103FF03
04FFFDFDFC00FDFE
01FA00FFFD010301
04FC0202FC050101
01FB02FDFA03FDFE
030001FF01FDFFFD
010301FF03FD02FE
04FCFCFF00FFFE03
03FF01FBFB01FFFB
04020302FD02FFFC
FD03FDFD01FFFC03
04FEFD01FF05FDFF
0101FE03FC030202
FEFEFD020301FC02
00FE0200FE01FEFD
02FE0003FEFF0203
0302FF040203FEFE
02FD0203FE0200FE
FE02FDFD03000202
03FDFF01FD040300
0000FF03FC03FCFF
FF01FDFF03FE01FF
01FC0000FFFE03FE
04FD00FFFB00FC04
02FEFFFDFE0602FF
FEFFFEFEFF03FFFF
00FF0200FFFFFFFF
000103FDFD020202
0500FFFE01000000
FF02030001FD01FB
0404000300FD0101
03FFFF00FD020200
0400FE0304020304
FD0702020300FEFF
FC01FE0205FEFEFE
0000FC02FD01FE04
01FF02FE00FEFB04
FF05FEFE060002FF
F903FB0008FD00FB
FC06FD0201FBFF00
FB0100FF05010100
0401020103FDFD02
FC02FDFE0203FE00
0101FFFC00FE0003
000203FD0303FCFC
FF00FF000502FCFB
FB02FE0302FEFE00
0202000004FCFBFE
0103010103FE01FE
0003FF030001FC00
03FDFF010200FFFE
FD0101FE05FD0402
0203FC00FEFEFB03
FCFEFE03FFFEFDFE
FF01FE02030403FF
FE03000000FDFD04
FE00FFFE02FD00FE
0003FDFC00FE02FB
020002000202FE00
010302FCFFFC03FD
FD05FC0300FC0001
0103FDFE03FEFCFC
00FE0303FF000203
01FEFCFC02FF02FE
06FFFE04000501FE
FF0303030100FC05
FD00FD0000FDFC01
02FD010401FD0002
FFFCFE01000203FE
FD01FEFC03010102
04FFFDFB04FF02FB
00FD0102FF03FFFF
FEFEFCFBFE020300
FC01FD030304FF00
FEFD0100040001FD
01FF0104FF0002FD
02FF030201010104
FF030202FEFEFDFF
01FF000304FEFC00
FEFFFFFEFB010102
0102FCFF01FDFFFC
FDFFFC0003FEFFFF
FE07FB0005FCFD00
FEFEFEFC03FC0102
FF02FFFC040000FD
02010202020001FC
FE03FD0103FF03FE
FD0601FD02FCFDFF
010501FF02FFFEFF
FC02FDFD0800FDFB
FF010201FE0201FF
FEFF030100FF02FE
FDFD01FDFD000101
0100FCFF0601FB00
FE0001FCFF04FC04
01FF000001FE0200
00060201FE02FEFF
0105FFFD01FAFE03
FF02FF030001FCFF
0102FD0303040300
FD01FE01FF00FC02
FEFDFE0202040104
01FCFEFE02040300
010200FD03FE0102
0304FFFD01030102
FD01FDFF05FCFF03
FD00FF0304FCFB02
FD030200FFFD03FD
0002010200FEFD03
03010000FF03FD02
010401FC05FD00FE
FD03FF010102FD00
0203FEFD040301FE
0006FD0301FD0102
F807FE0205FAFFFD
03000401030203FD
0002FFFD0301FF00
03FD0203010200FF
FB01FD0203000000
010000FC05FFFEFD
FF0004FCFFFDFDFE
FA03010101FE01FE
FCFEFD0201FCFFFE
01FEFDFC00FD0200
0303FEFD01FDFB00
FE02FC0000FCFFFF
FE0004FFFB05FD00
FE0102030003FF01
04FD0302000403FE
03000301FC010404
02FF0101FB06FEFF
FFFFFC030302FEFC
FF0200FE01FFFBFE
FA05FF0002FE0201
FE02FD0101FD00FD
0600FC02FC060403
0403000200FEFF01
030002FE0102FE03
FE01FBFF00FCFD02
020002FD000401FC
03FC0302FC0003FF
0300FE02FF00FB02
03FFFFFD03020002
040104FDFC000202
FC0303FF02FFFE01
FA03030000F902FA
FB04000109FBFEFB
FEFEFD02FD04FD01
FB0003FFFF01FDFC
0105FDFE05FFFEFC
FDFE00FFFF0200FB
FD04FFFE00FB0002
03FD0003FEFFFBFD
FFFF01FF0002FEFF
01FDFD030301FCFD
01FE03FD0303FEFF
FC0302FC01FC02FC
010000FB02FD00FB
0002FCFD0201FD03
FC010003FEFCFD05
00FA01FE010502FF
FE010300020400FF
FD0200020402FDFC
04FCFEFFFD02FC02
06FC00FC0302FD04
04FF04FBFEFEFFFB
FE020200FC0500FE
FE010201000401FF
FEFDFD00010100FF
FD0302FF02FEFDFD
020302FE00FCFE00
02FF010101030103
07FFFD01010001FF
FE03FC00FF02FD03
0000FEFFFF02FD03
010202FCFB01FE01
0002FF0004030002
03FFFFFE0103FD01
02000100FC0501FE
0000FC0201FDFFFC
FD02030100FCFE03
01FE02FD01040102
FD00FBFB04FBFD00
FFFFFCFE0201FF00
FC0500FEFFFCFFFD
FF0302FF0204FFFE
FC0500FC0200FF02
FF0000FF02FE0101
0303FE01FCFF01FC
FC04FEFCFF000100
FD03020101FD0104
FFFE02030402FDFF
01FD0002FF020402
02FEFFFCFA03FE04
0300FEFDFB020103
03FF02FEFA03FD03
000001000203FD01
0001FCFFFA030305
FD02FFFC0003FBFD
0502FD00FA040102
03FBFEFDFB060305
FDFFFDFE02020203
00FE00FD00010202
06FD0000FE0302FC
05FA00FDFD05FE01
010202000100FF03
030101FD0004FFFE
03FBFFFCFC030104
FD05FD00FEFFFC01
00FF01FC02FE04FC
000301FBFDFF0401
0202FEFC00000102
FF0000FFFCFDFE02
0101FEFC02FDFD04
05FDFF000200FC04
0100FFFEFC020301
FEFF00FE040303FF
FA01FD0206FD00FB
FA00FC02FFFDFFFF
FD04FFFF04FD02FE
04FDFD01FFFC00FF
0001FD03FC00FEFE
0302FDFFFE040203
FE0302FB040301FD
FEFEFDFD010301FE
03FEFD00FE04FFFE
04FCFFFD02000302
02FCFFFC00000201
00FEFE01FF00FE00
0301FCFEFC03FCFE
FC0102FCFDFF0200
FB01FD030201FE01
0500FD02FF00FE01
FF00020106FCFDFF
0202FF00FE050101
02FCFD000105FE01
02FD01FEFC020201
FEFF000002000200
FE0001FF00FE0200
03FFFDFCFEFE00FD
FCFDFDFD020400FC
0204FE0201FFFF01
01FFFF0202FC0101
00030102FFFEFDFD
00FDFE01FD03FCFF
FF0303FE0003FDFE
05000303FF05FD01
02FEFDFEFC060200
03FC02000302FF01
00FE01FBFF0100FE
0601FF010103FF03
FEFC00FE03FD0002
010100FFFE0102FF
00FC0403FF03FFFC
01FD0001FC0203FF
FFFFFD01000504FD
FFFFFFD6FFFFFFFF
0000001F0000002A
FFFFFFEDFFFFFFF8
00000002FFFFFFF5
0000000000000003
0000000000000007
000000000000000B
0000000000000008
00000000000000FD
00000000000000FC
0000000000000005
00000000000000F3
00000000000000FD
0000000000000005
000000000000000F
0000000000000000
00000000000000F6
0000000000000009
00000000000000F6
00000000000000F4
000000000000000C
0000000000000007
00000000000000FB
00000000000000F4
00000000000000F4
0000000000000012
00000000000000FC
00000000000000F5
00000000000000FF
0000000000000004
0000000000000004
00000000000000F3
00000000000000F7
00000000000000F7
00000000000000F1
00000000000000F7
0000000000000010
0000000000000002
00000000000000F2
0000000000000003
00000000000000F6
000000000000000D
0000000000000006
00000000000000F4
000000000000000C
00000000000000F7
00000000000000F8
000000000000000A
0000000000000000
0000000000000004
0000000000000009
000000000000000C
000000000000000B
0000000000000007
000000000000000E
000000000000000D
00000000000000F2
00000000000000FA
00000000000000F1
0000000000000000
0000000000000000
00000000000000F7
00000000000000F1
0000000000000007
00000000000000FD
00000000000000F9
0000000000000012
00000000000000F5
00000000FFFFFFD6
